forecast_origin,horizon,Output growth rate,Consumption growth rate,Investment growth rate,log Hours worked,Inflation,Wage growth rate,Federal funds rate
40,1,-0.556229107277644,-0.230645150957776,-0.915867945109377,2.35594597847856,0.733423917888597,-0.114005771709294,0.777541576973991
40,2,-0.477156662482863,-0.235156247596973,-0.608287244348318,2.05799880278671,0.728473222690299,-0.21433952205844,0.807154483389258
40,3,-0.402800739632472,-0.206187677102951,-0.418794627636325,1.80956690378303,0.698598582722453,-0.264121429440408,0.834986238665971
40,4,-0.332921353316321,-0.159523414855237,-0.302984133585567,1.60143383606589,0.658982277532616,-0.278285343441977,0.859564928409437
40,5,-0.266627574313858,-0.104166043268981,-0.231297188811681,1.42720221538088,0.617668995184527,-0.268112461362428,0.880535847348942
40,6,-0.203563241225186,-0.0458216244222204,-0.184959098812985,1.28231445070595,0.579060769019623,-0.241970000254267,0.898066444545198
40,7,-0.143926932239686,0.0116943088550213,-0.15256320145521,1.16321328105869,0.545444812136719,-0.206012583340001,0.91255351705028
40,8,-0.0882087298703926,0.0658385124904894,-0.127510227810368,1.0668053100381,0.517789365838158,-0.164726307582862,0.924473520210768
40,9,-0.0369392624753674,0.115013850106259,-0.106204680864446,0.990186765308302,0.49622711851981,-0.121331568071288,0.934304428512441
40,10,0.00947442916892732,0.158351893705379,-0.0868391018998605,0.930546850454258,0.480378255035969,-0.0780822707108837,0.942485576938047
40,11,0.0508276980712559,0.195540756174025,-0.0686062462607661,0.885172378194549,0.469575157965786,-0.0364929017770189,0.949398838867831
40,12,0.0871341754719039,0.22667863716768,-0.0512100003737138,0.851498232945949,0.463018979478603,0.00248486554095056,0.955362288767545
40,13,0.118602447673245,0.252148456433517,-0.0345778107626581,0.827168219793373,0.459886040665291,0.0383221115139533,0.960631258432294
40,14,0.145592606850309,0.27251301154748,-0.0187043322441959,0.810086392511556,0.45939654823302,0.0708004041909007,0.965403639375577
40,15,0.168566183278732,0.2884304283362,-0.0035769665388144,0.798449799818614,0.460855149701752,0.0999217198256998,0.96982738353162
40,16,0.1880381013111,0.300588959206528,0.0108503733609568,0.790760553253189,0.463670881835056,0.125836741686943,0.974008840510995
41,1,-0.209094625272513,-0.0585070571718845,0.190021478959332,2.17328272482719,0.511304016260501,-0.0980920519465558,0.847570814976355
41,2,-0.393548609490536,-0.283049804796521,0.054716995324469,1.919452896177,0.457580668228223,-0.201742078613995,0.875138907977919
41,3,-0.402109600052998,-0.304101630918318,0.0340406542543334,1.6601515640205,0.412607180919334,-0.240085151543909,0.895150595849161
41,4,-0.344889823745062,-0.247512546524247,0.0491898461456824,1.4356654356626,0.374829521783103,-0.241530842579093,0.909991315366814
41,5,-0.268298136761254,-0.166772679438946,0.0699860701235575,1.25620766147379,0.345406957219009,-0.222163079949974,0.92123331934168
41,6,-0.19174158555965,-0.084484156863537,0.0857534289411075,1.11999110279867,0.324835156942804,-0.191790641426137,0.930000273661012
41,7,-0.12298760693687,-0.00985222964207561,0.0935312865296852,1.02084730072715,0.31261219407089,-0.156603049414043,0.937123371727576
41,8,-0.064657349966094,0.0538625406173175,0.0933577675586105,0.951464425176537,0.307567138447745,-0.120495852964559,0.943217372204955
41,9,-0.0170272489243958,0.106106839858284,0.0863976289186662,0.904769488108747,0.308225148783706,-0.0858277486552524,0.948725965986687
41,10,0.0207133132617724,0.147578041993746,0.0741927671720688,0.874504523730883,0.313075556492252,-0.0539057153391739,0.953955294766028
41,11,0.0498595964826181,0.179531898825213,0.0583472371057704,0.855436046545743,0.320738114934855,-0.0253209938318029,0.959102312569615
41,12,0.071877835537435,0.20342960163746,0.0403800589561252,0.843386292803682,0.330050025402202,-0.000191548516466078,0.964279932090877
41,13,0.0882289375440771,0.220745582128308,0.021647006904584,0.835172147737894,0.340097575222747,0.0216606568404948,0.96953919554846
41,14,0.100265839272763,0.232859325690356,0.00329676617487518,0.82849532253805,0.350211820026566,0.0405809720418366,0.974888263408918
41,15,0.109176003873221,0.240996388236605,-0.0137503996980285,0.82180905387309,0.359942948162014,0.0569907990853062,0.980308052572271
41,16,0.115954463171197,0.246201042108271,-0.0288063780655248,0.814177706975812,0.369023894266171,0.0713253967749343,0.985764542021802
42,1,0.521331370509103,0.635906764869473,-0.160991585616297,0.828602382493183,0.316756727716205,0.310038713147799,0.842337604304269
42,2,0.702963013886812,0.648335355157675,0.658257260432573,1.26496633581557,0.530370838827229,0.269964032428263,0.88652999905516
42,3,0.663229020940657,0.515044679531621,0.995114862335405,1.66777313982467,0.675699313798364,0.213442315472558,0.939899046146905
42,4,0.536846152033811,0.352243570363534,1.05622519735252,1.97765024983777,0.767141908741742,0.151950103281287,0.997953081559983
42,5,0.387683453250061,0.205295648302544,0.966111831588771,2.17936299863178,0.815824093008463,0.0927877950178345,1.057233661681
42,6,0.246626444411744,0.0899289033731329,0.802341675946006,2.27871396292657,0.831458389743097,0.0408287067634554,1.11511929998627
42,7,0.128079759278305,0.00925355231771496,0.613385630956266,2.29109008806583,0.822677249842916,-0.00085719589789196,1.16971357119526
42,8,0.0376055645228458,-0.039048698589826,0.428664460545582,2.23540980387424,0.796998862428071,-0.0306777663734569,1.21974992112025
42,9,-0.0242176722923709,-0.0595579473053586,0.264789774708538,2.13078623153497,0.760761074549047,-0.0482455785514626,1.26449519820453
42,10,-0.0596353853558048,-0.0576286715210584,0.129751576199632,1.99469152893623,0.719107469421293,-0.0541046162207863,1.30365102086942
42,11,-0.072392414345969,-0.0386357919803163,0.0258624449890425,1.84202339378694,0.676034558834588,-0.0494616503957009,1.33725704527948
42,12,-0.0668728676443839,-0.00756952344110656,-0.0481316570957204,1.68474287699729,0.634487919217679,-0.0359386218268383,1.36560067258619
42,13,-0.047533063408877,0.0311821633517147,-0.0955401256875662,1.53187821166005,0.596490742921253,-0.0153594236032526,1.38913669498638
42,14,-0.0185378878691292,0.0739363874981009,-0.120664726839681,1.38975553175109,0.563289257080102,0.0104216356384653,1.40841899003533
42,15,0.0164545905376677,0.117741646611201,-0.128076422255903,1.26235771646001,0.535502132957827,0.039648024992869,1.42404508396793
42,16,0.0543994592606671,0.160351547953048,-0.122148952451154,1.15174063666142,0.513264090266111,0.0707483050928997,1.43661337491596
43,1,-0.327188853628983,0.65006080662499,-3.03896843718489,-1.48477421594492,1.22818225227095,0.0116143281166777,0.383087440244097
43,2,0.700900087553058,1.11298679927406,-0.365612161976948,-0.910457938139675,1.3153221780641,0.136812459106442,0.413263271414278
43,3,0.927239565602745,0.990731019302467,0.833921233980677,-0.204275347776514,1.35967958927356,0.169170445085007,0.490015978274282
43,4,0.847302287742354,0.717088354739516,1.28450340438324,0.424189724489101,1.3628383614387,0.160141042427704,0.582672863441066
43,5,0.664942793972905,0.443565432204097,1.3509510953401,0.907173260990226,1.33016740861392,0.133419133842215,0.676473521659816
43,6,0.466799559067944,0.217861348724,1.22966690683447,1.23661016446763,1.26943017111704,0.1015822207139,0.764149211035306
43,7,0.289775737999269,0.0498394040903718,1.03056789974752,1.42935286073493,1.18912582712743,0.0719092097523801,0.842226123835902
43,8,0.148157753266777,-0.064083259338256,0.815219476068403,1.51147525297371,1.09735852547593,0.0485710451571518,0.909316132506274
43,9,0.0452298048491556,-0.131878151026467,0.616504189628147,1.51075775925393,1.00119090060881,0.03363137601521,0.965257471892034
43,10,-0.0212751643343255,-0.162494182992406,0.449832629475911,1.45299443574859,0.906338675037837,0.0276554212190764,1.01063167823247
43,11,-0.056334679908901,-0.164536574648263,0.320042793967866,1.36026733599109,0.817092028741461,0.0301702538345385,1.04645943037729
43,12,-0.0660188074454807,-0.145738991594845,0.22584077742403,1.25031874989677,0.736382969682532,0.040040729243049,1.07399253267554
43,13,-0.0565241086232739,-0.112758144055837,0.162701954914421,1.13656152436466,0.66594097399465,0.0557739583809775,1.09456624192785
43,14,-0.0336008288255211,-0.0711180804493308,0.124746615305178,1.02845468791707,0.606494750593134,0.0757550310978333,1.10949497120498
43,15,-0.00223828668766174,-0.025236662860616,0.105910687450949,0.932069223821774,0.557989504351904,0.0984179897576688,1.12000173081938
43,16,0.0334739241280493,0.0214970348759092,0.100628390072471,0.850727687120107,0.519798225629921,0.122359181170796,1.12717446767967
44,1,1.14083709058159,1.58763003631049,0.270320354370378,-1.05205479197256,0.964841334415868,0.449923464478946,0.215568304030564
44,2,1.4376976737686,1.52756597578329,1.55975388584615,-0.0527021840206316,1.28082948574219,0.470181444637064,0.282654550381549
44,3,1.26500502187421,1.13645200822923,1.94909438884865,0.810523634268874,1.4300030680868,0.414664091581155,0.381339063201496
44,4,0.958541402195318,0.718688810777284,1.90651963541367,1.44854753976001,1.47733610784735,0.336503328059079,0.486451789837159
44,5,0.647694425148916,0.368902632555056,1.66857368846483,1.8607500698975,1.45638194078552,0.257846236207103,0.586091081818972
44,6,0.381234881856446,0.107826077539497,1.36161302581147,2.07937288010981,1.38972889789086,0.188892436525284,0.674755130356465
44,7,0.174446055930616,-0.0693246383405525,1.05375255260455,2.14650226246891,1.29468110602031,0.134304133996501,0.750288539030013
44,8,0.0278146323433373,-0.175429975283424,0.779758982698654,2.10401623370599,1.18484104125565,0.0956469497089258,0.812399444573193
44,9,-0.0648790601772538,-0.225068260126568,0.554527120708097,1.9891359694865,1.07066020769252,0.0725601321115726,0.861858803234033
44,10,-0.112661535749073,-0.232103993337912,0.381139269068749,1.83265514286387,0.959797978664549,0.0634804277161224,0.900021584509364
44,11,-0.12529713397437,-0.208774170137107,0.255983830791185,1.65856586598149,0.857487396085734,0.0661637677147945,0.928518659494525
44,12,-0.112134533911117,-0.165381339735429,0.172076927688736,1.48444350853063,0.7669296115661,0.0780764347613494,0.949051985418642
44,13,-0.0814776638936189,-0.11026247913597,0.12119596635107,1.32222993604818,0.689696280691687,0.096680745800996,0.963259713150141
44,14,-0.0402866909968063,-0.049899346646549,0.0951967688834588,1.1791926172182,0.626115061480397,0.119630449048784,0.972631972288141
44,15,0.0059051691900916,0.0108939017081264,0.0867648804544143,1.0589174044015,0.575619117536559,0.144890392332111,0.978464304835076
44,16,0.0529355860570899,0.0687432741794396,0.0897798964115711,0.96224573324214,0.537048863990923,0.170795523822195,0.981838841415889
45,1,0.980637246366493,1.03456462201251,1.57223036235236,-0.58333410411511,0.71429226548651,0.412274656326852,0.415999280567965
45,2,0.98852690268397,0.91370506128724,1.89948543606355,0.138566316243663,0.834980840900498,0.374891751891184,0.496882742532366
45,3,0.835206051828818,0.699111124343712,1.85571363024557,0.733785526581967,0.931106924793527,0.331406115367788,0.5752033394374
45,4,0.637585793635407,0.486954541864157,1.63792312452352,1.1742508936889,0.985105027545651,0.284171801824323,0.649421221809203
45,5,0.446206981299086,0.309374932902327,1.35320873213756,1.46671479176583,0.999818945837799,0.238132959117544,0.71753301601493
45,6,0.282636931287355,0.174335066478058,1.06114414342332,1.63226716096685,0.983641780427172,0.197471192121345,0.778021198662292
45,7,0.154646621122667,0.0804506217146652,0.793865843733053,1.69677455094219,0.945683667118633,0.164892680321119,0.83008049466953
45,8,0.0629337046898097,0.0227151667313235,0.566805337820065,1.68610507888904,0.894156396354946,0.141688618539937,0.87356700395197
45,9,0.00447301846354387,-0.00512959169872207,0.385082831669669,1.62369975624839,0.835857467126521,0.128013962263951,0.90885377525512
45,10,-0.025604789841201,-0.0095079160117244,0.247610607176258,1.52943153003648,0.776072589582635,0.123206331566109,0.936669937223367
45,11,-0.0328703453733565,0.0035392810324999,0.149823430318278,1.4192286139967,0.718659425115635,0.126081420322588,0.957955036039551
45,12,-0.0228802844727523,0.0286437528184332,0.0855034080257754,1.3051630993832,0.666216265612233,0.13518094749204,0.973740045068547
45,13,-0.000741722659152177,0.0612496409240595,0.0479737677958483,1.1958133902061,0.620287665259272,0.148965985120098,0.985057288221894
45,14,0.0291285562895024,0.0976556886770709,0.0308431017223532,1.09677013177614,0.581578707783401,0.165956937467342,0.992877290966922
45,15,0.0631075259772502,0.134990955499054,0.0284298014382141,1.01119573320229,0.550159951527317,0.18482591752305,0.998068749084185
45,16,0.0983745320110376,0.171146331527837,0.035963103126891,0.940376942692369,0.525651921793307,0.204449405432757,1.00137720231414
46,1,1.40986305741152,0.719998599279831,4.26238068907949,0.616466770106871,0.665334694325815,0.475870318809926,0.681196866333964
46,2,1.11807486144427,0.704545583146496,3.17208583398086,1.35749277304,0.795536361739094,0.442047450787473,0.789410944755834
46,3,0.783266491987044,0.574611310152751,2.22059432462441,1.85573016483075,0.871393601049706,0.377220887042606,0.879332571120442
46,4,0.48255476087338,0.42513775971381,1.4465658215055,2.14000804727848,0.897198571837798,0.303537930337146,0.955778666779097
46,5,0.240980960567334,0.292995200270963,0.845465859302301,2.25372064053336,0.883972123760437,0.234120713348588,1.02030393385519
46,6,0.0623041308178917,0.190756657387547,0.397604047451743,2.24103935311272,0.843636276166462,0.176111453700187,1.07357796708228
46,7,-0.0585403061491364,0.120394851242743,0.0789466084765272,2.14152864237852,0.786903105578347,0.132675728669339,1.11627131668414
46,8,-0.130111881119669,0.0791535795613951,-0.134574522954179,1.98825452090132,0.72255287204359,0.10437358200528,1.14930396543385
46,9,-0.161999006968348,0.0622738219071077,-0.265260420262124,1.80744017776357,0.657292672615639,0.0901339479826898,1.17383814547739
46,10,-0.163581694918759,0.0643760321702871,-0.332872169770041,1.61885223114538,0.595882511109506,0.0879582660761718,1.19118492735343
46,11,-0.143383693333799,0.0802077165293062,-0.354334402004353,1.43653919221206,0.541387339200119,0.0954243973334419,1.20269759048842
46,12,-0.108748660652714,0.105050676990099,-0.343698812249584,1.2697227644785,0.495480202712835,0.110036613281986,1.20968084610331
46,13,-0.0657161371334502,0.134923452800358,-0.312269461254667,1.12372425689415,0.458752455107808,0.129455477279457,1.21332500800067
46,14,-0.0190279845636567,0.16665167969794,-0.268833222847501,1.00085242419188,0.431004396530338,0.151634987077698,1.2146653059335
46,15,0.0277805301890044,0.197852102276889,-0.219954759653263,0.901207217782029,0.411501051346908,0.174889967451526,1.21456283162497
46,16,0.0722385718548865,0.226862368018986,-0.170303795339022,0.82337403952841,0.399185720106827,0.19791305911054,1.21370237730484
47,1,1.41828696616096,0.989390168568204,3.46371456098391,1.15167876207357,0.434524522384459,0.449697975701699,0.714137697874741
47,2,0.794326376497878,0.574227832601785,2.17503662829428,1.63398137682915,0.56552415447794,0.319523590432029,0.773039281963103
47,3,0.428176693632636,0.366602365417,1.3115733869994,1.86269966188677,0.637816918241903,0.222473769790128,0.825025434703627
47,4,0.198297778031317,0.25169384273243,0.712713681488383,1.93144335266319,0.666606161342688,0.14941002138809,0.871182841131349
47,5,0.0515672288001182,0.184625345498656,0.295562508554933,1.89668659372127,0.665297445779531,0.0965724698757788,0.911270695051767
47,6,-0.0380570580552864,0.147042582063113,0.0111272858073832,1.79665941934844,0.644759359095508,0.0615439047413101,0.944977349530176
47,7,-0.0857892210335444,0.130278782454492,-0.173681301575177,1.65901556568621,0.61342486571805,0.0420174663778258,0.972302336452336
47,8,-0.10225808722879,0.129066676262726,-0.283511033436523,1.50414400801403,0.57757785816123,0.0355457592077578,0.993596065916513
47,9,-0.0958118520048972,0.13935694843624,-0.337733423588338,1.34683880959058,0.541675498296721,0.0396049199276261,1.00948017542405
47,10,-0.0733215912953982,0.157673107980986,-0.351870498955695,1.19737093594232,0.508669675643651,0.0517306769785014,1.02074069918326
47,11,-0.0404508704257332,0.18099239812948,-0.338331516381364,1.06234043235157,0.480312851477328,0.0696418397411031,1.02823027192407
47,12,-0.00176485729373688,0.206768713031744,-0.306885335323987,0.945429198154696,0.457438247614826,0.0913266527777738,1.03279150223164
47,13,0.0391864066987195,0.232962674699976,-0.265035869003938,0.848080336660049,0.440207190518633,0.115090012248878,1.03520336577002
47,14,0.0797703109697163,0.258040929546254,-0.218360947729212,0.770100734988907,0.428319496017112,0.139567513910149,1.0361482596213
47,15,0.118154910763946,0.280942365308019,-0.170831353092274,0.710178827098629,0.421185746483323,0.163714465202925,1.03619587584355
47,16,0.153180245590508,0.301020213727796,-0.125110213767595,0.666313076739434,0.418062768050205,0.186777824679703,1.03579980941683
48,1,0.75489687908757,0.603577833486394,1.76414836894274,1.91806667534612,0.155271159772065,0.364327635068049,0.832066628607864
48,2,0.338408136003825,0.272372457462935,1.03720808042306,2.03059515438501,0.257146690095204,0.253042332995877,0.866497047868226
48,3,0.16558397164676,0.174591556931362,0.621278954615837,2.02158447998386,0.321044049484742,0.184220152020711,0.889832514163791
48,4,0.0947636333732758,0.162350730295494,0.363068740205953,1.95989368950933,0.358954791049389,0.141624636449739,0.908034225042867
48,5,0.0690131985983428,0.17924298071413,0.194470044629732,1.87536935326222,0.379530755839401,0.116815066774759,0.923268577872643
48,6,0.0650349932400222,0.204491911275278,0.082721056208118,1.78208640776758,0.388938847520922,0.104755009134157,0.936310448996199
48,7,0.0728023776607428,0.230851371071501,0.0101377562972259,1.6874802990118,0.391561137515144,0.102049779727034,0.947482787507353
48,8,0.0875166927093601,0.255997205713333,-0.0341678494171663,1.59591270726047,0.390478858885021,0.106206567100527,0.956999627348025
48,9,0.10647952431475,0.279269642695983,-0.0577072016387357,1.5100782783497,0.387808337247309,0.115303528313861,0.965072623919749
48,10,0.127904648104677,0.300504821795929,-0.0660622004529203,1.43159589626506,0.384945300997706,0.127827329335663,0.971929443671268
48,11,0.150479739226347,0.319658017292262,-0.0635330306890635,1.36130282882738,0.382750487432043,0.142582430693095,0.977803866885577
48,12,0.173206776362978,0.336709531413612,-0.0534626756950483,1.29944368295222,0.381694322665205,0.158632267467775,0.982920674721702
48,13,0.195338500520461,0.351659011375659,-0.0384301042066998,1.24581980002233,0.381970597624076,0.175255540732182,0.987483285031333
48,14,0.216343135013118,0.364538211676506,-0.0203884610553559,1.19991800181557,0.383585302937253,0.191910458707492,0.991666076893044
48,15,0.235874528452081,0.375420171008353,-0.000777630390079886,1.1610219620711,0.386425016165925,0.208203882381789,0.995611099881095
48,16,0.253741827405302,0.384420392051204,0.0193782680677338,1.12830551300583,0.390308356234848,0.223864118252463,0.999428170404664
49,1,0.23980562809961,0.228725171270375,0.369439461771211,1.13735427661219,0.259627850248643,0.110250127196518,0.93932145484901
49,2,0.0288340607804992,0.0012303305331382,0.174300906095047,1.0717561448132,0.286665110149946,0.0617919768487976,0.954087407011135
49,3,0.00663482172420088,-0.0119220055769116,0.130682330487081,0.982928285817134,0.309279341776837,0.0508212381171065,0.957761043820845
49,4,0.045321443009005,0.0439834954381385,0.132259167426334,0.911194134490352,0.327853064605761,0.0579659898027119,0.958094810514073
49,5,0.0965749832746194,0.113583885496033,0.141187691771807,0.86446349598575,0.343770145292056,0.0738583598316405,0.958081826232454
49,6,0.143643876281685,0.177416511309605,0.145947870228523,0.839674486603094,0.357976600655994,0.0936297429577677,0.958765146992391
49,7,0.182002070425826,0.230049563347644,0.144637393750806,0.831010888496791,0.370944592821058,0.114639755266842,0.96040208404911
49,8,0.211610085779905,0.271279850838533,0.138480677587877,0.832849668285607,0.382856393067542,0.135449428885672,0.962945963022665
49,9,0.233863716503241,0.302633427805198,0.12939939480178,0.840650256244011,0.393757010941403,0.155307884769952,0.966244672584256
49,10,0.250427694190565,0.326010769904948,0.11917189913694,0.851072522802453,0.403647240011305,0.173870295505899,0.970121881467633
49,11,0.262820627555245,0.343193303912826,0.1091967716275,0.861832253472962,0.412531880007111,0.19103108651129,0.974409666768782
49,12,0.272294391358449,0.355691197069086,0.100474079840096,0.871490255847671,0.420439937205347,0.206820669196244,0.97896091278955
49,13,0.279825033090061,0.364722489914085,0.0936564052579996,0.879246856781928,0.42742884671047,0.221340325737732,0.983653131965252
49,14,0.286142657524536,0.371239440776177,0.0891153168583669,0.884764892224753,0.433580429729412,0.234721417353141,0.988388508766411
49,15,0.291771970559561,0.375968777492973,0.0870048360939341,0.88802580828313,0.438993303749921,0.247100624361899,0.99309219224995
49,16,0.297072731407458,0.379452990608018,0.087316636889702,0.889216865196142,0.443774518890885,0.258605864747128,0.997709750832535
50,1,-0.229967041049527,0.0871886111618823,-0.885028957948961,0.355821714057812,0.466690861771232,-0.0632200747194819,1.05357195564615
50,2,-0.0322422367118917,0.158037459259821,-0.300534329586592,0.289865781601439,0.477620129440706,-0.0496593317047466,1.08753401586316
50,3,0.0742417804768813,0.190187092273363,0.0213863097144734,0.286441133275215,0.476266157717713,-0.0341646696737356,1.11052621539009
50,4,0.133419113398873,0.208102163249336,0.189524022912857,0.312276638170992,0.470564789361865,-0.0156825236546024,1.12781836028054
50,5,0.16739786757873,0.221221567561453,0.267554081084522,0.34987575756944,0.463347177892416,0.00484209374635053,1.14188261740489
50,6,0.187830642744974,0.232981757654331,0.293735479526987,0.390134397605665,0.455823232123784,0.0263412013178832,1.15388666936011
50,7,0.201080947306522,0.244471685915569,0.291353549819275,0.428544210974899,0.44861250349775,0.0480224408135432,1.16440250888667
50,8,0.210689728544662,0.255900819889011,0.274577905458232,0.463143282507056,0.442069651663614,0.0693732012172002,1.17373627520455
50,9,0.218621293103838,0.267179331440785,0.251912813849634,0.493364551881755,0.436401231720508,0.0900849907526658,1.18207828962363
50,10,0.225930778968097,0.278140910378267,0.228308055119508,0.519371174440576,0.431716824348991,0.109981957114779,1.18956908028802
50,11,0.233141702948114,0.288623842731659,0.206484985866516,0.541669284354005,0.428057080986207,0.128969765343301,1.19632685555801
50,12,0.240468977993185,0.298497167667312,0.187783088625065,0.560884931751894,0.425412239501481,0.147002926054624,1.20245777753772
50,13,0.247954422442414,0.307666285848249,0.172704236319864,0.577640516947916,0.423735902374278,0.16406526197669,1.20805895166113
50,14,0.255550032967138,0.316071281404986,0.161262294080499,0.592491997121023,0.422955984066356,0.180158777267995,1.21321865801687
50,15,0.263168804569337,0.323682886931427,0.153205737478681,0.605902858839404,0.422983662793936,0.195297519936965,1.21801582281049
50,16,0.270714872337137,0.330497837761206,0.148156946162015,0.618239656020916,0.423720729471273,0.209504212160298,1.2225195518291
51,1,0.536360908751135,0.304422596451577,1.79034200001503,0.290531673668931,0.648189581059925,0.396051998311803,0.996408413546435
51,2,0.449919758598698,0.38114746837918,1.22688882670108,0.47416000561208,0.725411713941104,0.3677305544213,1.01787782876202
51,3,0.338054672528185,0.376147997723624,0.780336814142262,0.577367130237839,0.74592374302865,0.327775792706692,1.04006509221041
51,4,0.242930197996314,0.349686898836135,0.45063581450758,0.612317942303791,0.738393587413389,0.291980279381527,1.05966667200213
51,5,0.175524715201797,0.324496345235944,0.220330102990278,0.597815660701692,0.715829963092972,0.26494312054027,1.07538480460221
51,6,0.135287083586762,0.307969177300611,0.0689721418340016,0.55195737706651,0.685619192088082,0.24729362765096,1.08693090517733
51,7,0.117795833436386,0.301237921248077,-0.0221470328869415,0.489722932646609,0.652555605450028,0.238181021684751,1.09454628658652
51,8,0.117757161691134,0.302990385938587,-0.0687661591026776,0.422495536663232,0.619860734557815,0.236217767644792,1.0987417196783
51,9,0.130163941531987,0.311119633890525,-0.0836178057779403,0.358318419736444,0.589627350064206,0.239882563006913,1.10014338539588
51,10,0.150713543730548,0.323450940872702,-0.0767531494983388,0.302405010663305,0.563092225429375,0.24771197812188,1.09939823457583
51,11,0.175918012317587,0.338056219354889,-0.0559395811790508,0.257704353935112,0.540846448780425,0.258395595208262,1.09711636048957
51,12,0.20308231727086,0.353373593859754,-0.02704103543231,0.225438936948686,0.523010382081198,0.270819603499108,1.0938380512929
51,13,0.230225300934033,0.368230352499823,0.00564156363939616,0.205580790168119,0.509379423077673,0.284079692437634,1.09001778611296
51,14,0.255977457183391,0.381817083912751,0.0390717495074884,0.197253609579942,0.499542492005667,0.297474877718699,1.08601983793613
51,15,0.279472729231632,0.393638306573688,0.071218004244845,0.199059352919864,0.492975101081887,0.310489752851781,1.08212159132623
51,16,0.300243761919858,0.403453972834889,0.100830119266634,0.209333414657991,0.489109521819297,0.322770371536575,1.0785216706777
52,1,-0.0166784238229536,0.515243057356042,-1.34059197576927,1.05151090541236,0.602053707063161,0.167299433533166,0.920176952512932
52,2,-0.0128705908678977,0.242884511470058,-0.57021070695675,0.965636405053422,0.681578947957708,0.112743386564222,0.939652419920967
52,3,0.0222071178363074,0.119656210513546,-0.0851628643084724,0.901771026688386,0.69812170134222,0.0778993362050807,0.967120468170953
52,4,0.0543537401563114,0.0655737322735898,0.193167928558865,0.855170879434437,0.688945256374186,0.0606987647111311,0.995802531508641
52,5,0.0776189321278072,0.0463873706245987,0.334876312253276,0.817892065038661,0.668242561124942,0.0563335324690707,1.02270866086365
52,6,0.0942419194786318,0.046546425620437,0.392406057521254,0.784307941164339,0.642482170710993,0.0607904050095343,1.04660055119145
52,7,0.107642208010027,0.0582693141304046,0.401734712081165,0.751686039307785,0.615167780781042,0.0711893551193841,1.06709435707691
52,8,0.120378465603662,0.0771316250523395,0.386133052014135,0.719404735961798,0.588411317012481,0.0855139105542865,1.08423911417158
52,9,0.133861733332844,0.10028000617681,0.359877039863164,0.688033516283734,0.563520971867439,0.102330360081329,1.09830384916941
52,10,0.14859457046601,0.125699790845666,0.331203458116429,0.658624670738018,0.541269284734425,0.120592454772944,1.10966183334193
52,11,0.164495862267945,0.151903419518186,0.304461471013457,0.632259558937338,0.522047114202072,0.139519518404523,1.11872357927171
52,12,0.18117364287254,0.177785601626915,0.281602730327528,0.609801909740145,0.505969635612067,0.158522558427806,1.1258966130807
52,13,0.198118443711751,0.202543832578566,0.26317774726559,0.591795768426598,0.492956891955287,0.177158796339429,1.13156138953572
52,14,0.214825642081561,0.225624385122316,0.248981390338616,0.578454506435612,0.482797355406175,0.195102130011638,1.13605770722642
52,15,0.230863874657863,0.246678633232084,0.238456534352673,0.569701009589606,0.475198251116379,0.212122195655231,1.13967826946411
52,16,0.245905895169276,0.265524430916203,0.230934942017237,0.565231647441196,0.469824779912716,0.22806798029585,1.14266716550771
53,1,-0.112263892583032,0.334238426484101,-1.00323367952622,0.682231014047695,0.669943294963099,0.261501371628307,0.698336580921107
53,2,0.3374256412958,0.543914836516798,0.177210667111253,0.810604514764178,0.797246388754016,0.260890056765118,0.723051127194476
53,3,0.439905231053489,0.491753189977867,0.706906795822757,1.00079217314668,0.853627873356773,0.237774353576362,0.769639405298345
53,4,0.414759730611164,0.379166953217637,0.899486740046094,1.1648928596262,0.871027771729227,0.213127272626549,0.821644436653067
53,5,0.350946989938555,0.274325205925448,0.918077395670083,1.27621972803007,0.863754827701726,0.193326780850175,0.871859293660182
53,6,0.284831968895322,0.196585257442409,0.852199634931839,1.33320911384934,0.840367057939244,0.180079879596779,0.917152449391242
53,7,0.230631519796671,0.147853526091888,0.752192952597064,1.34414201694194,0.807007005864452,0.173494474203947,0.956321048162687
53,8,0.192772982809259,0.1242383918224,0.646064423001447,1.32037412095617,0.768362501785378,0.173052399213268,0.989144163729436
53,9,0.171212585207777,0.120370286719052,0.548546741635077,1.27324781572463,0.72799501785978,0.177949836511197,1.01592611916192
53,10,0.163899876113066,0.130982445330203,0.466376103902095,1.2127144832113,0.688514293427915,0.187249183937204,1.0372508999804
53,11,0.16800837513619,0.151459012978785,0.40154314639647,1.14680883530783,0.651722179198301,0.199971079242781,1.05383609913915
53,12,0.180583270322609,0.177986798767176,0.353353729438058,1.08156825606934,0.618751098320924,0.215160725987027,1.06644018178264
53,13,0.198884591428788,0.207550460128498,0.319741985545794,1.02118480352925,0.590197611790936,0.231936400117583,1.07580248590605
53,14,0.22055674198535,0.237864078259899,0.298093835684894,0.968269663575753,0.566246718512648,0.24952212250771,1.08260554186719
53,15,0.243693513675253,0.267277444101966,0.285744021903842,0.924158576401678,0.546782924819637,0.267266062748283,1.0874534744608
53,16,0.266839428318815,0.294674592497261,0.280255221775027,0.889215393262209,0.531485651694003,0.284646837694015,1.090862138691
54,1,0.559826728771131,0.636640762834953,0.390109011208041,0.153225289868189,0.641136041125167,0.276593920590527,0.555253760616003
54,2,0.768151555562256,0.700878879250176,1.06312481239165,0.572021400095891,0.803094228141021,0.278004674714836,0.594002125943233
54,3,0.716100374803371,0.571783313427205,1.24309112244816,0.947055947308039,0.880732413898963,0.248657604543726,0.653738795240088
54,4,0.583283939544217,0.411126034405866,1.18919567570574,1.22450280905148,0.909863693898243,0.21388710113111,0.718016802100876
54,5,0.441284710992616,0.272678032545975,1.03337736267547,1.39875305872175,0.907170439557311,0.182719398706982,0.779247173911408
54,6,0.317947575498538,0.170479044909069,0.845451961754746,1.48287741587465,0.883105130444315,0.158498575296935,0.833997040572883
54,7,0.22251642601923,0.104208976295515,0.662257841893465,1.49603855604858,0.845427289329652,0.142277757016148,0.88093437114479
54,8,0.155962342796481,0.0687096002271532,0.5019916515507,1.45791508366692,0.800184281456964,0.133998926185107,0.919858883745254
54,9,0.115535825014944,0.0576068860784451,0.371979072733131,1.38622515866311,0.752036710188931,0.132987720460649,0.951199428926896
54,10,0.0969460607701645,0.0647054553199755,0.273238125166358,1.2957298174311,0.704440941293863,0.138222735676692,0.9757260000072
54,11,0.095484080011377,0.0845173078120584,0.203299593570142,1.19799140482396,0.65981415313447,0.148515121826326,0.994370883968544
54,12,0.106624257691418,0.112436630330167,0.157987011218163,1.1015293788389,0.619702969973455,0.162638199585131,1.00811251814469
54,13,0.126339060303595,0.144758830129109,0.132532470546079,1.01217826267042,0.584951388827766,0.179419939738219,1.01789977828089
54,14,0.151242725359347,0.178625517630792,0.122252186825487,0.933532833999682,0.555859881416715,0.19780461088261,1.02460453436727
54,15,0.178628725012406,0.211933083258679,0.122926429672137,0.867410491543189,0.532329142460457,0.216888800655433,1.02899475688736
54,16,0.206441640926854,0.243224895508281,0.130982260827879,0.814288535561601,0.513984500638308,0.235936966021707,1.03172262649022
55,1,0.391075225569504,0.62950271547339,0.121400911239182,-0.612217053011194,0.43765272447544,0.282812305969273,0.506995920299675
55,2,0.775999401073406,0.834976947301883,1.07090037598364,-0.140814563828426,0.599256240215649,0.284670072872779,0.547357524803944
55,3,0.802322847254279,0.749197610706622,1.39943299058618,0.336100328994756,0.710643976411988,0.262582088923597,0.601991475112434
55,4,0.69734728628187,0.587924850635955,1.41747913967767,0.729730494421219,0.77934284313935,0.232759421458852,0.660717135717572
55,5,0.557287015540917,0.430505713175327,1.28697986372453,1.01718304571459,0.813296097984947,0.202918923005241,0.718001840424418
55,6,0.422890993139436,0.302958305786218,1.09603927585287,1.20326861947559,0.82039242700934,0.177031718193004,0.770794466256821
55,7,0.310410876529585,0.210556355825602,0.893172813252652,1.30366961472647,0.807920361494629,0.15710716958947,0.817519448394328
55,8,0.224776783187953,0.15072117312323,0.704294605926501,1.33721174872167,0.782236077235902,0.143955134188604,0.857545523859932
55,9,0.165528026635225,0.118196414234687,0.541902384787968,1.32222942469247,0.748620981655212,0.137590502208506,0.890862551070186
55,10,0.129679738556915,0.107165284821103,0.410446752468377,1.27490040141001,0.711268533201604,0.137501212136351,0.917861620731542
55,11,0.113212330736749,0.112128799617174,0.309654401082726,1.20859364151637,0.673351731205164,0.142850115606861,0.939175921151335
55,12,0.111887155083992,0.128260999619135,0.23665094697895,1.13376349900016,0.637137080662619,0.15263210251613,0.955563532410838
55,13,0.121698832631407,0.151528944675673,0.187326678335431,1.05814028623787,0.604121243381156,0.165793744744304,0.967822259088488
55,14,0.139113882239467,0.17869857282405,0.157201447535688,0.987071978125698,0.575173850455771,0.18131975808936,0.976730000221516
55,15,0.161176323671621,0.207281762975925,0.141950100707982,0.923928092952453,0.550675258661875,0.198290665430764,0.98300555153132
55,16,0.185528926043701,0.23545307811264,0.137696733944338,0.870510436847647,0.530642068707121,0.215916527113853,0.98728547505446
56,1,1.35493022582808,1.29017023664616,2.13377871867758,-0.600190357569074,0.528562283987025,0.609046435429239,0.451207876487157
56,2,1.33850716852155,1.19927741317505,2.33181473303657,0.223325105272969,0.753746694197508,0.550477406248961,0.508053079850987
56,3,1.13090891351935,0.974055369134267,2.14430259961563,0.895472352318852,0.899402273038502,0.47507354571645,0.581732700461821
56,4,0.872963322725432,0.733343924074716,1.79755336029405,1.3839756232972,0.979418862883646,0.39814864151948,0.659766523924446
56,5,0.626470869059564,0.522084682244245,1.40935385905245,1.6980455902393,1.00804343697358,0.327852714225053,0.734968438983812
56,6,0.417227365264516,0.354523210061457,1.0408512015221,1.86385383862824,0.998623186753676,0.268505308126925,0.803303448751003
56,7,0.253740305574577,0.231931373827364,0.721728366278558,1.91285922494819,0.962913216669224,0.222062251202592,0.862736991042339
56,8,0.135886425453747,0.150115407390124,0.463488096027372,1.87606857104289,0.910774196051097,0.188899381229324,0.912549493504613
56,9,0.059241691405892,0.102758001752437,0.267060108084385,1.78124678250434,0.850117743758983,0.168326791872154,0.952886714369501
56,10,0.0174270323928974,0.0830014411909857,0.127445611151234,1.65170602243652,0.787004661568437,0.158973087710032,0.984443746895834
56,11,0.00345811943553564,0.0842407692315195,0.036660413312903,1.50598792797729,0.72583310334851,0.159085113596606,1.00823510474228
56,12,0.0105400531747258,0.10052785072177,-0.0143842767858691,1.35805965948632,0.669573516057571,0.166759045826525,1.02542662623546
56,13,0.0325221263587507,0.126761973858122,-0.0347045421806161,1.21779469080786,0.620020099444939,0.180111218132447,1.03721492114879
56,14,0.0641309625605109,0.15875216543452,-0.0325472501494904,1.09159152935564,0.578037776775132,0.197396266191898,1.04474446062375
56,15,0.101055544137684,0.193198659453376,-0.0150246397633764,0.98303417748342,0.543790731199528,0.217080790097785,1.04905450601999
56,16,0.1399343451814,0.227623803377869,0.0120260024728189,0.893532215036477,0.516944079533437,0.237881111220067,1.05104929408653
57,1,1.29703486122547,1.1834845157394,2.65666440576553,-0.783191447979437,0.451814130946233,0.614856769884288,0.466394535316075
57,2,1.38479891816844,1.26478015031291,2.7635403536934,0.0515196659055843,0.617813405133981,0.58198867794847,0.53485149684362
57,3,1.18965391520645,1.06599637096493,2.49896173827396,0.742259676842713,0.745495351316135,0.530449322223358,0.610847834238357
57,4,0.924133936360482,0.81211026669065,2.10146202347699,1.24333957881294,0.824275610051648,0.471976737331019,0.685788043171629
57,5,0.671473681990727,0.583900860027841,1.68288941678919,1.56542319193379,0.859637848509496,0.414894630995663,0.754901210125017
57,6,0.461327500365141,0.405361654075047,1.29558768647293,1.73872979703929,0.861215236244832,0.364331114077205,0.815732808586627
57,7,0.300744893861717,0.278447193071857,0.962161592351648,1.79769351693948,0.838773140138051,0.322984473355818,0.867301851382804
57,8,0.187206034095984,0.197016297467504,0.68958359842948,1.77459668309177,0.800866472884905,0.291828877421635,0.909579868412644
57,9,0.114341768847433,0.152501061517351,0.476441432598093,1.69710305896656,0.754457491201465,0.270675379697643,0.943140219430827
57,10,0.0745741050565249,0.136235983390957,0.316965289231159,1.58756384156634,0.704906204504209,0.258602792589453,0.968909810638783
57,11,0.0603899067566965,0.14040179746997,0.203399875554952,1.46315886235754,0.656115117069634,0.25428223871567,0.987990549660086
57,12,0.064960681625109,0.15836942416791,0.127439168592196,1.33642953093415,0.610736710329399,0.256214980883971,1.00153257347316
57,13,0.0824214277145826,0.184769389192399,0.0810846841161315,1.21597621941614,0.570399339697537,0.262899482902083,1.01064752880534
57,14,0.107958097901624,0.215429257395027,0.0571294068045231,1.10719533473922,0.535927573649728,0.272941472033809,1.01635307636612
57,15,0.137783429138831,0.247247166101745,0.0493929578473344,1.01298534324499,0.507543524714873,0.285119238565774,1.01954140886175
57,16,0.16904855746722,0.278037545746198,0.052792295150581,0.934382604142725,0.485042098447925,0.298414984686816,1.02096572927409
58,1,1.70084162132205,1.49045382370214,2.71668539468685,0.29465138168327,0.371967859612757,0.745072377314213,0.71764762459384
58,2,1.47578825690996,1.29448698476447,2.41441269077032,1.22010533584314,0.50733734226071,0.693217700334568,0.815452349717254
58,3,1.21435888176538,1.07850821406738,1.99788393532664,1.93162596001614,0.630594899637961,0.643164295522655,0.907149081215458
58,4,0.957838388551708,0.872770922307608,1.55790736297258,2.43868971075022,0.712722979751994,0.591496447533287,0.994679408445873
58,5,0.72888681864484,0.692564142519121,1.14675582779997,2.76538998266661,0.752584937542465,0.5409921592414,1.07651209839702
58,6,0.538396031569248,0.544478203794788,0.791938307556962,2.94213036707029,0.757599973356692,0.495116683364719,1.15068984193771
58,7,0.389816362770882,0.429925320047173,0.504988808229625,3.00063816257075,0.73700158918205,0.456433338614337,1.21582150862714
58,8,0.281962258281422,0.347224686099233,0.287292002717111,2.97099735094863,0.699477594387339,0.426327075394757,1.27128620114649
58,9,0.210897217589371,0.292919983320899,0.134058835634369,2.87997754305499,0.652383635042069,0.405149424966231,1.31715125963877
58,10,0.171231520413474,0.262657129659615,0.0370773723004237,2.75022435383843,0.6015528505239,0.392475019514748,1.354004060732
58,11,0.157019481791055,0.251784191235891,-0.0133908286786194,2.6000277298726,0.551348149803754,0.387360494220672,1.38277633987424
58,12,0.162367715707155,0.255758380379878,-0.0273326721588937,2.44347043612991,0.504818872731353,0.388568077501643,1.40459049120348
58,13,0.181827812833562,0.270410268977282,-0.0141611109344155,2.29081301802794,0.463900434276018,0.394743081075842,1.42063689316746
58,14,0.210626743547255,0.292099451598075,0.0177710939951181,2.14900949386284,0.429625267297528,0.404545356240375,1.43208273358939
58,15,0.244776499289258,0.317787991570815,0.0614128644251423,2.02227672742604,0.402326759440303,0.416739384971281,1.44000923591315
58,16,0.281096433511287,0.345053244396559,0.111082956317808,1.91266301260642,0.381825246657508,0.430249532916896,1.44537283291973
59,1,1.27138204215135,1.08359387045453,2.29332451093608,0.259115470561138,0.788832062902349,0.546123338492972,0.687019707821273
59,2,1.19920375067162,0.98447805306117,2.33202535332491,1.06906779537234,0.931926467219154,0.516642686328214,0.782595231654869
59,3,0.972567112217118,0.769307613534831,2.06221042628526,1.7002491313556,1.01509645977058,0.468215154190768,0.883249213401747
59,4,0.718989494880159,0.550691180060578,1.68073775739754,2.13814949067845,1.04655696695983,0.414534329569602,0.979701414648779
59,5,0.489242508474706,0.366806706292301,1.28510521710839,2.40207381606921,1.03756789972101,0.363389628882221,1.06706344002209
59,6,0.30194624798547,0.227478722373636,0.923605988995245,2.523192464907,0.99945131233674,0.319251912415942,1.14300383040509
59,7,0.161378969599417,0.131562736038507,0.618076026050228,2.53488848647615,0.942348953262344,0.284428612428615,1.20678833351137
59,8,0.0650992770248273,0.0737232516628505,0.375367363571895,2.4683463081512,0.874750355917564,0.259718188592762,1.25870507906946
59,9,0.00753729867892683,0.0472312146059237,0.193777703381572,2.35058495627775,0.80338620396308,0.244869508760653,1.29968058842109
59,10,-0.018129071441067,0.0452132684312059,0.0669525517079734,2.2037461982871,0.733306930543211,0.238940829578964,1.33100669643434
59,11,-0.018914167983972,0.0612534707426343,-0.0136438185399282,2.04507441607597,0.668057658591297,0.240586068013743,1.35414255124353
59,12,-0.00140925309787521,0.0896898255634594,-0.0571547611498894,1.8872851619746,0.609899568217439,0.248277645749114,1.3705729427093
59,13,0.0285598673645058,0.125744664014353,-0.07235822420896,1.73913978933863,0.56004654900393,0.260472008864446,1.38171095268005
59,14,0.0660950651578987,0.165553282220581,-0.0671077378832908,1.60610818180516,0.51889673373712,0.275724650272701,1.38883578494986
59,15,0.107266442235826,0.206126836281416,-0.0480593338735648,1.49104178809907,0.486245729124284,0.29276250828047,1.39305811612432
59,16,0.149072346152088,0.245273446702509,-0.0205919615595158,1.39480690351463,0.461473693002959,0.310522055763182,1.39530634873884
60,1,1.02445023475832,0.926026086991019,2.37254011100255,0.366802756196978,0.39978125730534,0.534155289551472,0.698345600551576
60,2,0.851165499976917,0.783224975003578,2.03933560694455,0.861502486012693,0.557856420814878,0.467522356516579,0.751366288104516
60,3,0.665844289626703,0.641999468043273,1.65425151078976,1.22483897287033,0.654398384919009,0.400129454772863,0.807497476231893
60,4,0.491752562527436,0.514717615284457,1.27267898242523,1.46557863031246,0.70599370574868,0.338378545333023,0.863537001023826
60,5,0.341052446933035,0.407231235549261,0.925932566104602,1.60014720365003,0.724310746899654,0.285296141526027,0.916840895478353
60,6,0.2191288888924,0.321633617494263,0.62971461903605,1.64820297289735,0.718717634634251,0.242277036922807,0.965509731684109
60,7,0.127070195398545,0.257697714191986,0.389561075216216,1.62984529399897,0.696949511519961,0.209689705456906,1.00837955223521
60,8,0.0632699660501025,0.21375440142164,0.204548283600369,1.56389373744692,0.665301745253667,0.187180538918559,1.04492085468176
60,9,0.0245354687856879,0.187293528979378,0.0698838308583272,1.46690446603853,0.62874154029979,0.173893053100487,1.07510474186543
60,10,0.00687374364886895,0.175397658120477,-0.0212763956668893,1.35270248117804,0.591030696820923,0.168650634891242,1.09926716992742
60,11,0.00604482280333535,0.175056183725922,-0.0765729054956706,1.23227045942723,0.554871205778717,0.170109839134183,1.11798633120413
60,12,0.0179379971316603,0.183385585297068,-0.103603991459316,1.11387482213975,0.522065395817804,0.176883628098449,1.13197955438019
60,13,0.0388117548922293,0.197773879498329,-0.109397337520578,1.0033386322717,0.49367940801696,0.18763458050533,1.14202141878178
60,14,0.0654296208552025,0.215964403476952,-0.100110370621318,0.904393505083887,0.470200427443335,0.201140009654125,1.14888225680627
60,15,0.0951184158708321,0.236092419794156,-0.0808957303787334,0.819060929859707,0.45168075517175,0.216332414408221,1.15328490706884
60,16,0.125770873174202,0.256686573954901,-0.0558819300754171,0.748028159929301,0.437864390844461,0.232319483773822,1.15587697733002
61,1,0.376867248892091,0.551820234468688,0.838252857112419,-0.15419179426263,0.314538054537918,0.37370728585681,0.747386462501677
61,2,0.483989735052285,0.558090390133649,1.18653044521234,0.100063441605576,0.40429281206354,0.344621555657765,0.775599667453254
61,3,0.485357456118783,0.505876536755778,1.27753800882214,0.346205045459951,0.478610465257383,0.321375947070635,0.802319446873398
61,4,0.441307491858157,0.440409426276964,1.22862559876845,0.553413793014602,0.531761705210401,0.300828609765378,0.828740610454273
61,5,0.381950372769719,0.379770996342887,1.10914397696328,0.711758219592825,0.565398654388948,0.282797217269532,0.854433448905182
61,6,0.322577657031687,0.330584110213444,0.960667878737246,0.821767598931018,0.583041705588592,0.267736051345223,0.87861123484987
61,7,0.27070972277857,0.2944715872223,0.807832061364896,0.889024223187338,0.588407939233204,0.256062893286956,0.900598491700095
61,8,0.229556654727659,0.270816722507184,0.664601317025447,0.921200041665622,0.584884683940044,0.247978750765394,0.919966955649382
61,9,0.199868215249383,0.258016815218745,0.538138846859397,0.926389112311658,0.575365754850093,0.243448606829705,0.936537976068865
61,10,0.181005546649221,0.254098114496419,0.431303513058311,0.912183153368688,0.562217096979397,0.242238787475588,0.950336981369003
61,11,0.171599511380202,0.257040109134761,0.344304939364237,0.885197899684647,0.547297110210768,0.243972403634171,0.96153662443012
61,12,0.169966740890216,0.264953030493785,0.275811388255464,0.850880176699562,0.532003569214565,0.248186049850132,0.970403610225182
61,13,0.174371666964169,0.276172205408073,0.223688262349487,0.813488736131653,0.517333639172345,0.254379860692064,0.977254599615671
61,14,0.183185428043991,0.289300804301955,0.185481690994322,0.776178198853355,0.5039488795745,0.262057563473671,0.982422331553513
61,15,0.194974138351933,0.303219061339166,0.158724535500877,0.74113843782045,0.492239811896879,0.270755745440905,0.986231283228356
61,16,0.208538858795243,0.317071779715109,0.141118826748993,0.709757344324819,0.482386407361257,0.280063021880594,0.988981482577841
62,1,0.468229656359113,0.812728928413828,0.159825266502044,-0.862492762042663,0.355461283545268,0.362173015206358,0.754105068029943
62,2,0.631035631114568,0.734603697581102,1.01301341645264,-0.492391042583592,0.439708723841891,0.339660542934628,0.783479419229801
62,3,0.658328703461628,0.631279930524735,1.38954352191992,-0.11478952980332,0.515760972415984,0.323494279671243,0.818432043791754
62,4,0.615097147448855,0.527932791138318,1.48278234241234,0.222582469893386,0.571622014848348,0.307291493177655,0.856827379472234
62,5,0.539428579992098,0.435332015065595,1.41540206316543,0.498644338234314,0.606746488873889,0.290417031487522,0.89636559725283
62,6,0.453839119592116,0.357696422956942,1.2653699707191,0.707766657644502,0.62389301733911,0.273799239626355,0.935085110685861
62,7,0.371387696576246,0.296109757681488,1.0816091157945,0.853096015027418,0.626645511218636,0.25860322893171,0.971508530821668
62,8,0.299176743139983,0.250058336351536,0.893883034362954,0.942418833465222,0.618585275790609,0.24579168108925,1.00464385882936
62,9,0.240491923923902,0.218178438244052,0.719268389734203,0.98555485110858,0.602976242319505,0.235995954785789,1.03392628951356
62,10,0.196186473725756,0.198664080195771,0.56650339061072,0.992726659457908,0.5826350865071,0.229511003217078,1.05913881926122
62,11,0.165612816083844,0.189518151038564,0.438953693887342,0.973576415789912,0.559885451062741,0.226342880791156,1.08032999694018
62,12,0.147261988964859,0.188720552326679,0.33664711669974,0.936619605135304,0.536559714358794,0.226276025134446,1.09773778798738
62,13,0.139202989786799,0.194343780434325,0.257665579752332,0.888993830213752,0.514030523732361,0.228943235267603,1.11172367862572
62,14,0.139379629878265,0.204630021253425,0.199086245107491,0.836403033234049,0.493260631421884,0.233889302751422,1.12271848524399
62,15,0.145803831658227,0.218037955405764,0.157603792275773,0.783185972971196,0.474862545178554,0.240623972377688,1.13117982863819
62,16,0.156673325813789,0.233265437636034,0.129926786357275,0.732457900766543,0.459161555685093,0.248662809367529,1.13756039013178
63,1,0.725564048719899,0.68515297826831,1.47016026597562,-0.802879105216286,0.395312167201104,0.416149252239377,0.765642178608351
63,2,0.859878727533348,0.760490245260752,1.77304382467471,-0.272971203117903,0.526030891786424,0.430079171062705,0.799134216326135
63,3,0.817269622918477,0.702224970328643,1.74424617149171,0.209636092756277,0.620586675387678,0.421404202649391,0.838456614818057
63,4,0.707509844790907,0.603844528947676,1.56038668432761,0.602150493672361,0.682845277748732,0.401901059209005,0.880313315900862
63,5,0.581170299934458,0.50359601589826,1.31530814232837,0.895648385857898,0.717792573387919,0.378226991185276,0.922015060207923
63,6,0.461789865256192,0.416479435558597,1.06005335511133,1.09668981730225,0.730818966961982,0.354451709136235,0.961554914021915
63,7,0.359840607913989,0.347451239468269,0.821990488062316,1.2184851647865,0.727179562274087,0.333090863744729,0.997578973573571
63,8,0.279099953906027,0.296998837177008,0.614672933842625,1.27642289198738,0.711660798851571,0.315599079312339,1.02930021088432
63,9,0.219770062967146,0.263591331422302,0.443350454552405,1.28572631020846,0.688402190225594,0.3026636811237,1.0563898349432
63,10,0.180138085616659,0.244826106262553,0.30828233082484,1.26023473286035,0.660824949970993,0.294416955472353,1.07886678942252
63,11,0.157533024170001,0.238008534437402,0.206838196983571,1.21182415516385,0.631632285865516,0.290605390407014,1.09699646294785
63,12,0.148909211141592,0.240466721820284,0.134869501165807,1.15021090606511,0.60285612428869,0.290727580233226,1.11120378584054
63,13,0.151209794018765,0.249728482590475,0.0876093703380325,1.08298845264198,0.575931786737591,0.294144573622845,1.12200241070193
63,14,0.161588673420661,0.263617624339548,0.0602521312079203,1.01580227730805,0.551786938224842,0.300164904613233,1.12993968796809
63,15,0.177536135328187,0.28029824275065,0.0483094012554958,0.952599214114939,0.530934798075217,0.308106820806265,1.13555606079782
63,16,0.196937515386373,0.298283842108179,0.047809277408137,0.8959078316045,0.513564546434871,0.317340747911093,1.13935696525656
64,1,1.36561481179877,0.865513079205961,3.34165670198502,0.0620521597218546,0.442568197161176,0.572631196290811,0.777727244250378
64,2,1.23574195055384,0.903324258648399,2.7216402681717,0.805237476419333,0.604279316164073,0.571690298839483,0.833098003347045
64,3,1.00093886829607,0.802830473748443,2.06676876470498,1.37215666099619,0.70551309329928,0.534941495047269,0.896090888562549
64,4,0.755145683354254,0.664266540946222,1.46982878566837,1.76050928949793,0.759457612968706,0.484428169183255,0.959980292727329
64,5,0.536976660013245,0.530282905901324,0.964799009763589,1.99218560496116,0.776856999551189,0.432065180864592,1.02055637580372
64,6,0.360149542727106,0.41775668294108,0.559099575284804,2.09701415707949,0.767300813081857,0.384410453903549,1.07530367004771
64,7,0.226911802189847,0.331755035721905,0.247953224503641,2.1054233896383,0.739232318903034,0.344852940378704,1.1229081491218
64,8,0.134190872858334,0.271853798898433,0.0210818292193525,2.04515866970662,0.699793026314892,0.31477609771491,1.1629164233553
64,9,0.0765637287181958,0.235126156104894,-0.133966347999582,1.93992984862755,0.65475211694296,0.29427077672818,1.19547837113409
64,10,0.0477816322860724,0.217636176772824,-0.230045433767473,1.80902749466381,0.608542418126643,0.282618203399407,1.22114535431919
64,11,0.041595901682481,0.215226037558931,-0.279420230069767,1.66744674071001,0.564374770590511,0.278634080917854,1.24071152629219
64,12,0.0522146147030578,0.223943897183571,-0.293209066953501,1.5262791796747,0.524398695989881,0.280916182952388,1.25509128570239
64,13,0.0745447455246763,0.240272013158101,-0.281095841914119,1.3932365430601,0.489883437372059,0.288019050134527,1.26522775927075
64,14,0.104299288454129,0.261234358519811,-0.251221401199269,1.27322257618015,0.461400608180948,0.298571764364689,1.27202772936224
64,15,0.138015766704159,0.284427597337524,-0.210197620537944,1.16889977020625,0.43899583121865,0.311351238035991,1.27631860488906
64,16,0.173016662554793,0.308002708763153,-0.163203827755417,1.08121714652555,0.42234162364717,0.325321381688014,1.27882321661653
65,1,1.34816380565596,1.16711636206153,1.9193005070919,-0.0173397197647949,0.188667008690729,0.720252176249446,0.89414269222458
65,2,1.24346083206949,1.06337886006286,1.8750162965495,0.79037283295117,0.308744494841615,0.685172054489278,0.949355082274759
65,3,1.08859462958924,0.937068886333541,1.66120143846461,1.45138289604653,0.435526248764053,0.653108735734124,1.00641948021552
65,4,0.916208188862431,0.806719255053508,1.36962097163894,1.95993096330273,0.533522242919936,0.617195948393146,1.06535361238944
65,5,0.747949875277131,0.684289450350807,1.05945686682372,2.32448749681546,0.596490774525495,0.578811391439553,1.12388060439028
65,6,0.597029756492158,0.576894935301058,0.767002485845232,2.56158555617995,0.627856246552062,0.541042660837821,1.17958672601794
65,7,0.470515379952707,0.488160100710052,0.512623896416577,2.69162625166081,0.633881420180945,0.506642939325413,1.23061655426055
65,8,0.37113967968323,0.419224962878234,0.305763032919626,2.73604914989432,0.621196687766562,0.477504000107269,1.27581125889538
65,9,0.298684325968829,0.369508773821628,0.148563643217911,2.71547789984044,0.595871569560339,0.45463994688696,1.31464357471756
65,10,0.251031177372692,0.337302488126776,0.0385111773267377,2.64857709774123,0.563071412033322,0.438333474152609,1.34708902935358
65,11,0.224954774853988,0.320230864936385,-0.0296521086503759,2.55142987187356,0.526961945932712,0.42832019309077,1.3734887415865
65,12,0.216709064603496,0.315607737608992,-0.0625566404865306,2.43729169164245,0.490732821423326,0.423965014391625,1.39442524039657
65,13,0.222448647962546,0.320700518532869,-0.0672495133896559,2.31660774348188,0.456683236937281,0.424413702270966,1.41061874961826
65,14,0.238517040877307,0.332917369861902,-0.0505548697668223,2.19720539809127,0.426339466019771,0.428714512529891,1.42284537686442
65,15,0.261629346462505,0.349929642949729,-0.0186741927191317,2.08459287170834,0.40058559052624,0.435910103503017,1.43187598122173
65,16,0.288972925316923,0.369741717319145,0.0230342960164892,1.98231153444869,0.379794959233603,0.445102425053039,1.43843331379584
66,1,0.819841573654301,0.490616217023521,2.29970846975029,-0.267614873122883,0.620711008671262,0.424329834807438,0.904322659590194
66,2,0.802537115131156,0.536629896631764,2.10800162654248,0.152456285307489,0.602172905454025,0.42647472871461,0.948269584332923
66,3,0.685633923941344,0.473614900331048,1.81153689541244,0.484249429939318,0.604931416168716,0.4178277246787,0.991082104509395
66,4,0.554577098399469,0.393898566668941,1.50159204941479,0.720847261409104,0.605192713277493,0.401025340027085,1.03063338248089
66,5,0.43697648680245,0.324956150824416,1.2131338554716,0.873353807232366,0.597670264172651,0.380302177715337,1.0658389974453
66,6,0.340704574184121,0.27328454563944,0.959420587671398,0.957501870925729,0.582701048315631,0.359104181038072,1.09624384243361
66,7,0.26659792469201,0.238637510309683,0.744338623081988,0.989034371304997,0.562211228625941,0.339743452805448,1.12180424395507
66,8,0.212860913497133,0.218692943445155,0.567255349912442,0.982083535491295,0.538386393535415,0.323550122941084,1.14275034135017
66,9,0.176716450416314,0.210623401202989,0.425227952786892,0.948643464121333,0.51320865837394,0.311111381060916,1.15948747874724
66,10,0.155105897796832,0.211652127516668,0.314179828905429,0.89848538688049,0.488297826677452,0.302493433055839,1.17252155357402
66,11,0.145029603121223,0.219263859690368,0.229603673467946,0.83927474021351,0.464874421185547,0.297423719992209,1.18240221952592
66,12,0.143728123168806,0.231286663003097,0.167003022843527,0.776786976630928,0.443778475365595,0.295432320668197,1.18968074938471
66,13,0.1487775398335,0.24591677897771,0.122166276798315,0.715168911994768,0.425515345591271,0.295957044208058,1.19488024012946
66,14,0.158130752946712,0.261712890336276,0.0913245905925971,0.657213558547952,0.410313388554767,0.298417968959387,1.198476099368
66,15,0.170122343717239,0.277571782478286,0.071227370010627,0.604627664767747,0.398184430615281,0.302267174652696,1.20088486804357
66,16,0.183448932650982,0.292692563405562,0.0591600509540375,0.558278583856245,0.388981397155926,0.307018979263617,1.20245955966686
67,1,0.898728647590302,0.702054449141753,1.83026875521104,0.873796148741509,0.335475928346935,0.690485379074494,0.874063881340746
67,2,0.567380057793616,0.382130118695588,1.41690280142772,1.15251792136309,0.413061159919621,0.592193541251932,0.888410671691651
67,3,0.423642432862531,0.28180925843752,1.13887137025328,1.32817303705295,0.481346736570718,0.527373782870956,0.907958646160221
67,4,0.3399723525826,0.248879911781212,0.906815840444682,1.44088390683813,0.530404410602941,0.47833390458488,0.930178596390716
67,5,0.278608206597766,0.236213383504754,0.700522026301155,1.50568274234237,0.560903277498521,0.439081074115356,0.952878534907813
67,6,0.229845991343075,0.230558882678528,0.518636227637569,1.5311637561987,0.576195185666875,0.407415277330044,0.974535002896737
67,7,0.191854006365535,0.228917141126888,0.363075399690895,1.52469519581253,0.579967456864051,0.382325714417159,0.994219194981668
67,8,0.164366397930883,0.230913143219413,0.234794177397947,1.49344476650414,0.575559655167301,0.363131295418542,1.01145394131049
67,9,0.146941000623674,0.236499437267728,0.133111960991798,1.44425778482479,0.565784652292533,0.349206739876718,1.02608364607985
67,10,0.13865944994238,0.245394313748099,0.0560331289983631,1.38334433687156,0.552909249439549,0.339909981440852,1.03817085517127
67,11,0.13823516390584,0.257050432103523,0.000743906478782363,1.31604266851908,0.538689917314484,0.334579203417174,1.04791719233528
67,12,0.144196473557271,0.270757087710226,-0.0359514218668241,1.2467055545594,0.524429677936524,0.332552143564729,1.05560406882161
67,13,0.155046336553301,0.285751229962039,-0.0573055370755273,1.17869200223135,0.511043007214257,0.333189652117094,1.06154912678652
67,14,0.169376789135466,0.301303093937226,-0.0664084546685378,1.11443311116894,0.499122229715599,0.335896443039625,1.06607520329712
67,15,0.185940198940581,0.316771822306776,-0.0660532576890173,1.05554299371608,0.489001429322288,0.340136482293376,1.06948923048535
67,16,0.203685726529083,0.331635312325089,-0.0586663386250982,1.00295170093601,0.48081528659515,0.345442496956712,1.07206893310105
68,1,0.0443320319501104,0.198972312062483,0.174688844885334,1.27280695832929,0.516571129044121,0.377087461115944,0.874987163284052
68,2,-0.0611626254680557,-0.0615585429025878,0.446424705115036,1.09884322922421,0.588989136581959,0.329269135560388,0.88297769963758
68,3,-0.0316576953577448,-0.0845329393359332,0.612492431974317,0.944890268239649,0.600143343067738,0.293212530049895,0.893754144465338
68,4,0.0159217607795182,-0.046084400445196,0.677486062561731,0.821841317905952,0.589202472778819,0.270409592731501,0.905083934444938
68,5,0.0566609109775849,0.00472390154691116,0.675671828726366,0.723843094226127,0.569881616172853,0.258057502412149,0.915655788448828
68,6,0.0885088345481219,0.0546357232776018,0.636716295810458,0.644080883689325,0.547799345337848,0.253152653263731,0.924840657570437
68,7,0.113810790444697,0.100334788575066,0.580712071557175,0.57769431670371,0.52566059589125,0.253313401770668,0.932432556954811
68,8,0.13486055871103,0.14118620187886,0.519865538992009,0.5216316857727,0.50490336269018,0.256792911201867,0.938466981471724
68,9,0.15316007330091,0.177245742977018,0.460976804553156,0.474022997207727,0.486292847906789,0.262339468818566,0.94310557315822
68,10,0.169542968864039,0.208741037439764,0.407422684892518,0.43366402145952,0.470183974969898,0.269063018377531,0.946565183729311
68,11,0.184417126233122,0.235950390559966,0.360527400584458,0.399685989289522,0.456666141884432,0.276334850962728,0.949075319019595
68,12,0.197958072159283,0.259179892099032,0.32045349727797,0.371370930698281,0.445656871258458,0.283716570345271,0.95085371689871
68,13,0.210234939952759,0.278758842481758,0.286759226131964,0.348061930987894,0.436967400684742,0.290910002939268,0.952093558632189
68,14,0.221283559786607,0.295034755964739,0.258735132202244,0.329129109149348,0.43034977468797,0.297721214229155,0.952958091117397
68,15,0.231143943679099,0.30836548988375,0.235598463535906,0.313965031885731,0.425530461727648,0.304033948000279,0.953579850192106
68,16,0.239875678312352,0.319109760034413,0.216598084958758,0.301993231248433,0.422233745011869,0.309789485112493,0.954062592431031
69,1,0.199335224362115,0.202367229369693,0.807843479441112,0.829572952177135,0.547261486583127,0.394033722028278,0.873593370884195
69,2,-0.00658109850772154,-0.107043806099916,0.851688465380171,0.73643794073739,0.602410081501793,0.293070217015985,0.892280218573829
69,3,-0.0526662222452516,-0.17626467486921,0.859834034319559,0.616862014660353,0.61069275801062,0.226754852516861,0.914560592810541
69,4,-0.0583704092383489,-0.172184251645827,0.814449413924864,0.495328434134105,0.594397629976191,0.184121885718932,0.936472993557901
69,5,-0.0530526238901998,-0.14343538302988,0.735106308315935,0.377249295701779,0.565128855225415,0.158414160891804,0.955920947363727
69,6,-0.0428524723086132,-0.105127148925719,0.641939550152812,0.264541992116905,0.529860749645304,0.144981882747849,0.972062095442962
69,7,-0.0288716371502277,-0.0629161335851721,0.548640600981567,0.158864444209479,0.493071953385792,0.140417854282214,0.98478317732904
69,8,-0.0116647335389794,-0.0196964078902621,0.462898712541978,0.0618463333285997,0.457645341177876,0.142138523292865,0.994356455608859
69,9,0.00795049814549403,0.022614716267489,0.388174779390244,-0.0251888334036243,0.425348536837477,0.148152264206826,1.00123209143571
69,10,0.0289563344264275,0.06262663905468,0.325294636425182,-0.101429434996334,0.397147738991352,0.15691788912442,1.0059167859661
69,11,0.0503225857420041,0.0993592603392214,0.27360279599678,-0.166634501755132,0.37343742395621,0.167250793602495,1.00890508714166
69,12,0.071146010492336,0.132192038975401,0.231726228286271,-0.221084837063689,0.354216184679823,0.178255556740493,1.01064286594571
69,13,0.0907224039290773,0.160815139418669,0.19804920602007,-0.265476391165686,0.339222362771935,0.189273778737671,1.01151059257678
69,14,0.108566931110327,0.18517408966356,0.170988640420311,-0.30079356612319,0.328037511073561,0.19984117180262,1.01181876510261
69,15,0.124401572474014,0.205411755828879,0.149137400376044,-0.328186310290528,0.320163562449949,0.20965081794425,1.01181060613424
69,16,0.138124691326657,0.22181258544379,0.131323670405653,-0.348864087749922,0.315078539765064,0.218521103531719,1.01166882742692
70,1,-0.16017294342876,-0.260187727923237,0.745421116184589,0.660457637338998,0.463819935199747,0.252827364584963,0.906371474746362
70,2,-0.112268138873083,-0.16607452286691,0.649040271020664,0.49461252985699,0.450065907256491,0.218070198999898,0.911552109109497
70,3,-0.0591760152302042,-0.0742543223902366,0.571611358931909,0.362909581327927,0.438359423257967,0.202953940078824,0.913614187477398
70,4,-0.011032512780787,0.00492283896370016,0.505158706891855,0.260496750926767,0.426360764298244,0.198755534806757,0.914109634787477
70,5,0.0303792141322982,0.070589804130279,0.447276315084443,0.182006631826911,0.41459892316913,0.201024835297882,0.913721956216131
70,6,0.0654661216031404,0.124276952789229,0.396878236520451,0.122759146565303,0.403871729574398,0.207102965547425,0.912806716422097
70,7,0.095049392668394,0.167852693010562,0.353097031002206,0.0788927691654244,0.394702591020209,0.215263500027381,0.911587524731261
70,8,0.119913526666756,0.20299962407001,0.315083704885394,0.0472470753764787,0.387313744814639,0.224355100805197,0.91022537216289
70,9,0.140731754477734,0.231135069757047,0.282027300880599,0.0252250851583464,0.381706083992113,0.233616373218112,0.908842393726736
70,10,0.158081731097287,0.253442452257039,0.253200638421367,0.0106851860279824,0.377742210904627,0.242561143838422,0.907530364595207
70,11,0.172471269444067,0.270917478189277,0.227987256025963,0.00186343833224445,0.375211084489829,0.25089938315919,0.90635492192687
70,12,0.184356028639114,0.284405845374827,0.205886750543913,-0.00268289068397132,0.373873374694188,0.25847980624753,0.905359121938438
70,13,0.194148418619813,0.29463009941135,0.186505311347697,-0.00411902153940336,0.373491123886039,0.265247307978805,0.904567204050142
70,14,0.202220732145066,0.302208247054674,0.169538539720411,-0.00336928370728229,0.373845643293208,0.27121122595365,0.903988515115319
70,15,0.208905445444717,0.307667099720866,0.15475178188611,-0.00114989469391436,0.374746968270423,0.276421776640051,0.903621323832021
70,16,0.214494734564491,0.311452586159513,0.14196126814343,0.00200058747753595,0.376037487249865,0.280952767165894,0.903456277906007
71,1,0.185315571638187,0.0202978237650928,1.49917599322674,1.61960365664713,0.352767393176757,0.465794259906968,1.01641274624775
71,2,-0.238867252274302,-0.307924483034578,0.672251661623691,1.3153068393641,0.30080271241396,0.336373814385969,1.01189277535972
71,3,-0.296708343315547,-0.275786677851397,0.306603745759713,0.980137021201702,0.275293524596461,0.277044456379858,0.998151879247254
71,4,-0.243127421603879,-0.157941991299024,0.143020596850288,0.6852354732624,0.2589239807485,0.249984568503501,0.981683003479729
71,5,-0.161685192342025,-0.0362680341110412,0.0764750709358767,0.446817195537401,0.248284825693109,0.24015057086155,0.965025513039755
71,6,-0.0800665093198406,0.0676093435788759,0.058763521500292,0.263277837250075,0.24275658398714,0.240176086373821,0.949312588350897
71,7,-0.00730393340318852,0.150362962584095,0.0650536080184545,0.127515554665419,0.241923484429639,0.245754908444207,0.935105052581164
71,8,0.0540792535992367,0.213834360047165,0.0815705820071964,0.0311621065773982,0.245137888251481,0.254119596215398,0.922677968092862
71,9,0.103995970981195,0.261019022105527,0.100521069967646,-0.0338919910471733,0.251572440980094,0.263452721081171,0.912132383344666
71,10,0.143344304707662,0.294897753606407,0.117663323438974,-0.0749256898239401,0.260342489322047,0.272594486781469,0.903450775324161
71,11,0.173429820661608,0.318134842399826,0.130958597504567,-0.0981854720929471,0.270604703313162,0.280857920632543,0.896533224513455
71,12,0.19569673828575,0.333027795277956,0.139736662478692,-0.108848045234292,0.281619046861376,0.287894197927548,0.891225355437325
71,13,0.211582791574775,0.341523469158447,0.144147694158774,-0.111066832038941,0.29277978776499,0.293589179009392,0.887341043205182
71,14,0.222434236451071,0.345248428471071,0.144794558119074,-0.108064101236101,0.303624017399271,0.297983487338568,0.884680636114059
71,15,0.229456642618997,0.345540798441607,0.142487485008996,-0.102246839200955,0.313825225344228,0.301211755657418,0.883044988824697
71,16,0.233689968400128,0.343481486847918,0.138084781498828,-0.0953319999139144,0.32317788569518,0.303457706497147,0.882245639143833
72,1,-0.181050942514566,-0.272858938585244,0.859946096990185,1.78042697662614,0.357294261784168,0.479106975365668,1.01069190487852
72,2,-0.390449924232924,-0.393985206344281,0.323303932719154,1.35925490148649,0.329594228525767,0.35803808388295,0.993288021129885
72,3,-0.363113711685214,-0.288056257987276,0.0974203572477453,0.967783975037017,0.311776725370568,0.293388169377108,0.974673431117188
72,4,-0.275653447432351,-0.147541346902542,0.00878009227716886,0.642220233533477,0.297001128238257,0.258872354366608,0.956821465181755
72,5,-0.181059740407775,-0.0223347144365728,-0.0134799823924499,0.384319488243624,0.285170073791859,0.242395422609279,0.940286378944845
72,6,-0.0948347165866377,0.0783230381215879,-0.00285719265740803,0.186303509357156,0.276992517834818,0.237121319748106,0.92529099624618
72,7,-0.0209590493811272,0.155923966626117,0.0228100237011831,0.0383925702688424,0.272758024101135,0.238653134780416,0.911961192576101
72,8,0.0402387300472251,0.214182828906708,0.0534072061770512,-0.0689081577267932,0.272269178490923,0.24401381990165,0.900360183233654
72,9,0.0896523582798951,0.25679044729855,0.0831861901587878,-0.144121126077325,0.275004906299306,0.251183555101546,0.890489525315855
72,10,0.128605117261401,0.286933936150875,0.109077222638788,-0.194613078302008,0.280286500951017,0.258830023150277,0.882292724579238
72,11,0.158555981091005,0.307274521156345,0.129705208211255,-0.226585401702825,0.287400650172153,0.266121633138733,0.875664959486716
72,12,0.180965668002159,0.320018124628618,0.144759415432578,-0.245134975770845,0.295679038945251,0.272587518155145,0.870466171157472
72,13,0.197222059157271,0.326987586445261,0.154570454667506,-0.254349345471174,0.304543567596314,0.278010044421989,0.866534714067913
72,14,0.208594656973048,0.329680598490553,0.159822386065722,-0.257419887266224,0.313526677859468,0.282342427074176,0.863699762997459
72,15,0.2162078979043,0.329315347827083,0.161358308958137,-0.256762983270472,0.322274734232763,0.285646475531528,0.861791557820275
72,16,0.22102865294821,0.326868237111298,0.16005246044131,-0.254141912010529,0.330540642151272,0.288046577203381,0.86064917333759
73,1,0.0626566347038064,0.119029541082081,0.81885084891561,1.98295550312082,0.335348849578536,0.616525232552132,1.01301529153231
73,2,-0.260014316688198,-0.173355797561953,0.286684672488708,1.6287262143649,0.319039620644736,0.455641396136504,1.00854117135919
73,3,-0.314807028938676,-0.188350992031587,0.0540786775993929,1.25441468113037,0.298193770502153,0.35721739869568,1.00495198661391
73,4,-0.285539496697928,-0.130401129694961,-0.0477985771598534,0.911284406375388,0.272778576293133,0.295167743214555,1.00100862883588
73,5,-0.229956652395448,-0.0588946876439411,-0.0837193224063133,0.613190470141058,0.246364978137309,0.257183823416986,0.996104324480638
73,6,-0.167507603506591,0.00942608241257165,-0.0833102616918827,0.361902796979786,0.22201919272003,0.235903559956097,0.990239043396784
73,7,-0.10566846830179,0.0701419113623917,-0.0627756556699657,0.154920927804558,0.201647446440909,0.226212304044025,0.98373106708055
73,8,-0.0478374779226494,0.122340090093209,-0.0321271922451047,-0.0119495435282508,0.186143477347845,0.224329003730127,0.977000737314867
73,9,0.00426211702409912,0.166130068260034,0.00212600234585869,-0.143600903763887,0.175668794533044,0.227423801715389,0.970449442694359
73,10,0.0497994561365031,0.201972861007703,0.035771915736068,-0.245129596193524,0.16990716315624,0.233403701741425,0.964403788464685
73,11,0.0885258708076817,0.230501107345042,0.0662210696586525,-0.321532050732782,0.16826415389175,0.240760077159872,0.959097602058455
73,12,0.120603728099716,0.252456523977626,0.092055137002454,-0.377499446172494,0.170013875338916,0.248446329994467,0.954674095162432
73,13,0.146481735358048,0.268648568198415,0.112692980080625,-0.41728236957614,0.174401541543055,0.255775694887177,0.951197789039752
73,14,0.166793296838559,0.279915328540458,0.128133249842677,-0.444611798379085,0.180710977645751,0.262335477932189,0.948670283650434
73,15,0.182272978875639,0.287086690433459,0.138754517057669,-0.462665989872739,0.188305203185078,0.267915797828754,0.947046559302808
73,16,0.193690077073818,0.290952750951722,0.145161751703668,-0.47407340398848,0.196647004986912,0.272451345440908,0.946250022356792
74,1,0.329233194536854,0.403724692912637,0.808711539602552,2.42921186889135,0.360732566390227,0.859384435833486,1.03238609663561
74,2,-0.192678808158875,-0.133784499566963,0.164162380054503,2.08568377829824,0.276545639451997,0.665591538989814,1.01173013574152
74,3,-0.299652650359508,-0.218922912228986,-0.0657203827061946,1.68548774554384,0.246483270923643,0.559362807731278,0.989461474050768
74,4,-0.253404571830151,-0.146233996447096,-0.118267537742011,1.32514002923336,0.233937901367699,0.496447415886244,0.968686639332304
74,5,-0.16069055039361,-0.0328882054100109,-0.0983183200790022,1.03204231505268,0.229425919514539,0.457756797016145,0.950343011178886
74,6,-0.0636885567137125,0.0770885968887395,-0.0528075996044524,0.806637871268309,0.230294065055719,0.433652639383904,0.934650058357509
74,7,0.0222917631685279,0.169424374327706,-0.00279172968957908,0.639927745181364,0.235370998847643,0.418594012932808,0.921573589559792
74,8,0.093004543711031,0.241577551200153,0.0425652330118191,0.520619563161253,0.243711253660964,0.409132513128489,0.910973762564008
74,9,0.148624373065222,0.295305770393381,0.0797338645995159,0.437920130482012,0.254394128942675,0.403049204690308,0.902655596912774
74,10,0.190950847013558,0.333651715044977,0.107921655999806,0.382506108224455,0.266553309805239,0.398915841133417,0.896391437702208
74,11,0.222235875727169,0.359762742793574,0.127668748244052,0.346741962042679,0.279428766348013,0.395835282934406,0.891935883489306
74,12,0.244698980772114,0.37646506915275,0.140130551607744,0.324596730269705,0.292398067078983,0.39327094043211,0.88903823108247
74,13,0.260336725190463,0.386143259102259,0.146692505788522,0.311450661311442,0.304985440567622,0.390928178511744,0.887453080941461
74,14,0.270859540621697,0.390739235464513,0.148756398920679,0.303872725189932,0.316855017967251,0.388670009385297,0.886948833874832
74,15,0.277684665432275,0.391794718015946,0.147622127587197,0.299403272956424,0.327794678589815,0.386457142346557,0.887313876381811
74,16,0.281954083144852,0.390506379156561,0.144426289634563,0.296356013551007,0.337695365696353,0.384305960394814,0.888360496891693
75,1,0.374672101534272,0.380602957042755,0.751083723623676,2.99542993236837,0.351077412085839,0.800857773345291,1.18110254897235
75,2,-0.0192864694740292,0.0469197391706445,0.0413016089210381,2.88364075722777,0.237546828519827,0.664387818969825,1.19885740791742
75,3,-0.139309211563583,-0.0297942374157736,-0.275338489323243,2.68126762246686,0.18862660302916,0.586798764266958,1.20584643059821
75,4,-0.140623114900486,-0.00229950264295764,-0.398309437974869,2.46575701529865,0.165922747769334,0.538559365779444,1.20791628189692
75,5,-0.0938970568798836,0.061858028178111,-0.425493763763064,2.26855148831225,0.156346054141665,0.507171764074052,1.20781081386351
75,6,-0.0312942838263275,0.133420654825261,-0.406081036398631,2.10015144504975,0.15467737672997,0.486530606318327,1.20692153050739
75,7,0.0327768327370269,0.200362194442426,-0.365297911039767,1.96173074087507,0.158256847240518,0.473171131669111,1.20599987327556
75,8,0.092189670607513,0.258383857865181,-0.316223938353237,1.85055868877443,0.165376470535818,0.464879936802189,1.20546229588922
75,9,0.144712446139851,0.306602717985863,-0.265589918173557,1.76253808443959,0.174788382095149,0.460138013761016,1.20553123923761
75,10,0.189942307176243,0.345587123895367,-0.216716946479005,1.69338235826075,0.185542555472201,0.457868120721228,1.20630761675612
75,11,0.22831303722116,0.376458890515972,-0.171062447961495,1.63914048219116,0.196919266477994,0.457300153149609,1.20781307156652
75,12,0.260608132118888,0.400483740830021,-0.129065480237072,1.5964042926491,0.208388286216297,0.457886974560042,1.21001758636271
75,13,0.28771744002682,0.418887346226783,-0.0906253467531193,1.5623595689884,0.21957614572174,0.459245332174185,1.21285896304758
75,14,0.310514893000331,0.432776982973561,-0.0553794200571894,1.53476078284467,0.230236955316518,0.461111730467174,1.21625705429091
75,15,0.329798765530581,0.44311346082562,-0.0228657398568258,1.51187040212409,0.240226046214616,0.46330873630683,1.22012417409061
75,16,0.346265542855702,0.450707376989725,0.00738337186953575,1.49238436374723,0.249476544159435,0.465719283587059,1.22437253088602
76,1,-0.364166647881654,-0.188683690031044,-0.773727052754733,2.56528738483099,0.388561611888183,0.617919813138985,1.25610718170908
76,2,-0.31610365422266,-0.154266319147619,-0.68958883903284,2.27399225667793,0.212237547329164,0.548638126010016,1.25882601155105
76,3,-0.21109628933768,-0.0589955476101831,-0.557668711582241,2.03508221454211,0.14127916615808,0.520038966704751,1.25217959071764
76,4,-0.0972272402424196,0.0476391559302243,-0.424052056535538,1.85386880491317,0.116309027923339,0.5068996966273,1.2429068103699
76,5,0.00670741624295945,0.145799158215904,-0.306269419155655,1.72431173062364,0.114307054607834,0.500082224410333,1.23399550068901
76,6,0.0945018958490953,0.228625677078894,-0.20938263446873,1.63664753779225,0.124752700469697,0.495994100417112,1.22674680870662
76,7,0.16539847958181,0.294960705761889,-0.133028255086029,1.58074888269802,0.141913972042377,0.493094296948122,1.22164605804515
76,8,0.220924172292516,0.346075683056714,-0.0746039411786527,1.547536576325,0.162253540885767,0.49068767665536,1.21876016496271
76,9,0.263443454572605,0.384162516976268,-0.0307575636033108,1.52948417100294,0.183469969368144,0.488475136410935,1.21793668640995
76,10,0.295480497817139,0.411625240553241,0.00190008722187307,1.52069467894202,0.204074748420088,0.486362127154088,1.21891324498486
76,11,0.319402007226033,0.430748902290683,0.0264556728485844,1.51677852548747,0.223157197904203,0.484362434250194,1.22138224299282
76,12,0.337277495239367,0.443553366380361,0.045543654723635,1.51464652512972,0.240225930561357,0.482542417204357,1.22503060550255
76,13,0.350831019195585,0.451741230629195,0.0612990380459094,1.51227648739987,0.255090039212671,0.480986198960895,1.22956405339829
76,14,0.361441620862611,0.456694889740325,0.0753674827447583,1.50848428641693,0.267766593572964,0.479773899300152,1.234721062661
76,15,0.370169693026478,0.459499173851272,0.0889475429271088,1.5027153875622,0.278408437252996,0.478968924036796,1.24027969423226
76,16,0.377796281764818,0.460976470688608,0.102849669290955,1.49486440481244,0.287248670361406,0.478611758189817,1.24605948308198
77,1,-0.50740097039503,-0.127102505870912,-1.52878262340741,2.45855370456206,0.545931914244707,0.516907106504157,1.38349500782404
77,2,-0.55668731834684,-0.289561700573191,-1.29344632467077,2.03949996215319,0.322096687886995,0.456162143711906,1.37611566018716
77,3,-0.432197381084148,-0.235915273054461,-0.969844869619331,1.679415901189,0.215332199594751,0.444564200859551,1.35463260434513
77,4,-0.260477673976663,-0.109922860262077,-0.658876971399402,1.40929489247361,0.166968754013932,0.451024778151482,1.32978072838946
77,5,-0.0933684340106975,0.0268847895288178,-0.395249582127523,1.22705532296378,0.152204092326777,0.463268599729491,1.30638069818149
77,6,0.0500723988216089,0.149853151028427,-0.186184376592193,1.1184995820285,0.158135808401589,0.476149705512193,1.28651264208622
77,7,0.165105939205354,0.250880827915657,-0.0280007930924778,1.06649420642719,0.176725008349159,0.487472488952169,1.27090862417035
77,8,0.253068871897283,0.329183316611026,0.0867961627394592,1.05484648226442,0.202437714779927,0.49639504453953,1.25960588679981
77,9,0.317645962840397,0.387036888801622,0.166509538078019,1.0697753824471,0.231349998838795,0.502754638595522,1.25227882870315
77,10,0.363170316570655,0.4277955980629,0.219002070788758,1.10028881636835,0.260717786130972,0.506743511280647,1.24842220579101
77,11,0.393852532823485,0.454966424225873,0.25120995267114,1.13807056720197,0.288704587302492,0.508731764985635,1.24745929686732
77,12,0.413446460829462,0.471788981217206,0.268992194623564,1.17716024808568,0.314174465063903,0.509161301957748,1.24880819826098
77,13,0.425126492234832,0.481062412473586,0.27713196617724,1.21356259979971,0.336522488262179,0.508479809783627,1.25192234298028
77,14,0.431470323644968,0.485096380363287,0.279409107539098,1.24485308991903,0.355533904093715,0.50710033592377,1.25631392679471
77,15,0.434494929679044,0.485724992953566,0.278706290318296,1.26981271378113,0.371268371134146,0.505378449009777,1.26156552887054
77,16,0.435718469072132,0.484351834751903,0.277129646582741,1.28810727704539,0.383966704474158,0.503601786240785,1.26733351516049
78,1,-1.21000923630884,-0.450194925086107,-2.28952639116308,1.88528283769032,0.501224863199855,0.326568266375762,1.37735190302587
78,2,-0.992206520956532,-0.453830978055846,-1.48747283637371,1.07179794702158,0.285012066921996,0.272336575340732,1.34237990553814
78,3,-0.711068523997653,-0.323719567607647,-0.816819663820872,0.449324823847018,0.159813750832781,0.269055636993387,1.29999275651384
78,4,-0.445656348107637,-0.164404098006103,-0.292709561753836,0.00280147504685324,0.0884352128666076,0.286233829198907,1.25702953458543
78,5,-0.219638313346338,-0.0140986012208122,0.101430540377246,-0.296428480367985,0.0538667456871624,0.310789139018593,1.21706817916021
78,6,-0.0373445492696365,0.113940269436278,0.387647096221969,-0.478669046637899,0.0455861775556762,0.33629982671569,1.18196713620571
78,7,0.103729751774525,0.216376876976451,0.586384687864942,-0.571785537806713,0.0557580185499178,0.359399007676214,1.15255761418603
78,8,0.208471293398074,0.29405941560526,0.715181853561854,-0.599900930137649,0.0781701328994824,0.378394512188628,1.12901429176566
78,9,0.282465259748089,0.349648016287903,0.788859659985646,-0.583122559329108,0.107893870241419,0.392622925558667,1.11108751157708
78,10,0.331288219911331,0.386521477908672,0.819941616664927,-0.537683464398038,0.141114773425787,0.402076683308923,1.09826426015148
78,11,0.360170084849117,0.408214546286975,0.819001121656044,-0.476268840611659,0.174991971935605,0.407155587432477,1.08988506685131
78,12,0.373818029063443,0.418106436449383,0.794909204105194,-0.40842956095861,0.207517257991256,0.408490282871539,1.08522946794451
78,13,0.37632836658828,0.419247540100229,0.755016572091243,-0.341031283890938,0.237373768930997,0.406815569994562,1.08357721083062
78,14,0.371155729006476,0.414271859853042,0.705303949105169,-0.278706571546353,0.263799904349699,0.402881496364608,1.08425015833953
78,15,0.361122857860193,0.405366174507211,0.650522056703455,-0.224287505316946,0.286463723510296,0.397393916612289,1.0866388285809
78,16,0.34845912886118,0.394277171006877,0.594331128659874,-0.179203355772348,0.305351381250716,0.390977955233034,1.09021690862751
79,1,-0.473062266918538,0.113591103390994,-1.02588357610751,1.48610806283203,0.40742732186314,0.603891532780179,1.1325853166805
79,2,-0.211902252832773,0.130705984171142,-0.030447270216824,1.2716498955785,0.394258905191003,0.541453727331191,1.10728930426161
79,3,-0.0506662619732899,0.145677862799493,0.532339527112947,1.160093982372,0.393982987267807,0.497064441483244,1.10368794694592
79,4,0.0470507809913318,0.160146910019323,0.82053453335203,1.10724149609467,0.398632028697822,0.463509897394809,1.11013582491266
79,5,0.104385449012715,0.17406688319065,0.937192174399332,1.0853430929214,0.404663855571255,0.437039681819183,1.12129531020731
79,6,0.136422063417574,0.187209349265388,0.949720443947347,1.07727401337845,0.41033446938598,0.415595423198927,1.13457719062532
79,7,0.153129175572346,0.199524726512476,0.902122032183997,1.07286296621961,0.414791767516095,0.398010686436517,1.14862286161735
79,8,0.161104770463734,0.211134180105896,0.82289705229561,1.06649312276574,0.417701705371459,0.383601064149354,1.16265768923462
79,9,0.164668515597453,0.222238800428657,0.730225024923145,1.05549547158672,0.419051416814703,0.371937669966893,1.17621273369619
79,10,0.166576664574415,0.23303943505533,0.635403373165086,1.03905772391749,0.419022724573321,0.362719090519936,1.18900062634013
79,11,0.168507110771618,0.243688348367577,0.545150087191971,1.0174802079466,0.417902975190386,0.355700587975376,1.20085531907377
79,12,0.171397440083531,0.25426972951859,0.463156680176623,0.991671152075369,0.416021385608333,0.350657595376096,1.2116982446634
79,13,0.175684826022104,0.264800129283063,0.391140791852227,0.962809863005197,0.41370507584477,0.347369595749082,1.22151571265098
79,14,0.181477926858653,0.275240269589084,0.329561528336949,0.932128680177023,0.411250682815329,0.345615644247594,1.23034161989
79,15,0.18868024347996,0.285511758915759,0.278105372041976,0.900779033931618,0.408908095341456,0.345176011726765,1.23824329071156
79,16,0.197078028156097,0.295514423229975,0.236014704729243,0.869756618957213,0.406873289628628,0.345836518938464,1.24530969131698
80,1,0.308369703664193,0.540073691875103,1.28760061785742,1.46440589210175,0.802864558903399,0.565684461777432,0.938288230825644
80,2,0.0648696358054037,0.317604937946093,0.79644931401381,1.32246704087191,0.830551599054371,0.486055810283799,0.936129326923925
80,3,-0.0849096690480851,0.178778428849246,0.471398699961759,1.09128051572337,0.785474237523752,0.402494703554205,0.951355784457835
80,4,-0.166969430685013,0.0979780481001312,0.265871960185302,0.814913873193014,0.717667222537146,0.334120480835932,0.96793479835849
80,5,-0.199393729189448,0.0594254533811994,0.147439712077019,0.524454860217237,0.645258789420985,0.283974157019251,0.980075035964438
80,6,-0.196300079223081,0.0512632201616722,0.0915793534633806,0.241505381289704,0.576046859118353,0.250425670645791,0.986405803249584
80,7,-0.169078599086214,0.0639318618102954,0.0791688235949021,-0.0197215188564559,0.51382960168923,0.230598434616191,0.987383695574872
80,8,-0.12683929082754,0.0897301510777678,0.095273135249433,-0.250792108918552,0.460426118586124,0.221468923229997,0.984121280932063
80,9,-0.0766750159431066,0.122629079472061,0.128393457136141,-0.447690113262531,0.416461338861778,0.220251986193193,0.977859413049366
80,10,-0.0239057894657205,0.158098660623455,0.169896437331736,-0.609650068629703,0.381775186149583,0.224541314583194,0.969737673437654
80,11,0.0276666214511772,0.192908278456599,0.21352823793007,-0.738176168538534,0.355695316527045,0.232350334276535,0.96070565867625
80,12,0.0755009555596641,0.224911248939803,0.254982219916916,-0.836240122465384,0.337240608048965,0.242104805656722,0.95150163475552
80,13,0.118068324072499,0.25283074642722,0.291511627294302,-0.90764647031558,0.325276100728356,0.252609567975717,0.942663188610393
80,14,0.154623971911794,0.276060261970973,0.321586009773843,-0.956548814198799,0.318628256101464,0.263001752626821,0.934552245728472
80,15,0.185005422753828,0.294486589274181,0.344591868618525,-0.987097346511153,0.316166736767536,0.272698297608882,0.927385341125825
80,16,0.209460145836106,0.30833914261054,0.360577586317163,-1.00319685215719,0.316858369901272,0.281342996244059,0.921264302849558
81,1,-0.285536437242772,0.0937345176155231,0.202046979676632,1.51970505536395,0.982287462858051,0.294053120964795,0.996862262257182
81,2,-0.317693134371085,0.0380572888194797,0.117629346008486,1.19900784767645,0.901624509656056,0.227460556829719,1.030651030799
81,3,-0.361608139263184,-0.0320705612055346,0.027575004315571,0.856769182855724,0.799304603787325,0.170652966537893,1.05991138575881
81,4,-0.378128503748805,-0.0741969103785404,-0.0278737029898087,0.509219891081116,0.696215355720573,0.130930325918223,1.08030405475636
81,5,-0.363803358459915,-0.084519810161951,-0.0440696406387637,0.17486077612619,0.600822781296377,0.107672309272167,1.09161896670042
81,6,-0.325165245252772,-0.0696605849983059,-0.0278282815946224,-0.131935244946728,0.516939922271313,0.0980945090834211,1.09519430535865
81,7,-0.270508877273879,-0.037892175097866,0.0111739414017746,-0.402017086472427,0.446137496110732,0.0990223544700021,1.0928218494478
81,8,-0.20731941198297,0.00345842957483133,0.0635848321627799,-0.630900744161621,0.388657280731103,0.107475404738218,1.08627554150346
81,9,-0.141571835784696,0.0486336491334915,0.121531969937463,-0.817777845073945,0.343882603796066,0.120869246366493,1.07711535964584
81,10,-0.0776701686986386,0.0934368109638184,0.178948275419138,-0.964499651782663,0.310651662764556,0.137076322692798,1.06661873208888
81,11,-0.0186090889693048,0.135028968685272,0.231531763667168,-1.07467694465203,0.287491522916878,0.154424294732986,1.05577315694923
81,12,0.0337932146052256,0.171678469676011,0.276541157346136,-1.15293810217248,0.27279602751104,0.171662443428364,1.04529837062552
81,13,0.0786510395963959,0.20251556357298,0.312526001521511,-1.20434924102616,0.26495744119616,0.187911241495002,1.03568194857944
81,14,0.115782199105765,0.227311499534281,0.33904387336873,-1.23398400095684,0.262458820807347,0.202604299145306,1.02721962790288
81,15,0.145505908779885,0.246289093675957,0.356393604590733,-1.24662360474683,0.263933644695948,0.215428846445982,1.02005544764493
81,16,0.168472260849092,0.259966300932356,0.365379776740703,-1.24656539546362,0.268199033296545,0.226268904239855,1.01421893332356
82,1,-0.0416911236919965,-0.0602671136842637,1.31847617714566,1.7328948168723,0.861686189897484,0.390689409092532,1.08947905942739
82,2,-0.219123494360295,-0.048333590963191,0.453853882082915,1.40475465980643,0.710459948958501,0.319895407371106,1.11499714156667
82,3,-0.296266879975686,-0.0292334452344239,-0.0149491884318687,1.03433529201601,0.595160126815172,0.274464157183564,1.12505450517522
82,4,-0.304657625738383,0.00351795573687269,-0.234307755256663,0.665453935632583,0.501366735701038,0.2463422375155,1.1239725230278
82,5,-0.269899017313424,0.047043063106592,-0.301379063064025,0.324997732510928,0.42520136679432,0.231458026403955,1.11533925509413
82,6,-0.210883666605339,0.0963403316626987,-0.279770009405723,0.0274228490555621,0.365110425448975,0.226664442134704,1.1020353774229
82,7,-0.140870399879027,0.146723155703623,-0.210681694648328,-0.221410985077094,0.319724587406601,0.229172846598746,1.08628946648626
82,8,-0.0687821791528376,0.194556502431501,-0.120423305313531,-0.421308002994655,0.287428861055089,0.236544914542762,1.06975893572268
82,9,-0.000318569063555374,0.237367699119537,-0.0253931982437632,-0.575585641359954,0.266391144403945,0.246751442189846,1.05362034111584
82,10,0.0611694824894773,0.273725358194554,0.0646187798228653,-0.689533646559967,0.254689279876622,0.258195342676674,1.03865817323041
82,11,0.114008658291229,0.303041114552962,0.144223245076204,-0.769334375094855,0.250434734271392,0.269693373832196,1.02534658213287
82,12,0.157692099725749,0.325359454652815,0.210937056279986,-0.82132863382698,0.251867009167601,0.28043043638056,1.01392163361148
82,13,0.19249161152597,0.34116431212193,0.264159994237005,-0.85153907972411,0.25741576597084,0.28990022444122,1.00444334015198
82,14,0.219165784419256,0.351214413187871,0.304467644234954,-0.865383993184046,0.265734569846762,0.297842257267936,0.996847559230185
82,15,0.238743489085923,0.356410988484208,0.333121128975938,-0.86752962696294,0.275711999146977,0.304181716931881,0.990988312089809
82,16,0.252366978059787,0.357697048201163,0.351728754418481,-0.861840935162673,0.286465949813396,0.308975775620844,0.986671341030996
83,1,0.0431387707905115,0.42112579162312,0.322556749148806,0.915476388164412,0.871750283913481,0.351638324818758,1.25748658215163
83,2,-0.388919541640943,-0.0297488895515224,-0.273742053503859,0.50564644114361,0.722078344929407,0.247516861790592,1.27767869644659
83,3,-0.47972362862152,-0.129156891746589,-0.461080186386524,0.0458649053923859,0.60221897004994,0.193824742756444,1.27796394568193
83,4,-0.445256036460552,-0.109479536400762,-0.466554577835255,-0.383725411884933,0.503938724504498,0.167969026002935,1.26736163121075
83,5,-0.364106108016239,-0.0500441954445532,-0.38791083424436,-0.754781813015654,0.425107427366571,0.159707483813959,1.25064098157359
83,6,-0.268018229411549,0.0200242901931115,-0.272832187560276,-1.05954769769493,0.364338434080021,0.162976341819537,1.23078253194631
83,7,-0.171489474986092,0.0888514546618699,-0.147031421975082,-1.29939119416643,0.319897730790566,0.173514871950086,1.20982482885386
83,8,-0.0817713788064838,0.15110834427074,-0.0250701121899342,-1.48003823004727,0.289670297360358,0.188144204007617,1.18918928527148
83,9,-0.00250675443214476,0.204387458418819,0.0849190834377102,-1.60924364951036,0.271341812419446,0.204502261020268,1.16983652475748
83,10,0.0647517658605291,0.247843708617514,0.178831789027908,-1.69547703291652,0.262583251911665,0.220896858257901,1.15236690166493
83,11,0.119770004731788,0.281577614812893,0.255182635792149,-1.74711834257887,0.261191611301162,0.236187853369105,1.1370997562067
83,12,0.163158273510927,0.306281935042443,0.314186071050329,-1.77196108690874,0.265182968443094,0.249679134811071,1.12414107396354
83,13,0.196043046627653,0.323001412360782,0.357118947246248,-1.77692423534065,0.272844727378528,0.261019227055657,1.11344175305797
83,14,0.219828225103191,0.332957109712949,0.38586663126078,-1.76791283934166,0.282755877348893,0.27011265496242,1.10484682212799
83,15,0.236021324945158,0.337417431716103,0.402599223759695,-1.74978459217939,0.293783709580172,0.277043803345161,1.09813579292361
83,16,0.246110468415879,0.337606702736331,0.409544652499472,-1.7263894570065,0.305064350978568,0.282013916115083,1.09305459513551
84,1,-1.01198400638862,-0.383389941501844,-1.68823415370796,1.20486401948872,0.674435988498024,0.111200421622435,1.56432150082547
84,2,-1.14110654345058,-0.666314557600829,-1.51123084529913,0.320604481938767,0.453960913287201,0.0478946360866498,1.54627128643423
84,3,-0.946897955560548,-0.564241965319809,-1.10786195271157,-0.428725355872314,0.308237757927587,0.0497997919120328,1.49592829034896
84,4,-0.682061097888223,-0.36624493781063,-0.685496507710538,-1.00095766965682,0.21254684253756,0.0794425198750424,1.43637854355824
84,5,-0.428328695447347,-0.166080276707089,-0.309329471595138,-1.40656525340098,0.154951725114334,0.120401552115304,1.37775386500867
84,6,-0.210608114825993,0.00721887738551996,0.00275383702652093,-1.6713501522945,0.127004567490369,0.164205309559153,1.32456775290804
84,7,-0.0342696458031512,0.146645786363874,0.249350895641069,-1.82378216306359,0.121568775221004,0.206059379688046,1.27868746735757
84,8,0.102368743217825,0.252968706710345,0.435217480581372,-1.89056794256837,0.132429511573453,0.243257552067104,1.240624748643
84,9,0.203631141382156,0.329764532376389,0.567536828034981,-1.89510024889024,0.154283178224472,0.274445058957208,1.2101519091473
84,10,0.274761871587987,0.381544439905272,0.654358153598737,-1.857007462087,0.182755524298101,0.299183592983705,1.18663113724396
84,11,0.321150095819298,0.412957923255313,0.703804296899613,-1.79218022330537,0.214377707357328,0.317648949714595,1.16921069440581
84,12,0.347929465811772,0.428410846075165,0.723604318626448,-1.7130317475669,0.2465195537871,0.330405820195914,1.15695124180112
84,13,0.359757375011587,0.431869910324184,0.720804301295613,-1.62887807932346,0.27729370113964,0.338238176360113,1.14891000186451
84,14,0.360699337666377,0.426768283116744,0.701599698267627,-1.54637365581326,0.305444633827616,0.342023884170235,1.14419628124229
84,15,0.354183550838892,0.4159744611356,0.671259061466379,-1.4699602295362,0.330233803626911,0.34264540918276,1.14200608374875
84,16,0.34300447027625,0.401803169056318,0.634117020190378,-1.40230066664193,0.35132889868353,0.340929755310893,1.14164103103343
85,1,-0.435750538867301,-0.0100535583544694,-0.456201608203426,1.37208792324349,0.973240794362785,0.197914080939817,1.47227437163918
85,2,-0.75549463442257,-0.418621905004323,-0.727626592644539,0.733629603360428,0.854833387540024,0.137643514085057,1.45557020547772
85,3,-0.748625220158438,-0.456702870683815,-0.69494956497897,0.107122036061001,0.722983333819307,0.10672055198194,1.4344594072947
85,4,-0.633383471863747,-0.373766526670286,-0.554124461789162,-0.438487089124927,0.605787997064423,0.0984310166213136,1.40938366414888
85,5,-0.487674982732081,-0.256769330210711,-0.379472273273426,-0.885719369136998,0.510611588097385,0.105892819505444,1.38173744675645
85,6,-0.341154569095435,-0.137416454277098,-0.202428590546266,-1.23615767251067,0.437887729803207,0.123392149535331,1.35316002322083
85,7,-0.205962009180729,-0.0278617314128012,-0.0378705694874562,-1.49880962451429,0.385579893221979,0.14649242852272,1.32513318721287
85,8,-0.0871844194978374,0.0672333105539994,0.106793493578076,-1.68551770639806,0.35076832029577,0.171889019125131,1.29881135173223
85,9,0.0133916357053031,0.146462204904733,0.228207489915134,-1.80887945267185,0.330305719609155,0.197226394495085,1.27498513243233
85,10,0.0957717192482208,0.210045551980165,0.325543188060737,-1.88116288369414,0.321135198418592,0.220922352848378,1.2541109665123
85,11,0.161022616509365,0.259098078862546,0.399642622340177,-1.91369340594459,0.320459952574988,0.242008209749723,1.23636816523824
85,12,0.210838512440969,0.295227159813946,0.452433618053383,-1.91651325857716,0.325832060003824,0.259987296349433,1.22172302095714
85,13,0.247245367992189,0.320275816144081,0.486491805221134,-1.89822220859623,0.335189756888937,0.274712665369674,1.20998982674323
85,14,0.27238821110933,0.336145497193422,0.504705545753174,-1.86594576906276,0.346859822586412,0.286284101547643,1.200884179342
85,15,0.288378772069604,0.344673189843871,0.510024564196809,-1.8253925662719,0.359536535106332,0.294963782136821,1.19406687442716
85,16,0.297190993940871,0.347549892984778,0.505279463588468,-1.78097088487449,0.372245842083527,0.301109295377291,1.18917826828414
86,1,-0.533504550839,-0.497558326757274,0.845273200202773,0.874701599002896,1.17681526313318,0.173863929514601,1.47036784187678
86,2,-0.69949695166876,-0.454356731615559,-0.132055436509591,0.249066924787132,0.980419916536,0.134394933905905,1.45238298094175
86,3,-0.6884301880235,-0.340380793373182,-0.566048280937806,-0.361377045259719,0.81727774827077,0.117415519595008,1.42490391033626
86,4,-0.592898803225538,-0.208076281367906,-0.691326930817576,-0.902928449016052,0.686615393155099,0.117510894690137,1.3904102629022
86,5,-0.460744171747862,-0.0781889935630097,-0.646783354931385,-1.3535873458491,0.586190249637631,0.129864728781272,1.3520107574171
86,6,-0.318623284948633,0.0401346209036789,-0.516520734577738,-1.70870129915673,0.512754611878152,0.150179161008696,1.31251430766557
86,7,-0.1817633592349,0.142678655279536,-0.351524927011695,-1.97327915486991,0.462505807972706,0.174820457659788,1.27411033808066
86,8,-0.0585576778240838,0.227801238167103,-0.182077764923433,-2.1574566026579,0.431453462901144,0.200907055011907,1.23832773327788
86,9,0.046936241145616,0.295447421758493,-0.0252903194222564,-2.2736696419191,0.415696074843785,0.226306800519866,1.20610876129575
86,10,0.133463251385349,0.346606310243167,0.110138854156513,-2.33486618659153,0.41161422395748,0.249568562329068,1.17792083791044
86,11,0.201550354454703,0.382933815315768,0.220835958736437,-2.35339854103778,0.415992241266464,0.269818423181259,1.15387146175837
86,12,0.252798967442906,0.406462048296695,0.306712988947151,-2.34038029720642,0.426081549595379,0.286643480093572,1.1338118264262
86,13,0.289387582806329,0.419373472222614,0.369608818527702,-2.30536360670064,0.439618799831954,0.299978218764896,1.11742400834131
86,14,0.313725128789589,0.423831594942294,0.412382818477771,-2.25623521338895,0.454810933226152,0.310002110054775,1.10429093076634
86,15,0.328215772345501,0.421861680106495,0.43831596745349,-2.199257351704,0.470297773409574,0.317052647961076,1.09395022549233
86,16,0.335107057033403,0.415274229559425,0.45072420996145,-2.1391991973564,0.485100977341269,0.32155513224664,1.08593391645841
87,1,-0.596967605429505,-0.392106344127209,0.412445582028357,1.18650804741733,0.797126810339595,0.194907515819509,1.68549621684482
87,2,-0.878440495063345,-0.571289471859808,-0.512644825038483,0.469856671110008,0.627793103951179,0.125361185477912,1.67590073077925
87,3,-0.835810256918307,-0.482258912284216,-0.808012018742552,-0.209898870973846,0.500800595514702,0.103955768022788,1.64158841098955
87,4,-0.679886005181148,-0.319935943255573,-0.804866577920562,-0.781556380646222,0.407481631790966,0.10835903334849,1.59626576838937
87,5,-0.494585211278268,-0.152510355625184,-0.665908242082191,-1.22863242785856,0.342955179724791,0.127172786070996,1.5472444770509
87,6,-0.314796024693131,-0.00323560102407255,-0.475702540166356,-1.55695085592561,0.302808013745215,0.153437002049115,1.49876417034376
87,7,-0.155094833227686,0.120970441626919,-0.279218323986729,-1.78128810122201,0.282596903702174,0.182498272860153,1.45335949592457
87,8,-0.0208604493808749,0.219398020534347,-0.0997842346664119,-1.91940494503495,0.277983831067869,0.211211349937302,1.41248940455869
87,9,0.0870711780093592,0.293837430526043,0.0517115735107559,-1.98916609146415,0.284942737647897,0.23754611193041,1.37687765261773
87,10,0.170229805113213,0.34711736277064,0.171685576158231,-2.0070927663691,0.299911047274487,0.260324169273849,1.34673089772687
87,11,0.231359634599899,0.382450683647282,0.260796840583815,-1.98766170139099,0.319871282820294,0.279008087289158,1.32189649032134
87,12,0.273745063732482,0.403092759780304,0.322042625915704,-1.94303197981604,0.342374428909396,0.293524184888895,1.30198370741025
87,13,0.300791931065893,0.412140814750796,0.359550056610284,-1.88303066299276,0.365520779817376,0.304114904908935,1.28645827442953
87,14,0.315764842421625,0.412412078684014,0.377810103969392,-1.81529545636663,0.387912584663807,0.311219367487549,1.27471514680478
87,15,0.321628958206997,0.406374752929591,0.381203247539994,-1.74550757231557,0.408590198399433,0.3153802453669,1.26613290427468
87,16,0.320964961523758,0.396117715704052,0.373721615374508,-1.67766889508144,0.426960798030086,0.317174246121973,1.26011259525513
88,1,-1.29438992352619,-0.886113816838387,-1.6695881148534,0.775584458120611,0.668203245965408,0.0400405456285688,2.16724991610545
88,2,-1.3529885526009,-0.968100524810223,-1.86379503647439,-0.274793525406552,0.356223866452747,0.0150081771931989,2.11185391998819
88,3,-1.07320581104852,-0.723486944634245,-1.56289875883315,-1.13740297111578,0.183161440205504,0.0599919932256723,2.00486534291182
88,4,-0.714911937716938,-0.410316660345134,-1.10562831027254,-1.76492395434269,0.0906747224975326,0.127322291526678,1.88531055992383
88,5,-0.37574005072949,-0.120085293331573,-0.638898954860233,-2.17251964298028,0.052592122026716,0.19786065375076,1.77059909872503
88,6,-0.0894722562901052,0.118720094546419,-0.225331095812308,-2.39643895267154,0.0529399628433911,0.263079200126142,1.6683365284777
88,7,0.135992984161708,0.301582161997374,0.111794240866384,-2.47730748152955,0.0798529817349608,0.319058267156822,1.5813888778931
88,8,0.303470130727968,0.432984317166695,0.368459615811602,-2.45331468952274,0.123906810761745,0.364258834518455,1.51018845986624
88,9,0.420100654587718,0.520508531827298,0.550202983801462,-2.35755950703482,0.177614622723276,0.398535132835905,1.45387236922589
88,10,0.494477790515417,0.572411637760275,0.667034603763282,-2.21725107866116,0.235189214924575,0.422591590316131,1.41089989321245
88,11,0.535261343450492,0.596584640073247,0.730607624084864,-2.0537860814284,0.292341417834832,0.437629747903677,1.37941751314209
88,12,0.550483343246337,0.600097867593675,0.752598031991121,-1.88325102811438,0.346070238155061,0.445099608601404,1.35748752543462
88,13,0.547209887705766,0.589018808316387,0.743791817347353,-1.7171194719868,0.394446988149122,0.446522365907806,1.34323382600631
88,14,0.53140544887655,0.568371286487923,0.713611494080797,-1.56301576740936,0.436404352846092,0.443367752485437,1.33493234325378
88,15,0.50791964797739,0.54217432361527,0.669923789516566,-1.42546965844353,0.471540156717223,0.436974522300352,1.33106232189004
88,16,0.480549104364619,0.51352711767989,0.619027111143612,-1.30661676074189,0.499942402686288,0.428504672944277,1.33032938188537
89,1,-0.932011328656004,-0.736650457898026,-0.802483642904369,1.08313992841122,0.91274554883814,0.127670405177623,2.25836678925662
89,2,-0.972162169220445,-0.732015840227648,-1.19033119539554,0.338312962628307,0.637387453666197,0.128435265859206,2.20440542687919
89,3,-0.77668045524052,-0.531255412536054,-1.11887578328978,-0.283618530492024,0.4788494959373,0.173722090784746,2.122763390509
89,4,-0.516436317656422,-0.287786405506098,-0.866249959014584,-0.742316297579992,0.391002091366607,0.23101826076461,2.03280816996086
89,5,-0.262351273057788,-0.0605199795317743,-0.566331684856775,-1.04291154356995,0.351508309124557,0.28767386809311,1.94478556837031
89,6,-0.0423690439676325,0.130155541218081,-0.283071870564823,-1.20822559592781,0.346057274258979,0.338307561827094,1.86418295986711
89,7,0.134793459915558,0.279830872219053,-0.0446995832713311,-1.26633687993051,0.36392525207753,0.38064261590932,1.79374563412053
89,8,0.269285175491223,0.390765388748971,0.139478834654142,-1.24489296872043,0.396683546260586,0.413987628640805,1.73452199731758
89,9,0.365321897006585,0.467888501418037,0.27024349996389,-1.1685536535305,0.437740813844604,0.438572430573895,1.68647727250332
89,10,0.428806696508665,0.51698828328273,0.353522564615517,-1.05797955679377,0.482084704870892,0.45518262342178,1.64889413850525
89,11,0.466076130158204,0.543842750450034,0.397514542356793,-0.929625244384516,0.526060998865543,0.464918454095051,1.62065260365764
89,12,0.48321774818506,0.553788201663922,0.410985743379787,-0.795961199380538,0.56715815505522,0.469021913098572,1.60043107971846
89,13,0.485705500393532,0.551510858681529,0.402281083294067,-0.665917213644423,0.60379801417667,0.468751794018505,1.58685026971348
89,14,0.478226085263926,0.540964485025672,0.378786540490347,-0.545424262550333,0.63513947930431,0.465296848306726,1.57857306392912
89,15,0.46462523897677,0.525364306347635,0.346683019350777,-0.437979047017371,0.660901167470596,0.459720005486021,1.57436993362011
89,16,0.447929862773864,0.507228206643136,0.310887363506329,-0.345184385465454,0.681206777784418,0.452927471753674,1.57315742543356
90,1,-1.53354624581511,-0.899821878620886,-3.08903628647328,0.308603995050028,1.08687180128975,-0.0632350013739731,2.1560250421249
90,2,-1.4338536758144,-0.979398921268408,-2.53845486614763,-0.804351793087496,0.862593392088799,-0.0316364272113125,2.05152658392209
90,3,-1.09667194056309,-0.757442557842847,-1.85031286932874,-1.69273414788283,0.681462493568641,0.018762733421943,1.93859585528252
90,4,-0.724796320351333,-0.469710772551277,-1.19730583596243,-2.33645934261243,0.55254905172373,0.0797644512750565,1.82691513244936
90,5,-0.386648597830003,-0.196685021683589,-0.633891348317104,-2.76020177243904,0.47054222315244,0.143783561281218,1.72228606331078
90,6,-0.103136603739304,0.0357046259979703,-0.172667375242819,-3.0016114165237,0.426594417667722,0.205307160440632,1.62808532042132
90,7,0.122457300269249,0.221522864643661,0.18947828947303,-3.09973267571374,0.411664646891991,0.2607820185331,1.54600707005825
90,8,0.293785412359044,0.362575164419524,0.461941698077184,-3.09059583796179,0.417597448952836,0.308222939058314,1.47654067831517
90,9,0.417302932345695,0.463769096132713,0.656620538745747,-3.00554328067175,0.437462382733016,0.346823126313959,1.419327580135
90,10,0.50046168421118,0.53116040129921,0.786129617060902,-2.87072408991306,0.465617242406334,0.376619182906316,1.3734434383729
90,11,0.550800714704453,0.571014583756778,0.86281334337451,-2.70715821394079,0.497649591839917,0.398215705354284,1.33762202589376
90,12,0.575439266342063,0.589305351087811,0.898150200192598,-2.53110561304881,0.530258248972991,0.412565407753256,1.31042910516131
90,13,0.580788510898425,0.591436961132459,0.902398816709191,-2.35459962992409,0.561105710370538,0.420798974665094,1.29039277252302
90,14,0.572402685713549,0.582101568741715,0.884415550811753,-2.18605688324477,0.588660305823054,0.424098337310211,1.27609650725113
90,15,0.554926548831357,0.565226277062267,0.851599327255065,-2.0309044047667,0.612040487934868,0.423606878670433,1.26624111295754
90,16,0.532110227560984,0.543981479755862,0.809929355730949,-1.8921835033166,0.630869440328002,0.42037014608919,1.25968151237383
91,1,-1.10940505690376,-0.726711417522237,-1.81872343605964,-0.110043916263517,1.3712665374575,0.000144701040694195,2.06823979010181
91,2,-1.03521475383423,-0.733258538641412,-1.58809830097086,-0.945228696169846,1.21627184761335,0.0366485338828985,1.99720634382101
91,3,-0.816065433707617,-0.568789695451454,-1.22265714573648,-1.63714068595398,1.06372707147679,0.0702579198691759,1.925989572521
91,4,-0.568268352101538,-0.365403617627802,-0.839155972184483,-2.16857445862767,0.940441317832838,0.108649518591269,1.85532796149724
91,5,-0.334191280841755,-0.169714577771645,-0.483133822117419,-2.55008377991782,0.849390711672004,0.150381648647021,1.78725961580449
91,6,-0.12914393543296,0.00203967577367725,-0.172475492084075,-2.80177133178899,0.786927098122606,0.192529259464642,1.72373552162236
91,7,0.0422755147916223,0.145097994602599,0.0869750769072158,-2.94624606327068,0.74784544337392,0.232587204398388,1.66616516834474
91,8,0.180181982362821,0.259440220767979,0.295327524516705,-3.00562703641083,0.726942122218494,0.268826188156879,1.61534281536086
91,9,0.286968540331567,0.347186275062737,0.455908737437831,-3.00016051946652,0.719520219793159,0.300243300219685,1.5715208395762
91,10,0.366154790014875,0.41144835453423,0.573797177183188,-2.94758145039606,0.721551317773346,0.32641957465108,1.53452949623541
91,11,0.421746170757813,0.455735864621905,0.654914503061743,-2.8628773686078,0.729707120024068,0.34737065287426,1.50390014473387
91,12,0.457835062037095,0.483604397581576,0.705417106507487,-2.75829577976936,0.741331775151743,0.3634141544938,1.47897461994873
91,13,0.47834224727068,0.498436345538317,0.731282760719291,-2.6435045269836,0.754383462504802,0.375059481855594,1.45899494364576
91,14,0.486853622673521,0.503306165322053,0.738039558707086,-2.5258450169454,0.767360054214906,0.382920223208028,1.44317275032225
91,15,0.486526652702557,0.500905731522842,0.730603174085932,-2.41063502776661,0.779218178097681,0.387647350535669,1.43074008215097
91,16,0.480048749460246,0.493513634048022,0.713196593507175,-2.30148942999496,0.789292061226539,0.389880639361508,1.42098412592901
92,1,-0.713246497317934,-0.327236111857294,-1.42160776600402,-1.29410318407289,1.17749758841596,0.162556579634438,1.88022670124537
92,2,-0.574469854592863,-0.262610013397947,-1.03236493083387,-1.80319131105561,1.04364526613586,0.136843802691509,1.82062691990095
92,3,-0.433369451632983,-0.176484309086097,-0.710203035783644,-2.21382056843539,0.940035309391124,0.131889257170665,1.77323750881036
92,4,-0.299546412955407,-0.0853084434154743,-0.439767153147467,-2.53329706278236,0.858936732639708,0.138472868981312,1.73097017648673
92,5,-0.177423442676454,0.00268523752211253,-0.21174911871838,-2.77112329582486,0.796605051511559,0.151680639311508,1.69149173582337
92,6,-0.0693073824271033,0.0829978891137655,-0.0206307880690496,-2.93782022530291,0.750180065383966,0.168363474339965,1.65438699078574
92,7,0.0237384371351607,0.15323015350974,0.13725489286913,-3.04422594163541,0.717004680866253,0.186344477391512,1.61988620576932
92,8,0.10157357373314,0.212355166735197,0.26490084031881,-3.10097032935486,0.694553251567335,0.204115047399462,1.58832326560198
92,9,0.164772596963491,0.260296605747772,0.365203832180666,-3.1180698935239,0.680487209754046,0.220673493420826,1.55992932833225
92,10,0.214435317731312,0.297629267841217,0.441171501494208,-3.10463666014059,0.672714794442515,0.235411137163185,1.53477677844727
92,11,0.252008520519837,0.325347457675456,0.495930462457432,-3.06869569533946,0.669428159614362,0.248020050875343,1.51278714238879
92,12,0.27912820751934,0.344683512016154,0.532644904674146,-3.01709875395018,0.669116516560713,0.258415453033782,1.49376290167918
92,13,0.297489278007173,0.356968563238097,0.554408720990282,-2.95551671700129,0.670560033299118,0.266670710124623,1.47742484530873
92,14,0.308744992524281,0.363529754792595,0.56414435379401,-2.88849189267095,0.672810037116569,0.272963970071294,1.46344686222452
92,15,0.314435061303501,0.365618421884845,0.564523476079663,-2.81953204796772,0.675160487986785,0.27753551699802,1.45148497183541
92,16,0.315939124828184,0.364363849602221,0.557914226179542,-2.75123019469278,0.677114784920576,0.280654790995098,1.44119974249877
93,1,0.293697581230817,0.498810689857521,0.3291482059634,-1.60978689665212,1.0882726690244,0.397749791663881,1.57639728592936
93,2,0.239877105458513,0.416403636307399,0.339745200499609,-1.60415893826899,1.15307626950497,0.372030806902437,1.55505670445828
93,3,0.162897172711909,0.323977798549685,0.280388867026399,-1.6453339966756,1.14241129676481,0.326905937020268,1.5621967773557
93,4,0.0974065092401198,0.248738866957846,0.21234193672949,-1.72565511665136,1.1038007759241,0.285753751913935,1.57650266636693
93,5,0.0531050529574085,0.19673182225463,0.159938719769018,-1.83182023686898,1.05429071785253,0.253925197936287,1.58912629810964
93,6,0.0302774423577653,0.166536584159122,0.130487852975192,-1.95049045403258,1.00144440227307,0.231658688914712,1.59684815482157
93,7,0.0257500982677161,0.154319564934306,0.123435028684035,-2.07040301694105,0.949346284111552,0.217772639979386,1.59900436729489
93,8,0.0353247672296219,0.155767765489294,0.134849801463956,-2.1829941486657,0.900422316635319,0.210754277932233,1.59605837552628
93,9,0.0548224966331777,0.166846253065003,0.15970524171965,-2.28236591306641,0.856085946938451,0.209102688284627,1.58891843817612
93,10,0.0805324476011606,0.184083983354109,0.193037359288692,-2.364969162927,0.817044419919667,0.211448718257437,1.57860587305665
93,11,0.109383133306233,0.204656275430398,0.230503400020111,-2.42918039442335,0.783495217545313,0.216600218351214,1.56609453433164
93,12,0.138974922872347,0.22637321674603,0.268606664168272,-2.47486212938033,0.755275385880225,0.223556490927423,1.55223722118673
93,13,0.167540973192841,0.247622889742848,0.304735136934029,-2.50295275034924,0.731981148449403,0.231506573238027,1.53773785856388
93,14,0.193872414119253,0.267293890225758,0.337099123678818,-2.51510818856208,0.713063444219034,0.239817675752089,1.52314838132807
93,15,0.21722841228197,0.284690737570348,0.364618794269415,-2.51340436116949,0.697902339592169,0.248017520821811,1.50887892435962
93,16,0.237243503633461,0.299450270740955,0.386792476326513,-2.500101239809,0.685862863947879,0.255773283330185,1.49521479191588
94,1,0.302754803575774,0.382476899123556,0.600849499512075,-2.23603590114951,1.25686036245267,0.340584418824894,1.3213752992691
94,2,0.541039971337109,0.649980159320848,0.838107391024535,-2.02167920874114,1.22369811731356,0.340531544014617,1.33354068584005
94,3,0.496498169173979,0.612684897149105,0.750495757102934,-1.83716510629181,1.18187479491019,0.321222611654786,1.37306761688929
94,4,0.383072067939088,0.500540512373726,0.581080966721076,-1.72763984796984,1.13269809295074,0.296983633560215,1.41676101204224
94,5,0.27322214746874,0.390016032789279,0.417761021882569,-1.69023736033622,1.07878272366732,0.273899718673197,1.45529268511555
94,6,0.188225666132604,0.303057439235111,0.288838825607776,-1.70824049906362,1.02295636617656,0.254575673544451,1.48546961100201
94,7,0.131050947036786,0.242638033593426,0.199456275329069,-1.76321458003956,0.967727249001217,0.239961630786297,1.50683157709355
94,8,0.0984450603947055,0.205550960144421,0.145926404444841,-1.83906235061108,0.915078288521684,0.230140634335275,1.52010971634964
94,9,0.0854285752411689,0.187006839043131,0.121587100248352,-1.92309368047201,0.866427375288944,0.224723491395882,1.52650580375904
94,10,0.0869747551021359,0.182263581947492,0.119275055868992,-2.00599519457955,0.822667522259727,0.223076336084837,1.52734525319771
94,11,0.0986191497912376,0.187170688013256,0.132380103685581,-2.08141263901409,0.784242572738769,0.224463859626769,1.52390729934492
94,12,0.116648119772204,0.198310267548097,0.155264751787857,-2.14542366845808,0.751235270899606,0.228142044367766,1.5173435043398
94,13,0.13811422802905,0.21298545505806,0.183381962770906,-2.19601289550832,0.723455120128587,0.233416780922135,1.50864281443196
94,14,0.16077803835329,0.229150892986384,0.213243579980515,-2.2325949272185,0.700519151840023,0.239678087913839,1.49862243049486
94,15,0.183019387738352,0.245322946352498,0.242315333632593,-2.25560290777284,0.68192205667391,0.246416709640653,1.48793344274652
94,16,0.203738628088002,0.260485897460534,0.268879380365543,-2.26614697571745,0.667094214794825,0.253228236094353,1.47707484973803
95,1,1.43916300758982,1.49819791448774,2.46365237011102,-1.87323697909156,1.47706896693438,0.839665908713975,0.877526076026568
95,2,1.29555021056461,1.40987413253579,2.16185500823607,-1.17043869169037,1.49007371908004,0.717397446448421,0.927020548741702
95,3,0.952694128268181,1.10518118380556,1.61544391560669,-0.688153719204347,1.47846496977412,0.600877149488669,1.02528657718237
95,4,0.604331612417458,0.785504807478766,1.0696428353684,-0.429763936435068,1.43594653859167,0.494464921741571,1.13192872813742
95,5,0.313042124684416,0.514375077571175,0.610371703693075,-0.357106082050161,1.36859047733342,0.401855399650019,1.22893446283503
95,6,0.0931626298545609,0.306275474570258,0.259965270059708,-0.422974645830779,1.28483418590251,0.324905439057874,1.30915993260588
95,7,-0.0587470992941802,0.158402702877596,0.0148071268030239,-0.582907822241505,1.19252329750811,0.263904660933616,1.3708082365233
95,8,-0.152340159300405,0.0622472102504787,-0.138997921597717,-0.799172057376248,1.0980925595189,0.218039242858421,1.41470135979747
95,9,-0.198890301217429,0.00794206778568562,-0.218663331531356,-1.04168953237041,1.00643427757401,0.185798234246794,1.44288466119443
95,10,-0.209378356475337,-0.0140463162061291,-0.241458491506323,-1.28772074208663,0.921005092945484,0.16529000449984,1.4578871272986
95,11,-0.193677294113045,-0.0122514746979067,-0.223154766055632,-1.52103824308775,0.8440188418358,0.15447762269519,1.4623180989232
95,12,-0.160230632467177,0.00603373658622547,-0.177333759851939,-1.73091682847315,0.776665814247916,0.151346917765477,1.4586458782595
95,13,-0.115975715007406,0.0348011919801847,-0.115163872043581,-1.91109770736047,0.719330695961142,0.154019921770797,1.44908047348641
95,14,-0.0663984392047927,0.0692713581219884,-0.0454418199837643,-2.05880852390957,0.671794672712507,0.160824859925733,1.43551921018272
95,15,-0.0156603620991786,0.10578337853338,0.0252166414346028,-2.17388221754645,0.633413972366672,0.170332455545992,1.41953171172526
95,16,0.0332367071451879,0.141657509267553,0.0921079554025281,-2.25799524874361,0.603271294228693,0.18136700615803,1.40236979112803
96,1,0.860242321003492,0.76577657713313,2.22748884996148,-2.68300835754253,0.896945626634871,0.676508730143158,1.22952110723156
96,2,0.723258748302205,0.857245699413109,1.31078646318541,-2.42809637239746,0.774345191214355,0.600190049126196,1.27463308705719
96,3,0.567353733059418,0.801613647439382,0.743723885793501,-2.26883465738097,0.733339855205652,0.553967396638748,1.29729969703883
96,4,0.444543576389565,0.715094421884964,0.416110044547423,-2.18461094814404,0.715202972809889,0.516250890436119,1.30712307886619
96,5,0.359396064225151,0.633908524604369,0.240789148713841,-2.15106494153036,0.703004138494773,0.482797261275592,1.30899875504788
96,6,0.304767836881245,0.567297408692011,0.158363829790792,-2.14856765495517,0.692048490183264,0.453270974586928,1.30571566091503
96,7,0.272392757737262,0.515704758950071,0.130769014769865,-2.16305249970422,0.681237060404002,0.427851326948014,1.29902026487239
96,8,0.255481664815659,0.47699782208027,0.134314372652149,-2.18499023033036,0.670504432349878,0.406525468654884,1.29008710101035
96,9,0.248977188937271,0.44856998231457,0.154482321491068,-2.20818742040112,0.660043071001406,0.389045277734009,1.27974487058672
96,10,0.249242849828074,0.428018699639699,0.182470130292868,-2.22880818635465,0.650065044655699,0.375012145599987,1.26859489898615
96,11,0.25370185237252,0.413329303411018,0.213004234598553,-2.24465232863963,0.640731924493907,0.363960018268171,1.25707875777693
96,12,0.26054597803841,0.402888877616403,0.242989386112387,-2.25463867191572,0.632140388813311,0.355413663328531,1.24552015903798
96,13,0.268522424924845,0.395444654701799,0.270680248435345,-2.25843752410283,0.624327243609603,0.348924321128883,1.23415295053695
96,14,0.276781392175121,0.390047866532146,0.295172592373144,-2.25620875500344,0.617281005423324,0.344088968788281,1.22314112806456
96,15,0.284766587948261,0.385997804018251,0.316088125301584,-2.24841485170608,0.610954931102624,0.340558652425518,1.2125939730026
96,16,0.292135329771313,0.382791248958473,0.333376522954893,-2.23568791019059,0.605279261554025,0.338039882706459,1.20257800676606
97,1,0.344555164858873,0.41919095960418,0.895999682279637,-2.97521669353317,0.661819516632747,0.438986319862369,1.44972990987285
97,2,0.321016152941898,0.485491838373081,0.531748854153293,-2.8965701629776,0.561016864404431,0.393163636291035,1.46957829148726
97,3,0.301704357267648,0.500657876627449,0.346863394604923,-2.8280069649353,0.532720700022365,0.377709534765582,1.46462240547639
97,4,0.289819013057631,0.496628713284725,0.263550195178203,-2.76585896333316,0.527838576946322,0.368340403827888,1.4504869192741
97,5,0.282637710304001,0.484711902193004,0.233381753828681,-2.70728967044308,0.531209247840494,0.359416062184686,1.43387300258475
97,6,0.277380219246425,0.469205508299132,0.228396832784744,-2.65112318909077,0.537493761347062,0.350025334111209,1.4175764083191
97,7,0.27237664980508,0.452023478366393,0.233425968953101,-2.59728492419914,0.5444354813127,0.34033653144685,1.40264579741083
97,8,0.26692862496431,0.434232204874309,0.240817741977066,-2.54618373931615,0.550914986521735,0.330681172865937,1.38934538980583
97,9,0.260944657424288,0.41654728379042,0.247135368042648,-2.49830470176176,0.556341507943947,0.321347906231458,1.37759742493085
97,10,0.254638163341031,0.399490135870187,0.251188364109209,-2.45399905705526,0.560426833053092,0.312551440247853,1.36719027998864
97,11,0.248330672377737,0.383439125440919,0.252899821617773,-2.413406780264,0.563076582776811,0.304439357564167,1.3578774157546
97,12,0.242339933389245,0.368651562787962,0.252675831692226,-2.37645537430664,0.564323810804496,0.297104113563596,1.34942370176478
97,13,0.23692497539128,0.355279896412946,0.251069207821982,-2.34289639463354,0.564282567786889,0.290593765326662,1.34162553033293
97,14,0.232266010727526,0.343388025932515,0.248612215779172,-2.31235603202171,0.56311385370156,0.284920911676917,1.33431753435525
97,15,0.228464120525833,0.332968299635823,0.245744126113431,-2.284386328167,0.56100065114771,0.280070288179287,1.32737240899865
97,16,0.225551123082555,0.323958374237357,0.242790155065968,-2.25851013519447,0.558130065829506,0.276005382871819,1.32069729271488
98,1,0.859423453080579,0.916802105096846,1.43087274856248,-1.9455657677063,0.870667905289709,0.453429371948982,1.1579902213147
98,2,0.636909975324786,0.769651968238257,0.846102081683382,-1.68392630086804,0.866916637431479,0.436153213928604,1.1812822161163
98,3,0.441256353392216,0.609054296552202,0.441871444040099,-1.55004691476609,0.837973060962422,0.402147938120083,1.21689890704536
98,4,0.293797480452816,0.474808969158903,0.177558527729226,-1.51053088717171,0.799727757332968,0.366455761658876,1.24977583149957
98,5,0.192213936936624,0.374302988468592,0.0150743299931123,-1.53453793608418,0.758215247067852,0.334442028827174,1.27506940345652
98,6,0.128229898185804,0.304603251082393,-0.0752723657643243,-1.59725708020055,0.716496401391483,0.307939909811508,1.29201310791213
98,7,0.0930921453758075,0.260019793237451,-0.115461451122996,-1.67997144028423,0.67648548345599,0.287293657003326,1.30139752925714
98,8,0.0791124530558945,0.234684885773631,-0.121581597425231,-1.76920020797771,0.639449983679475,0.27214890944276,1.30452533759187
98,9,0.0799706622625573,0.223393441286469,-0.105418482871222,-1.8556957802578,0.606179308655273,0.261820502544171,1.3027759416885
98,10,0.0906477402113874,0.22182430069941,-0.0756111834065308,-1.93352153791134,0.577078766051998,0.255491918562061,1.29742679843474
98,11,0.107262885416519,0.226536786898414,-0.0384576363853986,-1.99926236501898,0.552248598860951,0.252332193033241,1.28958552380878
98,12,0.126897649011459,0.234885984940302,0.00151941834176456,-2.05136878913422,0.531557896333943,0.251564625566677,1.2801715049174
98,13,0.147430466383518,0.2449115554355,0.0411612286694524,-2.08962233193004,0.514712221846605,0.252504394263534,1.26992049312401
98,14,0.167387380029405,0.255222497380829,0.0783617462437923,-2.1147073368797,0.501312634477619,0.254575381514947,1.25940011307345
98,15,0.185809957367229,0.264887747766915,0.111823323906471,-2.1278749731598,0.490904719057166,0.257313195363449,1.24903035695976
98,16,0.202140227628703,0.273337187510941,0.140860217366888,-2.13068605276076,0.483017326707723,0.260359372867215,1.23910585765111
99,1,1.1959605782011,1.1003604118909,2.43482398190959,-1.59072117658828,1.577785967633,0.553742288899794,0.886970487862851
99,2,1.08068962771869,1.21152682920959,1.52150529978477,-1.08900004466156,1.5115509318173,0.555083355331414,0.979615627444159
99,3,0.760933585517771,0.992259948713066,0.743073335856463,-0.795553244397364,1.41796189987182,0.50993425776527,1.08355414060457
99,4,0.466335788706006,0.738190717444229,0.190918319841988,-0.691048597932301,1.31629969295699,0.454241449341968,1.17226264126324
99,5,0.248677986492937,0.530221699515758,-0.160794858049026,-0.723673383009972,1.21423199032389,0.401671634488769,1.2390428985744
99,6,0.107010331603165,0.381623092705846,-0.359424798675402,-0.843304261863609,1.11602507525821,0.357446510994819,1.28448262223216
99,7,0.0270447401621565,0.285721987027804,-0.4482898812629,-1.00986839577595,1.02451872630298,0.323130047024008,1.31162225811832
99,8,-0.00684443301934079,0.231278613091952,-0.461769418828724,-1.19391937263959,0.941596676901435,0.298530459122515,1.32407630303233
99,9,-0.00828973069464539,0.207316077409245,-0.425881082981685,-1.37511660121336,0.868345743836129,0.28259331383671,1.32530917625687
99,10,0.0117130448111755,0.204491904024396,-0.359901843800131,-1.54035506649335,0.805177486104547,0.273884496666281,1.31837171162456
99,11,0.0446569461711026,0.215333650164612,-0.277883257788148,-1.68204664285047,0.75195814510322,0.270872223890106,1.30582603010452
99,12,0.0841752441837524,0.234107233978678,-0.189857469321051,-1.7966690821616,0.708142577623817,0.272093219919694,1.28974966719161
99,13,0.125670612921918,0.256576934638834,-0.102766635642931,-1.88358502015052,0.6729014612459,0.276245227740095,1.27177372609555
99,14,0.1659728896679,0.279746865339329,-0.0211839253721307,-1.94410310355085,0.645233867397636,0.282230832875057,1.2531352292112
99,15,0.203037711919,0.301616255877865,0.0521180979026474,-1.98074773566522,0.624061039392183,0.289169210430632,1.23473420307675
99,16,0.23568723692614,0.320960421241782,0.115713409519701,-1.99670505347406,0.608300150896406,0.296387463561906,1.21719049413989
100,1,0.694302939071164,0.960955829965604,0.624962769477179,-1.59102547739391,0.68849822988717,0.508640873643885,1.18328160552082
100,2,0.459454872885243,0.732413311484556,0.253874820217729,-1.44690762735203,0.716867912052841,0.452639173117884,1.2492290833285
100,3,0.310079419271499,0.580390833010575,0.0313996546885393,-1.39535677293299,0.7173031439451,0.400789201352411,1.29235637881295
100,4,0.211471096871283,0.472232730023928,-0.100018693797574,-1.4031378793597,0.703200176869426,0.356971856348115,1.32115433479002
100,5,0.147650438407547,0.394336466419083,-0.170704310082556,-1.44801155875637,0.68102214118297,0.321771377702253,1.33970114822205
100,6,0.109417761149381,0.339400389053185,-0.199248462773013,-1.5139538824386,0.654713395839249,0.29467904651119,1.35033536849581
100,7,0.0903441758420994,0.302370650378424,-0.198444246342801,-1.58919881712006,0.626976777833802,0.274777570332394,1.35470141207445
100,8,0.0854168487704903,0.279196802476371,-0.177728428306974,-1.66524068513237,0.599700969428169,0.261002142072762,1.35413638029065
100,9,0.0905672561695344,0.26647064313843,-0.144287782682368,-1.73617823909246,0.574157519183874,0.252267618025884,1.34979896068461
100,10,0.102486393667435,0.261324449430039,-0.103628541441603,-1.79819766806054,0.551132303128134,0.247541230558846,1.34270379176031
100,11,0.118527033500164,0.261391645260295,-0.0599190191815523,-1.84913087905707,0.531033133272618,0.245885493324931,1.33372628364925
100,12,0.136627850733121,0.264772242926399,-0.0162311726526868,-1.88807097513481,0.513982789679408,0.246481334259829,1.32360243318334
100,13,0.15524033902615,0.26998999865023,0.025266612437872,-1.91504059030579,0.499898931808041,0.248637189619384,1.31293175493441
100,14,0.173255022177486,0.275941675354827,0.0631440217539352,-1.93071170984632,0.488561026477721,0.251788158609289,1.3021849833624
100,15,0.189928352607211,0.281842103570756,0.0965623893395556,-1.93617515127137,0.47966466551932,0.25548840791766,1.29171584177619
100,16,0.204812770965798,0.28716882752227,0.125144745498441,-1.93275660955054,0.472864110793135,0.259399339732233,1.2817754937429
101,1,0.457457954944885,0.764028490469233,0.197885513694326,-1.71779211769904,0.855313833256364,0.501005734008187,1.23927620456326
101,2,0.333071391935777,0.643049939889545,-0.0156419373415089,-1.70149487198669,0.803920494826735,0.451988298188019,1.26621582856838
101,3,0.254792200861047,0.550617626394476,-0.11624165851861,-1.73065030410666,0.76892488841182,0.417228106126501,1.27802374874675
101,4,0.209765932076833,0.483455670581356,-0.147081602639441,-1.78440646879953,0.739227709996322,0.390342540493988,1.28053296783495
101,5,0.188029683949126,0.436596061701711,-0.136099513728231,-1.8483001272712,0.712365511797006,0.369418373181398,1.27696197982687
101,6,0.182143235687561,0.405257317846164,-0.101260698450839,-1.91271083991878,0.688037623471563,0.353520612385451,1.26934211664204
101,7,0.186626438024351,0.385356015556779,-0.0541176687752722,-1.97156468104197,0.66636219279113,0.34187844965282,1.25908638587153
101,8,0.197477031570384,0.373583010648799,-0.00208810349273569,-2.02134133572054,0.647428789995071,0.333746376807684,1.24723191209395
101,9,0.211805432970871,0.367344068927213,0.0501115720491195,-2.06032973409918,0.631207822190325,0.328414963039294,1.23455461500497
101,10,0.227564655360477,0.364662379529956,0.0995600002050893,-2.08807104257613,0.617556798820918,0.325240059744884,1.22163220234715
101,11,0.243348251793897,0.364075630772723,0.144547804463862,-2.10494155884135,0.606250087322939,0.323662428617578,1.20888517990715
101,12,0.258235781632763,0.364539134676353,0.184192425886335,-2.11184145139142,0.597010826938253,0.323215400212594,1.1966076113105
101,13,0.271672215788689,0.365339153680932,0.218175925752646,-2.10996489630767,0.589538697525463,0.323523513077616,1.18499227619152
101,14,0.283372603870295,0.366017759274834,0.246561222890849,-2.10063354082023,0.583531896066688,0.324295421991185,1.17415206234109
101,15,0.293246384994583,0.366309290848393,0.269660215350284,-2.08517943817185,0.57870328168967,0.325313670307775,1.16413832456878
101,16,0.301337520695954,0.366087836501338,0.287937710148263,-2.06486648768576,0.574791268556096,0.326423170638832,1.15495653445663
102,1,0.813594307592953,0.779775982419818,1.85079948053124,-1.48940328942136,1.04190527472071,0.591790925729677,1.33730161928909
102,2,0.389400738962683,0.551127154523316,0.596040381567624,-1.43819968460358,0.930299709438119,0.49933504084438,1.36257882755693
102,3,0.181503591110587,0.441862412890353,-0.0608035143598077,-1.5133127232874,0.866133409027883,0.442064879523416,1.37226431910572
102,4,0.0826996425066037,0.383244365420189,-0.380568523650916,-1.64479222603958,0.817489928642275,0.400562784863163,1.37120546880277
102,5,0.0439544514153498,0.350888578929562,-0.507284215918782,-1.79457403899798,0.776272740827475,0.369300605563232,1.36252890880627
102,6,0.039669191935998,0.334422610531636,-0.524342349097176,-1.94133923187451,0.740654101381022,0.346115418975607,1.3486370412298
102,7,0.0550005276503447,0.328188622283191,-0.481372064820234,-2.07343231339535,0.710263603433056,0.32956460493485,1.3314454845125
102,8,0.0807616244202753,0.328429518442869,-0.408277729016745,-2.18510059850757,0.684914206312643,0.318363613020633,1.31245812211137
102,9,0.111099464247453,0.332424468206603,-0.323068882441633,-2.27427876282464,0.664309112154925,0.311327417749157,1.29281915791029
102,10,0.142286846500668,0.338186265770536,-0.236430407095883,-2.34118775830737,0.64801568451583,0.307403023801299,1.27336597144486
102,11,0.172016814204969,0.344310510665053,-0.154475205241134,-2.38741116053133,0.635505438288917,0.305696836741895,1.25468204402369
102,12,0.19895298746819,0.349863988176881,-0.080441546601448,-2.41527447728027,0.626203099257012,0.305482511119973,1.23714658798662
102,13,0.222425390872486,0.354286239679845,-0.0157602098662142,-2.42742739628234,0.619528917524655,0.306193300338869,1.22097883970264
102,14,0.242216666769517,0.357301132041362,0.0392629898007175,-2.42656680568104,0.614930618381751,0.307405150074835,1.20627628500424
102,15,0.258408404692643,0.358839698233975,0.0850041184299644,-2.41525947827285,0.611905166381287,0.308815476220861,1.19304684525271
102,16,0.271269585681803,0.358975304160413,0.122230195125828,-2.39583591298554,0.610011725636566,0.310220943928978,1.18123541562716
103,1,0.287159450336542,0.404107552210548,0.821166400464353,-1.38175938251384,1.06127967628723,0.365768573655775,1.76044993713979
103,2,-0.13438912139268,0.134777354878444,-0.366034057550128,-1.62092745136736,0.956077103255795,0.292717160257851,1.79524597916494
103,3,-0.263252841261138,0.0759347074920712,-0.869882314460618,-1.93400347565051,0.866185198125048,0.248906068361823,1.78852049832122
103,4,-0.269591331291216,0.0882359092368038,-1.02577883369036,-2.24266980155127,0.789664886238094,0.222899133845716,1.76176317228475
103,5,-0.22264302955987,0.124407560081629,-1.00260678284969,-2.51407427785115,0.726163062821832,0.209333188121986,1.72526064306818
103,6,-0.153843739286586,0.167182447415818,-0.891354894288674,-2.73578759711137,0.675119538025251,0.204707893887118,1.68456035937717
103,7,-0.0789612903031692,0.209450630245546,-0.742955402708128,-2.90542143824586,0.635529573552935,0.206301510876419,1.64296070537719
103,8,-0.00638516876505046,0.247889577154298,-0.586156542974014,-3.02576576125766,0.606053684903653,0.211917367279965,1.60252526754106
103,9,0.0594371833444074,0.280866983484818,-0.436792836423008,-3.1022228982164,0.585175260930292,0.219819367488418,1.56454054782321
103,10,0.116373774124976,0.307685808209982,-0.302967481267154,-3.14132844402605,0.571336115372597,0.228691431156021,1.52975709961949
103,11,0.163723474416768,0.328250424304291,-0.188110860562986,-3.1498591634314,0.563037483432748,0.237588050977435,1.49854030813
103,12,0.201676856029667,0.342870934843242,-0.0928538501303597,-3.13429412285865,0.558908254498383,0.24587631131037,1.47097803206752
103,13,0.230962088712638,0.352121984313704,-0.0162033771718658,-3.10050391219955,0.557745656178092,0.253175501306787,1.4469632027607
103,14,0.252603298652468,0.356732467039585,0.0437096227731376,-3.05359249547724,0.558534147245488,0.259299530157329,1.42625883339796
103,15,0.267753970770272,0.357499312484496,0.0891526618198947,-2.99784198313351,0.560447942736771,0.264205374576164,1.40854906022617
103,16,0.277583489042734,0.355222413937461,0.122489569490695,-2.93672568202285,0.562841944504627,0.26794912551087,1.39347848362185
104,1,-0.642588918395355,-0.322535228716648,-0.838066512382578,-1.35650283526199,1.08808373813963,0.217593041847096,2.03796011620618
104,2,-0.673156276357704,-0.254163379831808,-1.3599897480536,-1.92784810974014,0.866993598279301,0.164203559495478,2.02359773299785
104,3,-0.574669270650944,-0.130360967764642,-1.45297828595597,-2.4257471273528,0.733521229581229,0.154799349181839,1.96882182013743
104,4,-0.431292622156584,-0.00215483835130625,-1.33363531870249,-2.82420433001883,0.64514320212909,0.162655172477699,1.8991608501564
104,5,-0.280694984578698,0.112983206296477,-1.12033433844759,-3.12074375620264,0.586397908032239,0.178026317291615,1.82665305408588
104,6,-0.140493170367952,0.209433075730758,-0.878582539375524,-3.32380556082044,0.549588023276168,0.196406645214194,1.75723768951031
104,7,-0.0186109565987907,0.286147964424425,-0.643832045751622,-3.44656482779496,0.529472431486998,0.215227110270013,1.69383538939869
104,8,0.082161178809689,0.344063018889191,-0.433937746299181,-3.50365793137367,0.521850302163937,0.232887571859957,1.63773198388055
104,9,0.161883259604888,0.38505430271573,-0.256373949869619,-3.50938902830532,0.523202006995054,0.248420028930831,1.58926459030927
104,10,0.222187185938229,0.411436795795706,-0.112575787750981,-3.47676849252489,0.530596823595758,0.261320113789646,1.54820180192567
104,11,0.265503802106237,0.425674133199933,-0.000607133257118364,-3.41705058326764,0.541652859326,0.271427194735555,1.51397674242397
104,12,0.294577909837148,0.430191675946951,0.0831865148857699,-3.33957965699569,0.55449584757534,0.278825540601372,1.48584041012391
104,13,0.312163156571234,0.42725371118891,0.143158559298823,-3.25182627379272,0.567707818305339,0.28376166918902,1.46296613654807
104,14,0.320836013518413,0.418887113700956,0.183744827037409,-3.15953548879171,0.580268000150752,0.286577287275033,1.44452088346881
104,15,0.322890932188999,0.406840546325896,0.209106593592108,-3.06693514296566,0.591490397022341,0.287657185392526,1.42971257336917
104,16,0.320291212296974,0.392570692499224,0.222941467476796,-2.97696897793506,0.600962050125768,0.28739075957381,1.41781959235117
105,1,-1.4593085358378,-1.10886984635944,-2.25252038087198,-1.73650058303512,1.26297739274227,-0.169716222739118,2.77491611895352
105,2,-1.40757281713942,-1.01691143839386,-2.50725063604325,-2.7526403820168,0.910231974573755,-0.150331360626318,2.70039692480523
105,3,-1.07565724677597,-0.686593808436178,-2.22603315419374,-3.55097476729414,0.700922662041275,-0.0781184771173128,2.55113129179576
105,4,-0.698400545226938,-0.339142607492105,-1.76205185154892,-4.10518839187734,0.575706086657794,0.00552410030976452,2.38430523235041
105,5,-0.356602112437625,-0.0413851485892964,-1.27177435013322,-4.44023963276916,0.507760307281939,0.0858166727365688,2.22462411993893
105,6,-0.0751475550807564,0.191700495506756,-0.824972707267513,-4.59643883296015,0.480686475899069,0.15693520964295,2.08240975955533
105,7,0.142490987392375,0.362633327300994,-0.449792594922392,-4.61573749697898,0.482391122962352,0.21661862401002,1.96122729323344
105,8,0.301360918788598,0.479606855890909,-0.153232317182529,-4.5363534291232,0.503353632380571,0.264352184698492,1.86130357360119
105,9,0.409771293789195,0.552230008751171,0.0685544339491627,-4.39079341089553,0.536054285665817,0.300617516123332,1.78118132786015
105,10,0.476924024596377,0.58989255221147,0.224649962663634,-4.20539385824725,0.574684495989066,0.326487915634303,1.71858952047273
105,11,0.5117575430714,0.601102305003981,0.326179669034645,-4.0005887193587,0.614913387657024,0.343361664146551,1.67093650575401
105,12,0.522369276024934,0.593223841578403,0.384479743820926,-3.79152854702199,0.65366269058612,0.352771559046112,1.63560279054925
105,13,0.515750343478731,0.572408279396167,0.41007957467193,-3.58885013549779,0.688887440089048,0.356248920594867,1.6101159835453
105,14,0.497703261077466,0.543626070562826,0.412188216183271,-3.39948120130395,0.719369184754313,0.355230833783713,1.59225055220598
105,15,0.472870276984911,0.510758601820225,0.398495224098969,-3.22741194211303,0.744528136806577,0.351002128500592,1.5800771518218
105,16,0.444827067789262,0.476722136856821,0.375164521829093,-3.07439458136402,0.764258396520054,0.344664600672803,1.57197760350551
106,1,-1.14862986705248,-0.62667370659797,-2.4458091367295,-1.37932173233714,1.65011405333254,-0.00882774619692372,2.40870035344132
106,2,-0.994985717670524,-0.479628624624172,-2.34770636820309,-2.14855328742706,1.3929241130005,0.0084231630271398,2.32464820658267
106,3,-0.799334437411113,-0.318398563031403,-2.07604021705667,-2.78511185132124,1.18859123958358,0.0338823851527665,2.23690837490237
106,4,-0.593659050673401,-0.16043572502383,-1.72874958336607,-3.28441417897613,1.0311963487461,0.0651157818560797,2.14677653258503
106,5,-0.397160188889798,-0.0162212346993323,-1.36449127770391,-3.65414119156045,0.913714462460488,0.0991592461264142,2.05809539756573
106,6,-0.220659572895749,0.10848619667304,-1.01714451429031,-3.9086710811766,0.829199427289845,0.133417175152133,1.97434499460109
106,7,-0.0693689510200245,0.211272312122717,-0.704821429407138,-4.06541675068227,0.771207582369524,0.165907577497253,1.89790566897127
106,8,0.0552108051393845,0.292038383133509,-0.435638499013821,-4.14244535383917,0.733974879498366,0.195277312251463,1.83006437762861
106,9,0.153946155794197,0.352198993811763,-0.211480864666109,-4.1569913089982,0.712489395551906,0.22073007119055,1.77123501587064
106,10,0.229116509047848,0.394066295458048,-0.0304838550021271,-4.12459513964068,0.702504488103205,0.241923512371817,1.72120594330609
106,11,0.283742945624444,0.420392649982542,0.111324120271795,-4.05867614876808,0.700512592415809,0.258861367395347,1.67935553403279
106,12,0.321125726065327,0.434044557499182,0.218937373631422,-3.97039916463073,0.703692423291807,0.271793208972767,1.64482254240693
106,13,0.344536188632543,0.437782021131002,0.297666989132198,-3.86873332541665,0.709839426531407,0.281127859233542,1.6166335224335
106,14,0.357022342008387,0.434120059789859,0.352694136411325,-3.76062875140829,0.717287369347483,0.287362622698293,1.59379390366776
106,15,0.361297294754248,0.425252302664982,0.388802333104267,-3.65125783055222,0.724827247910871,0.291028312097958,1.57534985762866
106,16,0.359686944313578,0.413019934684774,0.410233172037604,-3.54428359264934,0.731628131547651,0.292648781567079,1.56042741584326
107,1,-0.833432248443435,-0.215361787441316,-2.3256291024188,-1.91209788460826,1.71680937494125,0.052781657508613,2.23535148183168
107,2,-0.63329154586016,-0.118547858183386,-1.84730505267414,-2.47554772138731,1.52397510000627,0.106909205204187,2.1583830038963
107,3,-0.448679187002553,-0.0224934329915987,-1.41522654724704,-2.91952161899953,1.36138155238486,0.147186656084172,2.0829046284239
107,4,-0.276563346377142,0.0744927603372693,-1.02801221447243,-3.25255878817733,1.23529577894272,0.183130924152022,2.00716729207316
107,5,-0.121069959422905,0.166745767247314,-0.688923151854352,-3.48606717115926,1.14192041865021,0.216317315401252,1.933399357533
107,6,0.0141189552243721,0.249104817226511,-0.399718635604886,-3.6337303391098,1.07544521717523,0.246460287870624,1.86412754020625
107,7,0.127295369472297,0.31850192064838,-0.159618518099993,-3.71016378248933,1.03018596083045,0.273046330653964,1.80115671699711
107,8,0.218575972525934,0.373813820822608,0.0343008976279606,-3.72974013525377,1.00112905192851,0.295742038333154,1.7454448957028
107,9,0.289386140267564,0.415337806577233,0.186414724743376,-3.70577063086183,0.984036329338051,0.314459378620071,1.69724720493802
107,10,0.341953431943126,0.444279485167974,0.301901570160891,-3.65001965920331,0.975421657980552,0.329325102853551,1.65631190130154
107,11,0.378902681989516,0.462345124992007,0.386227287873086,-3.57248002095767,0.972486232461174,0.340626607978246,1.62205847865233
107,12,0.402960375863325,0.471444399283111,0.444767578058457,-3.48133533206861,0.97303943728956,0.348756960197721,1.59372001539393
107,13,0.416753080845745,0.473486687178375,0.482552275989816,-3.38304764375082,0.975415572583912,0.354166686209398,1.5704495056209
107,14,0.422680553307458,0.470250683393598,0.504108416175027,-3.28252181933894,0.978391707356395,0.357324722097693,1.55139519605664
107,15,0.422845506040076,0.463309056049204,0.513379672032762,-3.18331038754027,0.98110991600921,0.3586887883741,1.53575093681873
107,16,0.419024768407572,0.453993039158563,0.513702363312114,-3.08783274142711,0.983006001475297,0.358684478325074,1.52278714244577
108,1,-1.11934252820584,-0.676551522551617,-2.25196725344243,-2.73198202472987,1.74946039072814,0.0133351752166355,2.85398977018662
108,2,-1.05837880367791,-0.674084370636143,-2.09859555673674,-3.54927662760201,1.43984887715859,0.0204837837719133,2.74444836673591
108,3,-0.761880780496523,-0.427679695430173,-1.64100472232197,-4.17480237103679,1.24899016825759,0.0760081932418153,2.5907221080522
108,4,-0.440706899680394,-0.156446123525998,-1.13274142484746,-4.59524995142624,1.12770629108737,0.140754522514445,2.43357077537711
108,5,-0.15807451075211,0.0781535194996419,-0.666367887526909,-4.83686075934435,1.05430393947259,0.202231025134848,2.28891291452276
108,6,0.0701778808741667,0.262798720518641,-0.273875377534602,-4.93539205120985,1.01550193470719,0.256037961953523,2.16260594396501
108,7,0.244234754036677,0.39913652563962,0.0379035999086501,-4.92600875488075,1.00145012745258,0.300669537315111,2.0560604523698
108,8,0.369897778096865,0.493400900639494,0.273318715782245,-4.83980802462679,1.00437230930546,0.335923169685235,1.96856471117363
108,9,0.454781030053781,0.552956583234789,0.441630271799916,-4.70276511977929,1.01811453549913,0.362302528215272,1.8983640856544
108,10,0.506736821472501,0.58503229474027,0.553869019378225,-4.53567075447076,1.03790528136971,0.380716478718544,1.84322791918823
108,11,0.533132107306677,0.596208308629731,0.621161551188527,-4.35451378086836,1.06015962871961,0.39228702838717,1.80077780659736
108,12,0.540507122428461,0.592206124503381,0.653833767234518,-4.17106494285436,1.08229367166371,0.398214180243299,1.76868721107825
108,13,0.534435426884225,0.577823985940894,0.660964950698825,-3.99353457208235,1.1025474380537,0.399680423887368,1.74480196633504
108,14,0.519501562168186,0.556953923019586,0.650214627770664,-3.82723138517321,1.11982060975081,0.397786314147548,1.72720778851779
108,15,0.499349573144103,0.532646975489483,0.627815740882634,-3.67517961923755,1.13352495424556,0.393510833132134,1.71426097455335
108,16,0.47677268120533,0.507205695581507,0.598666336680554,-3.53867063654827,1.14345577357688,0.387691063960577,1.70459356075958
109,1,-1.06122495412966,-0.754184477291292,-1.91684796566527,-3.13885329342229,2.37682764567842,-0.169188130538789,3.04621987621795
109,2,-1.00520270178002,-0.722235703153895,-1.87697778407446,-3.86883141739527,2.04437704186366,-0.133371849194358,2.99403988080718
109,3,-0.804990460806492,-0.557211682052784,-1.58744711239913,-4.47139795776344,1.80914322169267,-0.0729479309321773,2.90897425837546
109,4,-0.572842440503426,-0.365169003560165,-1.21944009756972,-4.92708078696139,1.63907924419069,-0.00891476446621492,2.81160809335187
109,5,-0.350750814050647,-0.182856090028553,-0.850015790796034,-5.24306587742464,1.51818091197828,0.0518691239892803,2.71300077724047
109,6,-0.155169400372197,-0.0235393553228002,-0.515009372848312,-5.4368839713339,1.43551223895198,0.106739493454039,2.61943184723239
109,7,0.00812798869244824,0.108542802198543,-0.229821519501723,-5.52955899229978,1.38235100629393,0.154549699982941,2.53439050374854
109,8,0.138508623752727,0.213210527877308,0.00116469549620307,-5.54232288919089,1.3514311783762,0.194903666540771,2.45957118947367
109,9,0.238034821047021,0.292339267839095,0.179688364443399,-5.49491677399005,1.33670552488044,0.227882310364296,2.39546849083461
109,10,0.310172219570699,0.348865641511113,0.310788895084408,-5.40472935511501,1.33322211041645,0.25389765982361,2.3417805110864
109,11,0.35901418652085,0.386200281012857,0.401079002267161,-5.28643415723557,1.33701553387152,0.273585204800873,2.29770060583039
109,12,0.388788196478387,0.40784925623775,0.457664230016365,-5.15194002808194,1.34499361851195,0.28771524314813,2.26213258625387
109,13,0.403541703228479,0.417167457957534,0.487473891787522,-5.01053742543469,1.35482009469445,0.297120167088443,2.2338482623494
109,14,0.406952057127134,0.417205576972077,0.496865336762292,-4.86916005760405,1.36479783581668,0.302637250742227,2.21159979128026
109,15,0.402224658762727,0.410625888748523,0.491413326938533,-4.73270535839816,1.37375711105827,0.305066147564469,2.19419632964353
109,16,0.392053639090412,0.399668258148525,0.475824812274283,-4.60437430613005,1.38095224932364,0.305139625365686,2.18055275539195
110,1,-0.682866454104249,-0.0854107325796417,-2.41403768838904,-4.59286965311633,2.36318556060474,0.241440794401531,2.1690834379267
110,2,-0.0995934682818608,0.390848136699853,-1.26016615918585,-4.79305380509779,2.04598363542626,0.256895096683579,2.12882002177477
110,3,0.0604001311951853,0.43521406168886,-0.694600408002148,-4.89106444061528,1.83800103256047,0.280869618047491,2.11161336537083
110,4,0.121067562089083,0.405269056887896,-0.354295554227143,-4.95237357387429,1.68812572342311,0.301934801059818,2.09165606525655
110,5,0.162717815980764,0.3805289229778,-0.118034829694225,-4.98905419969755,1.57630010718567,0.318218047577734,2.06542053243039
110,6,0.20190225792668,0.371333711397581,0.059533157503497,-5.00229461094295,1.49217865803514,0.330150168237435,2.03485050571981
110,7,0.23967205574833,0.373359650368646,0.197809402601934,-4.99269345697641,1.42900547671222,0.338534072861965,2.0025348768011
110,8,0.274251902923349,0.381053745759712,0.306450646744299,-4.96210736908399,1.38176119380488,0.344093386638714,1.97050080972004
110,9,0.304114564888295,0.390366118838111,0.391149677569557,-4.91346042007667,1.34652458537738,0.34741006135748,1.9400616571168
110,10,0.328508438872369,0.398861418182369,0.455883330729659,-4.85021214614458,1.32019281004063,0.348948682497823,1.91193801344185
110,11,0.347355603500832,0.405312797299679,0.503830768063869,-4.77590047933937,1.30031747057874,0.349088896459598,1.88642050439757
110,12,0.361037570259249,0.409291732674602,0.537744704120933,-4.69383155384079,1.28498569064056,0.348149330782765,1.86351192555706
110,13,0.370201432494607,0.410853344003358,0.560087962284802,-4.60690076275815,1.27272424703649,0.346402401447462,1.84303707248217
110,14,0.375613146086073,0.410316156061865,0.573072151862633,-4.51751239266356,1.2624190627575,0.344082668111645,1.82472279687134
110,15,0.378056095789693,0.408115813644741,0.578661089813803,-4.42756695682056,1.25324676008185,0.341391351144544,1.80825393708993
110,16,0.37826638081426,0.404712587744013,0.5785671783035,-4.33849143199618,1.24461645119597,0.338498903758918,1.79331069635909
111,1,0.544316431396883,1.23640981016829,-1.81647138204059,-6.54365459738873,1.95492182694277,0.530509697333481,1.44226080976334
111,2,0.859313090836174,1.24181141571335,-0.210669265231691,-6.08389511735181,1.79893027067759,0.488625245936693,1.48711198669752
111,3,0.795229871892084,0.977472578437698,0.457387903082864,-5.66812656312303,1.69291102151242,0.455084559889169,1.57251940492935
111,4,0.649819479133752,0.715848299799981,0.704132316698153,-5.35078437433511,1.60518074741782,0.422392257933624,1.65381828284446
111,5,0.510407739949438,0.514679489593798,0.758877141691417,-5.12706851165458,1.52632918377438,0.390580382429114,1.7183810073159
111,6,0.399287304950327,0.374442497855341,0.730804101961759,-4.97738885476059,1.45347987036622,0.360909612401047,1.76456696214359
111,7,0.318503605356452,0.283055171769695,0.673392134307849,-4.88108033309112,1.38576589839079,0.334397385427866,1.79433035009287
111,8,0.264073636173752,0.227904263343214,0.612330135552305,-4.82040234048239,1.32295518603717,0.311588267549509,1.8105748501423
111,9,0.230662690637952,0.198574800968576,0.558930654688523,-4.78136846140483,1.26499445153171,0.292622825658854,1.8162027972602
111,10,0.213153407337511,0.187061497021146,0.517064501391267,-4.75353089952176,1.21184268566164,0.277357193124636,1.81378947695908
111,11,0.207142831973928,0.187393325382993,0.486890396225673,-4.7294474600751,1.16340850086199,0.265470758422021,1.80549599193034
111,12,0.209046588556868,0.195196115054396,0.466883719366435,-4.70409433191409,1.11953112878684,0.256549369390705,1.79307503136409
111,13,0.216054106436495,0.207317456561806,0.454925980689036,-4.67432187486024,1.07998206244063,0.250144900573492,1.77791178913349
111,14,0.226030308836955,0.221529296020492,0.448866967328105,-4.63838630765727,1.04447663430222,0.245815313152206,1.76107591774616
111,15,0.237403902563478,0.236297661595744,0.446791014677773,-4.59556359815164,1.01268971252804,0.243149674401921,1.74337407525602
111,16,0.249059716744478,0.250605558462026,0.447119845382121,-4.5458406473172,0.984272129439653,0.241782087190237,1.72539856045983
112,1,1.08043512711926,1.36095023884687,0.530781239721391,-6.76053335215469,1.39611135163797,0.536061705261682,1.36372318666879
112,2,1.09189756222736,1.23129156750883,1.10083436014046,-6.12744577672331,1.35504721411409,0.505571315064903,1.4354151406894
112,3,0.937144016090032,0.990709635370061,1.23233290692246,-5.6005807650776,1.33212203888246,0.473170846375342,1.51706797048062
112,4,0.761087854908922,0.769655832464364,1.18183033437886,-5.19316208811417,1.31087822779035,0.438620379671668,1.59041500880723
112,5,0.605638192368856,0.59483262796354,1.06223115533415,-4.89027987761368,1.28676842618376,0.403890921517221,1.64995646535173
112,6,0.48029159392946,0.464788866249744,0.925814384789902,-4.67099233935391,1.25905127114487,0.370841710770351,1.69503998088108
112,7,0.384265878198147,0.371749121470749,0.796679248899826,-4.51523003004163,1.2282487191313,0.340747207003945,1.72685252163562
112,8,0.313691829110718,0.307639828918254,0.68493275112641,-4.40579145333146,1.19527694397406,0.314314834096465,1.74721116391896
112,9,0.264055376815421,0.265536669058202,0.593547534862045,-4.32869290726069,1.16111262487053,0.291811692331338,1.75805269279653
112,10,0.231055798315658,0.239834702518249,0.521920663881356,-4.27295553371618,1.12665129567367,0.273195249585913,1.76121349628614
112,11,0.210899053012994,0.226099208616692,0.467792843040843,-4.2302118999787,1.09264691381239,0.258222075868381,1.75833845817717
112,12,0.200373591757597,0.220865596666471,0.428293435285886,-4.19427650736282,1.05969181619937,0.246531281093716,1.75085055792822
112,13,0.196836924918915,0.221456629515206,0.40049933820686,-4.16073738714408,1.02821880632522,0.237705505531865,1.73995010906699
112,14,0.198165101737368,0.225829142361196,0.38171799252558,-4.12659096171828,0.998515480617037,0.231313629427955,1.72662852584411
112,15,0.202688370165759,0.232448186779823,0.369613254624648,-4.08992709254699,0.970744727071816,0.226939225083367,1.71168884162336
112,16,0.209124149879585,0.240183958145479,0.362242789069497,-4.04966419314509,0.944967494225106,0.224198222473281,1.69576879778558
113,1,0.940783025583841,1.02773901362356,1.13726317012618,-6.36381546117451,1.37193955918625,0.580310863864949,1.62941053176477
113,2,0.856389643895249,0.951305014177065,1.00091529497023,-5.95426685326577,1.18690121027524,0.540624932812811,1.67093901648148
113,3,0.756153880973942,0.838595174878652,0.892358064749652,-5.61304464308817,1.09625350918089,0.531023620961913,1.68946761935211
113,4,0.672682814590018,0.739134290800167,0.818982752953932,-5.32900519325378,1.043437592565,0.523112234865101,1.69558698253446
113,5,0.608402642096923,0.660380059314328,0.770672498712438,-5.08854011688231,1.00935993973476,0.511632552085915,1.69458300785599
113,6,0.5592218676045,0.599490812110117,0.737227573298949,-4.88085668257355,0.98607497053948,0.496848616846389,1.68943414092005
113,7,0.520824230777474,0.552170080494373,0.711598591783988,-4.69828045328486,0.969412113880225,0.480006728654452,1.68191973720417
113,8,0.489970922090172,0.514814209657926,0.689596847731184,-4.53550815235864,0.956795970498661,0.462257492630538,1.6731083871209
113,9,0.464485126214661,0.484793010353488,0.669015370794994,-4.38884313555086,0.946516111421695,0.444467447142065,1.6636213713745
113,10,0.442973076330651,0.46027799882098,0.648871664939017,-4.25562429381675,0.937421277115664,0.427240374127269,1.65379731981203
113,11,0.424559129808699,0.440014408981171,0.628877732777172,-4.13384395112795,0.92875277279208,0.410974404763178,1.64380197210894
113,12,0.408689355792792,0.423133729407364,0.609099995026072,-4.02190721844507,0.920034439603379,0.395914440562584,1.63370183832939
113,13,0.394999329296855,0.409018959083036,0.58975332467663,-3.91848730132212,0.910992800703139,0.382193312116202,1.62351241369412
113,14,0.383230274550918,0.397213739722355,0.57108361901335,-3.82244229616859,0.901497126011313,0.369862841731026,1.61322832380635
113,15,0.373178669477705,0.387363633751705,0.55330656438174,-3.73276953453514,0.891514192532809,0.358917125492163,1.60284090098497
113,16,0.364667895036224,0.379179571055998,0.536580843291339,-3.64858162876524,0.881074374539302,0.34931003101122,1.59234731010608
114,1,1.08762002908431,1.13235028606659,1.59774595746907,-5.71848101443772,1.51446164835096,0.592539539349327,1.39992545048424
114,2,1.02863573221351,1.08899301680066,1.4962225253798,-5.15141504308743,1.4283390723147,0.549236641126546,1.49950408656528
114,3,0.836242270632175,0.894270866556011,1.25283317086952,-4.71294120758646,1.38301716836809,0.512413298592695,1.59709225359872
114,4,0.646321564657068,0.701458071221596,1.00750120432322,-4.40055726374103,1.34871139735287,0.475272405482541,1.67752196456357
114,5,0.49159179881266,0.546149398589272,0.798665975039724,-4.18986115523592,1.31674691258697,0.43839756236255,1.73870532665488
114,6,0.374700393290719,0.430430843022488,0.632765038788403,-4.05505054734689,1.28478882587952,0.403413312628441,1.78255090087339
114,7,0.290425080788983,0.348082409319964,0.506373891919628,-3.97416696449048,1.25249221891435,0.371559554306744,1.81191156042584
114,8,0.232272066383232,0.291859964095481,0.413418164026761,-3.92984752608168,1.22014730944431,0.343517615808334,1.829595123878
114,9,0.194311219476169,0.255392819309889,0.347575606179201,-3.90885382881775,1.18821742892621,0.31951732615103,1.83807721979602
114,10,0.171576810134751,0.233510324039164,0.30307416380412,-3.90135435951446,1.15716375847557,0.299477226556346,1.83944905126424
114,11,0.160053224588249,0.222145374604702,0.274928784369657,-3.90023757199709,1.12737479433241,0.283121720409211,1.83543980419862
114,12,0.156555145495498,0.218151565653199,0.25897041506951,-3.9005220590845,1.09914087039821,0.270068082698775,1.827459301742
114,13,0.158593743171833,0.21912628399333,0.251794658914591,-3.89886893559101,1.0726509076251,0.259887572805654,1.81664297518446
114,14,0.164253965752057,0.223260204756763,0.250679961725137,-3.89318549532344,1.04800074112642,0.252146490198355,1.80389367800577
114,15,0.172088155925612,0.229213833040041,0.253496691811681,-3.88230649528241,1.02520714685644,0.246432326709172,1.78991901769224
114,16,0.181025612859065,0.236017212990509,0.258617022147194,-3.86574034509749,1.00422401750875,0.242369123240202,1.77526417872294
115,1,1.35275133079248,1.35881075107682,2.37180880359869,-4.41067854385411,1.33157056879452,0.619041437884137,1.26558472428872
115,2,0.992466224368532,1.08050599281201,1.5762288177948,-3.91549590639195,1.3878743760795,0.603155602933099,1.3679735400383
115,3,0.700144220111924,0.82678499741413,1.03536886391841,-3.61246714675924,1.3870206015999,0.554021043034498,1.4605843583074
115,4,0.48725874731642,0.630342122272945,0.679747548101678,-3.44663126615125,1.36417965626307,0.499973773207607,1.5306847886375
115,5,0.34119198979364,0.489040586972113,0.452905121329601,-3.37307331847352,1.33115756318026,0.450006332314704,1.57831344820366
115,6,0.246318709812922,0.392658168596147,0.314389545749609,-3.35798682717211,1.29299860801008,0.406889602099699,1.60700841164148
115,7,0.189133446210486,0.330567652576126,0.236152505967627,-3.37687442169483,1.25254853461012,0.371166839485716,1.6207946777649
115,8,0.158980178774685,0.293692815608389,0.198762354244557,-3.41246090773265,1.2117171939698,0.342486707423824,1.62328543853985
115,9,0.147710777412516,0.274782233706294,0.188620414393449,-3.45291978704146,1.17185214007392,0.320118505030209,1.61748297067246
115,10,0.149183663445154,0.268224583294433,0.196103243836431,-3.4904786315822,1.13388035265057,0.303188195004534,1.60579822067139
115,11,0.158821528320792,0.26977109434126,0.214353078815242,-3.52034572738665,1.09839183200924,0.290801578705364,1.59012844182054
115,12,0.173259186953299,0.276269368937145,0.23848421672682,-3.53988808029981,1.06570760834232,0.282112027803864,1.57194167214633
115,13,0.19006898239433,0.285433771144458,0.265048852514759,-3.54800302195387,1.03594050168291,0.276356469468944,1.55235350801316
115,14,0.207545987477222,0.295654493685375,0.291664880823281,-3.54463954149894,1.00904903478783,0.27287166226661,1.53219334079074
115,15,0.224538585597211,0.305841326967445,0.316746898775591,-3.53043636730695,0.984883766477382,0.271097970368665,1.51206057429946
115,16,0.240313996565348,0.315297112156265,0.339305359976883,-3.50645164983746,0.963225703287028,0.270575370796163,1.49237203883147
116,1,0.86974759958648,0.900267536926188,1.68343898188438,-4.81215092510078,1.23030337250018,0.513533915626429,1.41306545369553
116,2,0.800341210061316,0.914673923161456,1.27551956721856,-4.43015119009071,1.29098711765618,0.504560820478513,1.51014428230009
116,3,0.636743766476411,0.782508801525565,0.921523065936431,-4.15543401556019,1.31270423644964,0.469921144048298,1.58424086643784
116,4,0.486631999736523,0.641936482277353,0.660654556789124,-3.97782393597262,1.31527256060562,0.430881324593171,1.63756357222208
116,5,0.371499661429504,0.526343036004327,0.480639120168996,-3.87371970053807,1.30615208298786,0.39426043854023,1.67370214695991
116,6,0.290041837417213,0.4395879829396,0.361888383884497,-3.82082985943585,1.28926548583044,0.362297468238996,1.6960405774863
116,7,0.236014196827533,0.377899069301804,0.287588870984141,-3.80125025461523,1.26729186537505,0.335577563016991,1.70748062991426
116,8,0.203019021593807,0.336155261781592,0.244942204383813,-3.80144634512925,1.24226756293454,0.313991741887595,1.71045306488064
116,9,0.185609557978059,0.309606822541466,0.224482350406422,-3.81154642450217,1.21576287962953,0.297109389643004,1.70697631435888
116,10,0.179403524069789,0.294268281481477,0.219224949319938,-3.82458720929833,1.18896036279503,0.284354719289933,1.69871339547273
116,11,0.180960439012958,0.28693254540157,0.224001762380221,-3.83585954516996,1.16271351854991,0.275104209648539,1.68702071885041
116,12,0.187624601981015,0.285084137064823,0.234989015919089,-3.84237116831126,1.13760189269555,0.26874425430756,1.6729902618606
116,13,0.197381678169698,0.286792946468003,0.249376881194505,-3.8424134131873,1.11398360086567,0.264705022360251,1.65748696469615
116,14,0.208736399708997,0.290612068675144,0.265132461836158,-3.83521494437621,1.09204373392489,0.262478776611682,1.64118248123724
116,15,0.220609677606586,0.295486210650084,0.280823713778337,-3.82066754260633,1.07183726075374,0.261627758363309,1.62458581623002
116,16,0.232252198967776,0.300672019804126,0.295483973344927,-3.79911151111404,1.05332572144594,0.26178513946429,1.60807103742677
117,1,0.832677793479903,0.95586158822316,0.916030887133964,-4.81288490945117,1.53841419845812,0.332545477193503,1.4311294940327
117,2,0.713820414239946,0.817662278617479,0.824462600006443,-4.43756440237852,1.55180210802473,0.337165014331864,1.54694562972249
117,3,0.535442133958356,0.626133392202836,0.636548321898627,-4.1817101980663,1.51335902487559,0.310458955259134,1.64194893632859
117,4,0.380329744383354,0.463781287787886,0.456181912006032,-4.02812347360043,1.45681020568673,0.279213663220801,1.71179440088023
117,5,0.265056169503818,0.344639351292551,0.313226321609082,-3.9497796886206,1.39359093089956,0.251169213884654,1.75861641391538
117,6,0.187372661379251,0.264434237367951,0.212190995665828,-3.92166868074839,1.32864946265759,0.228401709238992,1.78618856163397
117,7,0.14041688131943,0.21512226291843,0.148796355809442,-3.92359982622552,1.26473491229403,0.211154139106294,1.79839513024798
117,8,0.116956268885837,0.188924023858791,0.116046940137406,-3.94031762509931,1.20359604658452,0.199007693450354,1.79875462700827
117,9,0.110599458995967,0.179290055468657,0.106625365019927,-3.96086513756763,1.14635948355814,0.191290374736198,1.79028956724805
117,10,0.116066975916992,0.180990949030625,0.113865576814041,-3.97779599946571,1.09369193168767,0.187249714285591,1.77551627126421
117,11,0.129164229946071,0.189975646465103,0.132117141361554,-3.98642293303604,1.04590384797125,0.186139960259555,1.75647875624747
117,12,0.146661549591806,0.203184426037566,0.156826032637346,-3.98415901330113,1.00303317899454,0.187270012288489,1.73479915233065
117,13,0.166150291958796,0.218368878049862,0.184478963248824,-3.96996378445914,0.964917416013406,0.190028965850242,1.71173334440897
117,14,0.185900211325905,0.233932128428965,0.212484805510154,-3.94389054091953,0.931255155148682,0.193897257177875,1.68822650424731
117,15,0.204727957421532,0.248791384629512,0.239032376515038,-3.90672520903008,0.901657270035788,0.198448251053571,1.66496569184759
117,16,0.221880567680649,0.262261753583844,0.262946075458226,-3.85970523472633,0.875688051155541,0.203343637795802,1.6424279745863
118,1,1.28944924604751,1.0477618986926,2.89312244449198,-4.65269002002106,1.75122845984112,0.505171702364433,1.31841212821096
118,2,0.970501916233261,0.94443230717866,1.74729480716855,-4.15926971731084,1.702707241166,0.465262393597015,1.44908198022506
118,3,0.658606888807935,0.742542162518814,0.950393248278921,-3.87019273360355,1.64968429498887,0.419880414038733,1.56089851412193
118,4,0.422332025710508,0.561023703660009,0.433765800226394,-3.73412515641446,1.59101091966678,0.376349281522805,1.64289313520868
118,5,0.261576536142718,0.424453305638081,0.117304443037984,-3.70054997222954,1.52875378404011,0.338097178881207,1.69651412489774
118,6,0.161182000300334,0.330869093165619,-0.0623220991630041,-3.72956100248689,1.46546843690377,0.306472189861067,1.72664224121997
118,7,0.105412663137994,0.272021135878242,-0.150489121656875,-3.79202684788652,1.4033814543091,0.28165911773734,1.73854270767819
118,8,0.0812386853051053,0.23928575557051,-0.178757401672906,-3.86762734909348,1.34418439934315,0.263200963021035,1.73690372586177
118,9,0.0785878691524471,0.225242781315798,-0.168929743652484,-3.94277729994486,1.28903171088725,0.250315722055714,1.72560732253385
118,10,0.0898975877437043,0.223945183068422,-0.136060247143527,-4.00889002811901,1.23860747960615,0.242093006174315,1.70774952851588
118,11,0.109595785038829,0.23080746786515,-0.0905227544177407,-4.06101566818752,1.19321252119648,0.237614549545454,1.68573663726999
118,12,0.133655649840323,0.242398984352246,-0.0394085224622823,-4.0967955385254,1.15285235820782,0.236024749968628,1.66139608098868
118,13,0.159239320912028,0.256230812748079,0.0125219737771413,-4.11566645451038,1.11731773730297,0.236568082320003,1.63608111991955
118,14,0.18441711072804,0.270562874670764,0.0621783598032561,-4.11825984904587,1.08625413195651,0.238604734779014,1.61076325263712
118,15,0.207946214529276,0.284237926701807,0.107671086020233,-4.10595273932736,1.05921911631307,0.241612287582721,1.58611143538286
118,16,0.229095916315962,0.296542505319881,0.147970708407649,-4.08053729922674,1.03572783762922,0.2451788606588,1.56255889961683
119,1,1.27759741693961,1.10284014913155,2.45415533439344,-4.29817580899852,1.54523528885627,0.495480700771006,1.2794977959509
119,2,0.948964317329445,0.935244273076689,1.44450023947376,-3.79854729051101,1.49474744894148,0.439601963440419,1.41665879482872
119,3,0.639907927351719,0.710029639500762,0.726216499993159,-3.50086027853974,1.44369615634414,0.387371914345651,1.53433097106746
119,4,0.404574669444058,0.517666959620011,0.248549135522007,-3.35540006339933,1.38661608369997,0.340550614711937,1.62281694295284
119,5,0.241528326646986,0.374452456329581,-0.0522705989482962,-3.31388037039915,1.32478005814474,0.300601543850086,1.68325759469475
119,6,0.136987652745945,0.276148103267686,-0.228300095130361,-3.33761835758144,1.26085149375614,0.268096747720902,1.71999551613693
119,7,0.0766125789681427,0.213921148989353,-0.317996572823929,-3.39775382197965,1.1973524966428,0.242878098886609,1.73788805736623
119,8,0.048272920355712,0.178975456878891,-0.349024718371287,-3.47364143031468,1.13626941200494,0.224321514133634,1.74139995843547
119,9,0.042343066894832,0.163771808104582,-0.341209310359386,-3.55108498708101,1.07900587228843,0.2115558414783,1.73434224278883
119,10,0.0513959926424336,0.162218636054631,-0.308776308593521,-3.62080980284175,1.02644332497013,0.203617727554141,1.71984511445533
119,11,0.0698096758194221,0.169559686537448,-0.261922919292708,-3.67722310336693,0.979031903107162,0.199552845355753,1.70041257918091
119,12,0.0934111784801496,0.182183771245916,-0.207904386604985,-3.71742979392277,0.936884587196298,0.198477330930984,1.67800186899302
119,13,0.119178449743692,0.197427613563119,-0.151797989367669,-3.7404592297457,0.899864232720289,0.199611100533785,1.65410626196399
119,14,0.144994837977758,0.213394219597104,-0.0970544617774283,-3.74666353548978,0.867659329520181,0.202291917915739,1.62983329220645
119,15,0.169447578368153,0.228793311608716,-0.0459072266284097,-3.73725505394785,0.839847171795839,0.205976730657183,1.60597547842874
119,16,0.191662635913378,0.24280485008443,0.000316622023796564,-3.71395649841877,0.815944564244034,0.210234995307492,1.58307271440368
120,1,1.11131479165055,0.790739614907133,3.00609178071561,-3.26106814937282,1.48532582082071,0.404650906721915,1.45557577655455
120,2,0.749154513161576,0.73731803373903,1.3454245913103,-2.90295823120157,1.45951355402249,0.378205091406996,1.5982458671261
120,3,0.432741902558154,0.580971578725803,0.292063385783606,-2.75013995004285,1.40608460399599,0.336406242824517,1.70180772836553
120,4,0.210287067376085,0.436098543802338,-0.331441767277996,-2.7389704720577,1.34124359780373,0.295574750357983,1.76865306570626
120,5,0.0716465577460423,0.328193570865985,-0.669341871061612,-2.81372183107204,1.27230921606125,0.260990124709255,1.80559966707981
120,6,-0.00381938062188109,0.25684137413034,-0.82343367537763,-2.93299008513699,1.20348006457881,0.23399225910509,1.81971827463416
120,7,-0.0349108190984481,0.215076122712853,-0.862168201367055,-3.0681512388709,1.13745860657534,0.214367375772679,1.81714718490052
120,8,-0.0363108898031769,0.195248615058433,-0.830804430327033,-3.2004349694029,1.07598488168002,0.201262896519544,1.80287630549332
120,9,-0.0188916917417697,0.190688902423662,-0.759101087036937,-3.31828053540157,1.02008457423151,0.193594141655538,1.78083007272507
120,10,0.0095014797973712,0.196051293776802,-0.66655508919578,-3.41526357594191,0.970236813553634,0.190246503740921,1.75402573106504
120,11,0.0433214147641234,0.207251527037293,-0.56584495104352,-3.48853881200854,0.926510720678333,0.190180006562532,1.72473466954482
120,12,0.0787411384987077,0.221288585848516,-0.465078791385454,-3.53768663082391,0.888680925864402,0.192480563958727,1.69462596500156
120,13,0.113213580066039,0.236047433594824,-0.369272687505618,-3.56386439421885,0.856323919493325,0.196379926604749,1.66488839662823
120,14,0.145137679245278,0.250114733322505,-0.2813374088315,-3.56918658673308,0.828896114233619,0.201256904274157,1.6363324031882
120,15,0.173603936566463,0.262617654907523,-0.202749170885932,-3.55627761573916,0.805794962343552,0.206627708307179,1.60947462811644
120,16,0.198199490540772,0.273087883667881,-0.134014131176016,-3.5279555015927,0.786404974219239,0.212130492274124,1.58460762297071
121,1,0.731641402447491,0.820696320507177,0.943286401484426,-3.48199488573813,1.2605667403513,0.446730508206964,1.58214607387779
121,2,0.522344761515988,0.706522705394209,0.300480812646691,-3.27313723106335,1.26885102676412,0.401423659464711,1.67187129539917
121,3,0.345418302392426,0.571629497846809,-0.110892488411368,-3.17554569534216,1.2550970264393,0.356624249811182,1.73235045503889
121,4,0.21865301209391,0.457947196633536,-0.352945006363081,-3.15619070614007,1.22836421851741,0.317706850920993,1.77001294588443
121,5,0.136313196443612,0.372627077435653,-0.47902577397543,-3.18622294244715,1.19391082911425,0.285940206940905,1.78993916092748
121,6,0.0884649291935273,0.313020143619624,-0.52802328459925,-3.24355109204988,1.15534286766237,0.26116228209186,1.79623989063932
121,7,0.0659419549143678,0.274219522175603,-0.526966849690496,-3.31221384630531,1.1152694390149,0.242675264072594,1.79228340414653
121,8,0.0613054055551339,0.25132049354487,-0.494435259914411,-3.38116370366955,1.07556369515926,0.229590739697214,1.78083033937605
121,9,0.068773912754524,0.240057055003888,-0.443207523105112,-3.44312702794022,1.03751677902538,0.220985418918901,1.76412544984699
121,10,0.0839480544178766,0.236928945568777,-0.382087086414717,-3.49366625935377,1.00195717551464,0.215979550252987,1.74397004233496
121,11,0.103537878698732,0.239165701028266,-0.317116134498891,-3.5304355317234,0.96935237133153,0.21377722629778,1.72178474624574
121,12,0.125134085636149,0.244639895381086,-0.252385613637586,-3.55259623378567,0.939896264531871,0.213684982455687,1.6986660741024
121,13,0.147022134911336,0.251768246939972,-0.190586245094935,-3.56036095012106,0.913583084674407,0.215117088298424,1.67543785485584
121,14,0.168031323994089,0.259415078832041,-0.133393881119526,-3.5546404488531,0.890268456465668,0.217592568891588,1.65269779510055
121,15,0.187411636930873,0.266803951468212,-0.0817470365101956,-3.53677382376162,0.869718561327269,0.220727262087781,1.63085918780899
121,16,0.20473302969092,0.273439757467113,-0.036052044173591,-3.50832590807846,0.851648628509832,0.224223166094827,1.61018777357724
122,1,0.220643905597571,0.356546867047753,0.187436014282628,-3.0554541609947,1.76605055124188,0.297122298374132,1.72928908769067
122,2,0.0564049945510439,0.306873805518652,-0.451034377380208,-3.16791550401927,1.55951929397558,0.257027414306554,1.77733238257135
122,3,-0.0294219165247117,0.262357978545821,-0.755655797437062,-3.3320465716952,1.41968612726045,0.24265916121246,1.78781200766762
122,4,-0.0541840086730615,0.241396604275344,-0.85408757729592,-3.50891659458418,1.31207418390208,0.23727436704504,1.77380738538432
122,5,-0.0399351214851397,0.240343846120999,-0.833088676516636,-3.67361928090135,1.22536422462654,0.23618611551648,1.74514163501837
122,6,-0.00403972842111655,0.251842022790612,-0.748202198964188,-3.81258650920546,1.15484172184213,0.237779246276455,1.70872587668655
122,7,0.0416084344036268,0.269573038290993,-0.633795385157907,-3.92002987309586,1.09772068848172,0.241184714714927,1.66921045501994
122,8,0.0894462865159479,0.289079949870112,-0.510508088012592,-3.99506864202815,1.05184364501787,0.245739609013679,1.62959575139745
122,9,0.13497673495434,0.307551204853057,-0.390258889036828,-4.03969402788773,1.01533653218836,0.250892880310976,1.59171679953867
122,10,0.17576906884477,0.323411366091055,-0.279489195205965,-4.05740478235774,0.986527929560418,0.256201995064714,1.55660359148706
122,11,0.210741073435055,0.335946026500198,-0.181239039147319,-4.05232534805094,0.96393578309399,0.261335340532932,1.5247414341801
122,12,0.239661697124141,0.345007459748136,-0.0964717715154477,-4.02865680359985,0.946266362769338,0.266065724788795,1.49625655247329
122,13,0.2628122407138,0.350797604686256,-0.0249201106523689,-3.9903528477092,0.932410951990826,0.270256582069267,1.47104731925274
122,14,0.280758375449577,0.353713875257264,0.0343733130883688,-3.94094575543947,0.921437541574125,0.273844749078795,1.4488762876103
122,15,0.294199067288336,0.354243090768205,0.0827117244967731,-3.88347053216822,0.912578107175249,0.276822823318459,1.42943398940065
122,16,0.303868808655644,0.352891216826114,0.121527225241192,-3.82045165717888,0.905212832910367,0.279222933970683,1.41238236763105
123,1,0.286924165901335,0.412698173126487,0.069629430924413,-3.18992684353401,1.70985582548652,0.0954436317135058,1.78184383628051
123,2,0.130076560975379,0.318373802239123,-0.441130671106973,-3.21364046480035,1.69018837226912,0.144434356196697,1.85866493409662
123,3,0.00564437271252438,0.217744186065539,-0.738664175684679,-3.31886879773729,1.60627171248115,0.145672807912267,1.90608139452356
123,4,-0.0658327611524566,0.148192045936421,-0.877542488181889,-3.46881379430358,1.51016434990809,0.138687910548286,1.92681653451253
123,5,-0.0927909664514386,0.111017288524219,-0.909547147158174,-3.63405428967458,1.41704520423897,0.133680412855696,1.92699762143832
123,6,-0.0880861773134518,0.0991176857600558,-0.873792015658902,-3.79420289682806,1.33164151464626,0.13271951065153,1.91257134809973
123,7,-0.062947287993845,0.104715084882957,-0.79783492176606,-3.93642493434254,1.25542549666532,0.135606047647661,1.88845135845944
123,8,-0.0259738688282026,0.121289726546966,-0.700551955648318,-4.05355421500902,1.1886525537385,0.14154735964742,1.85845273965416
123,9,0.016609284281599,0.143860319006684,-0.594638066849722,-4.14246601117021,1.1310056755564,0.149662745469923,1.82543254893191
123,10,0.0604727141568852,0.168820260784813,-0.488444673227608,-4.20280325960441,1.0818518620477,0.159146230112299,1.79146475640362
123,11,0.10273601868926,0.193682521816675,-0.387272458191324,-4.23601520668923,1.04037938824518,0.169319002096968,1.75800178758326
123,12,0.141602810257902,0.216833178691401,-0.294277582168432,-4.24464645093072,1.00568856389573,0.179640908187033,1.72601206481745
123,13,0.176072941590681,0.237318981285163,-0.211113781436008,-4.23182086397644,0.976856823090532,0.189704374682691,1.69609367360017
123,14,0.205718420862698,0.25467231799588,-0.138393817971493,-4.2008756435537,0.952985459090797,0.199220233928663,1.66856695143627
123,15,0.230510139608659,0.268770633388908,-0.076025110553937,-4.15511027502697,0.93323181613197,0.208000132483517,1.64354911513313
123,16,0.250684995254396,0.279725779518997,-0.0234555557360048,-4.0976227069096,0.916829773845853,0.215938151423346,1.62101375636252
124,1,0.926830041530746,0.690287746961106,2.45386116663258,-1.11241860400576,1.72201148869823,0.521485938065515,1.91919455604277
124,2,0.191505277459817,0.288636720908209,0.224456545534521,-1.20292740055576,1.63206782036807,0.444409913258354,1.97566418784187
124,3,-0.121776299050211,0.156295262800158,-0.890439976028128,-1.48517639480295,1.54417507746133,0.387046600932954,1.99677941015242
124,4,-0.240263189916181,0.120808954041723,-1.39682486787575,-1.83324590789297,1.46038351364285,0.343984080701985,1.99081190145937
124,5,-0.26086218555028,0.124631592237329,-1.56411013394528,-2.18496315431485,1.38292677518573,0.312765528448064,1.96593135290392
124,6,-0.230611916598656,0.146169617070131,-1.54415912513117,-2.50895590811709,1.31329088905699,0.291424498857522,1.92907209103765
124,7,-0.174931503628768,0.175676189263403,-1.42535426104973,-2.79033929862348,1.25218517566295,0.27806962151983,1.88561493606239
124,8,-0.10850296090707,0.207847488475837,-1.25979777386324,-3.02361524932977,1.19969982836613,0.270919197958299,1.83949121413782
124,9,-0.0400226528680289,0.239461708523405,-1.07811686363081,-3.20873412914726,1.15547936169554,0.26838307851155,1.79343478194416
124,10,0.0254235674625926,0.268530573817767,-0.897963385579982,-3.348739691347,1.11887333211049,0.269110524051396,1.74924998507606
124,11,0.0850263515833724,0.293910034274626,-0.729063273891045,-3.44830161268076,1.08905774407339,0.272001643891916,1.70804586783216
124,12,0.137438358197891,0.315062337505353,-0.576284307765691,-3.51278717520799,1.06512851536916,0.276194451593326,1.67042499449674
124,13,0.182249709340108,0.331881528806685,-0.441529870698751,-3.54767744956007,1.04617045402146,0.281038660594261,1.63662993119539
124,14,0.219639233309075,0.344557001564286,-0.324922401636417,-3.558210241347,1.03130567778627,0.286063933780761,1.60665464894826
124,15,0.250138538368212,0.353466452229498,-0.225549975908297,-3.54917459440169,1.01972533722526,0.290947370640472,1.5803282366517
124,16,0.274471435838805,0.3590936086263,-0.141940148835324,-3.52480697650149,1.01070819375789,0.295482964223706,1.5573771702103
125,1,0.00752478134770845,0.0372504112429475,0.380454723856162,-1.72543962329393,1.40968804293762,0.380299844513772,2.09620684409315
125,2,-0.21099591516467,0.0560139994550191,-0.816065826481572,-2.0230715665735,1.29005999452724,0.305523934344993,2.10223893181337
125,3,-0.287955158430533,0.0897637744696263,-1.3833055043393,-2.35930309796214,1.20548508833951,0.263547623563093,2.07543895720693
125,4,-0.287498630326041,0.127749179207428,-1.58582395797945,-2.68574280203848,1.13565455657396,0.237546719814985,2.03135752934524
125,5,-0.245695961726084,0.165982602169165,-1.58254525174346,-2.97719374827641,1.07567845429189,0.221725328131087,1.9787102451173
125,6,-0.183911969100601,0.202347374459474,-1.46938130318178,-3.22224707033239,1.02437439313928,0.213226422362046,1.92288095871423
125,7,-0.115005636883991,0.235437481309357,-1.30393587820464,-3.41771407451293,0.981209214849029,0.210082552871184,1.86731616697777
125,8,-0.0466156655859858,0.264320423089275,-1.12029552816415,-3.56519017441591,0.945585437713465,0.210731935405405,1.81419415063664
125,9,0.0169205104431441,0.288476795684855,-0.93805165284941,-3.66889234021183,0.916745047729933,0.213911290184254,1.76481521615744
125,10,0.0733754463515566,0.307746233117421,-0.767866057438395,-3.73429244179915,0.893819372963111,0.218622992240929,1.71986263430121
125,11,0.121865029146525,0.322257911012508,-0.614930317062168,-3.76726161067088,0.875898788779544,0.224107828965853,1.67958955567455
125,12,0.162344534127752,0.332354460515928,-0.481127927497909,-3.77354797846099,0.862090887115432,0.229812997271694,1.64395643445383
125,13,0.1952734387241,0.338519436186654,-0.366390951254897,-3.7584737109457,0.851561730767644,0.235357404989941,1.61273258566942
125,14,0.221391508917825,0.341314460334688,-0.269552730398892,-3.72677648865381,0.843561699048592,0.240497552699844,1.58557086734721
125,15,0.241569742388823,0.341328565477772,-0.188882916841045,-3.6825454825442,0.83743896602518,0.245096259693994,1.56206197748399
125,16,0.256712481814862,0.339139937823433,-0.122420643644079,-3.62921802870058,0.832643677212537,0.249095408245775,1.5417732290142
126,1,-0.465196116115705,-0.260107901732443,-0.704945933109043,-1.55500088104852,1.6655890162948,0.263159561406458,2.48032034952087
126,2,-0.659832918680483,-0.269326247027667,-1.73131241962758,-2.13666596801761,1.43015827951224,0.194661229177056,2.45116435124468
126,3,-0.649238807616267,-0.178705132521717,-2.11059782141798,-2.69952901561834,1.26818713834324,0.170153510394315,2.37517797782751
126,4,-0.555266059858229,-0.0686646470149821,-2.14225282737669,-3.19177346305493,1.14471849334947,0.163308714256499,2.28115150074954
126,5,-0.430635808503722,0.0356307498261936,-1.99244164011297,-3.59542850865286,1.04804249033288,0.165314047025746,2.18296532896099
126,6,-0.30057666516392,0.126428709438562,-1.7570342700757,-3.90871953259754,0.972773070270255,0.172359195097098,2.08785858988074
126,7,-0.177753125317674,0.201789637991111,-1.49175260356612,-4.13788957312477,0.915276112598202,0.182241405283322,1.99966588407734
126,8,-0.06831447594215,0.261932901977889,-1.22832480965683,-4.29293898562964,0.872495505826916,0.193450230828566,1.92026478804523
126,9,0.0252612211202899,0.30799577196784,-0.983851020200511,-4.38523704301961,0.841692756636088,0.204905299905455,1.8503311960034
126,10,0.102633652352131,0.341539452789974,-0.766494354796358,-4.42615012374486,0.820414802427493,0.215855922297277,1.78978949353818
126,11,0.164690088907087,0.364303136004895,-0.579026819344663,-4.42627235409907,0.806504751268135,0.225817382271692,1.73810482251209
126,12,0.212976317594476,0.378056066249772,-0.421064020689818,-4.39502996301636,0.798108904376158,0.234516103048284,1.69448081605299
126,13,0.24933416399452,0.384500620610428,-0.290476828911228,-4.34052067840752,0.793671387780815,0.2418398456355,1.65799479805409
126,14,0.275671997999174,0.385209231383244,-0.184278333040555,-4.26949934741244,0.791917618888811,0.247793780674871,1.62768928935657
126,15,0.293823596834507,0.381586544881049,-0.0991732080095642,-4.18745128342519,0.791829913826913,0.252463347812024,1.60263223237012
126,16,0.305466489712894,0.374850850885999,-0.0318888015317915,-4.0987144112304,0.792618483885224,0.255984120922456,1.5819546672763
127,1,-0.578827941196983,-0.229599234221898,-1.2673929001339,-1.57951700015008,1.79569448445039,0.102414505685974,2.51851158207065
127,2,-0.741168469011838,-0.258310351700725,-2.0775859530477,-2.21244685854588,1.69565193696354,0.123842765021379,2.46612651551241
127,3,-0.708024866943115,-0.17747474887125,-2.30579394134391,-2.81594263433705,1.57162878207974,0.126202187793833,2.3859440410399
127,4,-0.596502657501182,-0.0716485739723879,-2.23516003385098,-3.33954615489034,1.45724486647075,0.129646986024568,2.2930886119868
127,5,-0.457846408854526,0.0317160480820078,-2.01821821899936,-3.76722662652918,1.36040959812071,0.13781991149095,2.19703215542111
127,6,-0.316506013939207,0.123531437720026,-1.74017781739389,-4.09893310947285,1.28164169322283,0.150082978188061,2.10365804485532
127,7,-0.184561606031119,0.201032129011305,-1.44884790497794,-4.34225283081875,1.21928893872133,0.164929032667005,2.0164598050995
127,8,-0.067694027899933,0.263909044878758,-1.17031101869008,-4.50818238771553,1.1710940943547,0.180922093770692,1.93731054008598
127,9,0.0319852605752056,0.312958797110555,-0.91776275013085,-4.60881645145301,1.13471586461639,0.196928977230561,1.86698846342831
127,10,0.114414637272525,0.349526226983147,-0.696735618540566,-4.65605042559315,1.10793075850304,0.212141769145916,1.80554670413691
127,11,0.180689890762626,0.375218031531761,-0.50827067213958,-4.66087007667847,1.08872238700556,0.226038463600396,1.75257616293966
127,12,0.232512685351084,0.391727569019227,-0.350870202791313,-4.63299864450548,1.07532095180936,0.238328121883245,1.70739213158219
127,13,0.271842831893549,0.40071906082571,-0.221705645260843,-4.58076565725076,1.0662152315694,0.248896360744679,1.66916562051821
127,14,0.300680027126853,0.403751343399014,-0.117361841823301,-4.51111210630654,1.06014738468758,0.257756822702119,1.63701427375919
127,15,0.320930728792114,0.402230872287454,-0.0342890059965285,-4.4296764975196,1.05609678075955,0.265010442700493,1.61006366261654
127,16,0.334331956124417,0.397386861418032,0.0309311981561341,-4.34092515658101,1.0532572111871,0.270812680792527,1.5874868885701
128,1,-0.658897372067601,-0.218918268669438,-1.86003875595321,-2.43078735427792,1.93984458221545,0.262297007999388,2.5081563884754
128,2,-0.637781129123818,-0.137813733740608,-2.10919165781246,-2.99578127465634,1.69239187257251,0.205234051425646,2.43611939089433
128,3,-0.539176503688592,-0.039216221951432,-2.06616267382984,-3.48762755303608,1.5376521525997,0.194382110102906,2.3499987636454
128,4,-0.412208750871971,0.0565696863151079,-1.87585444079522,-3.89103499936368,1.42798474300987,0.198688467733812,2.2604409483907
128,5,-0.281043407039836,0.141919752613784,-1.621771023871,-4.20511299046663,1.34699167562785,0.208528531243733,2.17350748832624
128,6,-0.158023662307278,0.214005269864007,-1.35178154880345,-4.43647699528363,1.28723992186533,0.220386290029335,2.09269692130657
128,7,-0.049137164935444,0.272195872797399,-1.09239762242657,-4.59532991733067,1.24408218760042,0.232629931839249,2.01985835446692
128,8,0.0432952601654443,0.317038555269675,-0.857192969410572,-4.69314939246378,1.21395378305833,0.244339641815576,1.95573274351473
128,9,0.119106437265011,0.349744560862922,-0.651942639533096,-4.74132804155544,1.19390261918507,0.254963260731324,1.90032509283842
128,10,0.17935888417575,0.371874100859983,-0.477814728796676,-4.750408536668,1.1814501107207,0.264192136407281,1.85317271989618
128,11,0.225759389703826,0.385123753283923,-0.333366170145205,-4.72969694652296,1.17453453021677,0.27189544257488,1.81353874298414
128,12,0.260285529062387,0.391181600954928,-0.215789479965445,-4.68711584197345,1.17147066427292,0.278072230230073,1.78054925486499
128,13,0.284951036172883,0.391632301278907,-0.121684619214162,-4.62920596941942,1.17091008423265,0.282812054788594,1.7532879978556
128,14,0.301664036699804,0.387899846704534,-0.0475274648345961,-4.56121574305991,1.17179991449706,0.28626249878264,1.73085929536223
128,15,0.312147711359646,0.381218370920135,0.010056330054397,-4.48723806723123,1.17334125277226,0.288603211990263,1.71242759440925
128,16,0.317902680791852,0.372623182608982,0.0541422910042866,-4.41036775742115,1.17494883510849,0.290026021979123,1.69724004708571
129,1,-0.318360539429934,-0.10752030401908,-0.931643269041139,-1.67910238743078,1.84439315738169,0.177638484258234,2.74649162869027
129,2,-0.628922236628808,-0.29012754409372,-1.95804309722284,-2.23016931025972,1.64775906004221,0.145593833432826,2.6882144241976
129,3,-0.642142344853478,-0.251573170493055,-2.27158129816202,-2.78140679816936,1.49689936936314,0.138580151507734,2.60189276415712
129,4,-0.549068987012651,-0.155253677896082,-2.24174929136611,-3.2648628413877,1.37744646865542,0.142162452081612,2.50542047411624
129,5,-0.422021787051298,-0.0522600881008732,-2.04983040790997,-3.65989439022966,1.28308471507438,0.151161725038098,2.40817352570133
129,6,-0.29091478783168,0.0414123918622546,-1.79080163194182,-3.96529118893941,1.20966509455647,0.163084866205319,2.31547221095441
129,7,-0.168860963778442,0.121109575895674,-1.51575735138712,-4.18821224812785,1.15373038398205,0.176368727725681,2.2302931534342
129,8,-0.0614506873761861,0.186097169318945,-1.25178178572839,-4.33924490809299,1.11218737979011,0.18991276689054,2.15410487197178
129,9,0.0294753737884576,0.23714005171674,-1.01227044383177,-4.42996309203187,1.08225936836625,0.202939519301951,2.08737477027031
129,10,0.104065702399894,0.275630787177366,-0.802704820141838,-4.47165235683719,1.06149292176058,0.214930623088317,2.02991579322754
129,11,0.163526409135974,0.303218130291001,-0.624034874006221,-4.47464970827575,1.0477635979559,0.225577872285768,1.9811332851601
129,12,0.209583677657767,0.321614966792119,-0.474709192914872,-4.44803504534367,1.03926993594333,0.234738133848308,1.9402010959273
129,13,0.244159857002673,0.332484902113485,-0.351904716805059,-4.39953169953708,1.03451643720656,0.242392054252113,1.90618529224821
129,14,0.269177098918065,0.337372714716566,-0.25226922038724,-4.33553142252741,1.03228861510341,0.248607922573637,1.87812883562865
129,15,0.286441647827764,0.337663897544233,-0.172362173085865,-4.26119074821785,1.03162324402447,0.253511477951122,1.8551073737443
129,16,0.29758059485357,0.334564952671174,-0.108907101119747,-4.18056458815141,1.03177642034806,0.25726173398927,1.83626388756638
130,1,-1.5535830935423,-0.965832131095066,-3.24438414387061,-2.45940743548375,1.6258210577361,-0.106147776434568,3.39956229883744
130,2,-1.55885329581529,-0.961015844781668,-3.46771113966089,-3.579696130001,1.38537830713297,-0.090248943929726,3.20002108231636
130,3,-1.23892776774709,-0.668100016292758,-3.10323895369958,-4.48699260304593,1.2155211794043,-0.0440725902001215,2.95060936630274
130,4,-0.863230495989162,-0.345811380980672,-2.55066291866167,-5.14777908635548,1.09802595817583,0.0108464663747436,2.70720780414275
130,5,-0.518933657393646,-0.0674176366145143,-1.97595470017883,-5.58463975415184,1.0214174518172,0.0658863312129928,2.48929756006882
130,6,-0.231136910489294,0.152136721731127,-1.44928634871707,-5.83584527322156,0.976592680506289,0.117019975049163,2.30242413085549
130,7,-0.00299133474514957,0.315784044450585,-0.997781827360723,-5.94115128255779,0.95582634750393,0.162245828881707,2.14652412136936
130,8,0.170303244135914,0.431410985195748,-0.627832875171181,-5.93674081261717,0.952561671779303,0.200680900362241,2.01919633664269
130,9,0.296271869446751,0.507702681258968,-0.335616313389635,-5.85356841493674,0.961343302056258,0.23215114087653,1.91710027957371
130,10,0.383037177507754,0.552803563503894,-0.112519932569419,-5.71707451946062,0.977748196812662,0.25694814430874,1.83661701485968
130,11,0.438382883177657,0.573903129893844,0.0518972753723145,-5.54749031711649,0.998293159312612,0.275657814837864,1.77418983009095
130,12,0.469330667811703,0.577140546840551,0.168263559531544,-5.36039891693965,1.0203249097343,0.289032527811983,1.72650721912
130,13,0.481967524596448,0.567629140969301,0.24650827956315,-5.16739168977347,1.04190231288946,0.297896049583438,1.69059783707872
130,14,0.481407669259816,0.549531261639131,0.295425020546306,-4.97673489443781,1.06167886642962,0.303075055103323,1.66387158229447
130,15,0.471830134798633,0.52615579903608,0.322504800889722,-4.79400013062893,1.07879125213635,0.305352313670191,1.64412619101455
130,16,0.45655828488663,0.500064894954642,0.333929578084948,-4.62263395689469,1.09275768541411,0.305437151009731,1.62953173104693
131,1,-1.42268963944736,-0.923983305692994,-3.17108458595477,-3.07396708648667,1.85553049499416,-0.0439734630299193,3.66618618739701
131,2,-1.41742416745418,-0.947295342139462,-3.23346657692558,-4.11676289206539,1.66927426435273,-0.0133198925738382,3.43410836836069
131,3,-1.09996775290013,-0.668543629987352,-2.80239563902339,-4.94927715349745,1.53061709268372,0.0325937515811353,3.17906923656618
131,4,-0.736407989130339,-0.356106001348498,-2.24195801495681,-5.54368306684974,1.43416487809957,0.0822589268241161,2.9410734210609
131,5,-0.409939157992393,-0.0863012332745314,-1.69299971601517,-5.92594490200151,1.37240678073179,0.130304979557023,2.73303865149342
131,6,-0.142252654292212,0.125386159376314,-1.20890776324822,-6.13560405704274,1.33781960276634,0.17399152556864,2.55754715621786
131,7,0.0659501142768017,0.282108059961878,-0.806135218402634,-6.21216106517465,1.32362309413888,0.211959175009059,2.41309148260846
131,8,0.221013202931771,0.392069571689918,-0.484645896113508,-6.19059401464501,1.32401904275877,0.243693373721953,2.29654210736946
131,9,0.331295565144133,0.464164709088018,-0.23702438032531,-6.10015488158788,1.33422255512566,0.26923084212572,2.20420651905903
131,10,0.405248722171504,0.506600743667484,-0.0529044647699395,-5.9644026110632,1.35040411410718,0.288964788809856,2.13232855826992
131,11,0.450650584237577,0.526505915526232,0.0787545378696671,-5.80171612026626,1.36959209200804,0.303503366516708,2.07734180947836
131,12,0.47431126972397,0.529870643703453,0.168485759431432,-5.62598067493179,1.38955935841885,0.313564860876401,2.0360001978498
131,13,0.481993245615732,0.521607421449277,0.225732654212072,-5.44731051856629,1.40870677937745,0.319901495313283,2.005439299711
131,14,0.478437602528221,0.50565479741733,0.258609988624542,-5.27274148646792,1.4259511223601,0.323246227461366,1.98319514454022
131,15,0.46744461348297,0.485096760781133,0.273863004747197,-5.1068610006446,1.4406218267245,0.324277856392593,1.96719604884063
131,16,0.451980471041242,0.462284622533036,0.276938351476662,-4.95236084046171,1.45236909823857,0.323600369766922,1.95573758657524
132,1,-1.51059911564858,-0.710386838165909,-5.24788324178145,-5.17395256933373,2.05281743766108,-0.0408452143718877,2.91420789102218
132,2,-0.690103934376621,-0.154472523641029,-3.11531001008013,-5.69763851457977,1.91751090219447,0.0314027632503227,2.76833447477517
132,3,-0.302177803466856,0.0461904286648607,-1.89239245105103,-5.97037316787302,1.80624593231052,0.0797261249022634,2.66449001550004
132,4,-0.0824761556270895,0.139552116633719,-1.13656946118197,-6.10307086572231,1.72039331758517,0.117849708240317,2.58126063567164
132,5,0.0595862366914044,0.197514164862353,-0.646444952824716,-6.14683976862559,1.65606712354295,0.149538599853618,2.51172712720032
132,6,0.158252615494404,0.240143056453298,-0.319225051419019,-6.13009159486818,1.60879438362105,0.176006795099209,2.45317879099816
132,7,0.228601730445328,0.272904451450476,-0.0973229791734904,-6.07121832209073,1.57459697853552,0.197882637506254,2.40406133769931
132,8,0.278643596013887,0.297540979636191,0.0538362247927821,-5.9832938559454,1.55017158093964,0.215691528062787,2.3631244226219
132,9,0.313437311840605,0.315066229134822,0.156121524862655,-5.87604853206119,1.5328519851029,0.229949299987099,2.32921539075466
132,10,0.336593847195461,0.326467431137696,0.223961185328411,-5.75684218989052,1.52052588110808,0.241162885719661,2.30124992208328
132,11,0.350879737954752,0.332786911425871,0.267227252140395,-5.63123178188001,1.51154855944222,0.249815379280276,2.27822299543701
132,12,0.35849021524272,0.335066138650441,0.292891435482625,-5.5033539512995,1.50466365069181,0.256353371843257,2.25922316924316
132,13,0.361190637401384,0.334282537430277,0.306007490765087,-5.37621108565098,1.49893297110903,0.261179245263658,2.24344176452933
132,14,0.360401044842456,0.331307016907434,0.310310686543251,-5.25189945069153,1.49367552261396,0.264647700229308,2.23017617585733
132,15,0.357254301622052,0.326882754076122,0.308594866063748,-5.13179755999737,1.48841514655012,0.267065352397162,2.21882829998459
132,16,0.35264105079185,0.321619920521502,0.302958401153219,-5.01672398504927,1.48283615241375,0.268692417013735,2.20889931382158
133,1,0.512469904216397,0.800159877461062,-0.196879808684745,-4.50073949688005,2.34892430279907,0.2007326736933,2.29144419943747
133,2,0.356670917642893,0.686011416025498,-0.666281243873877,-4.42387235174176,2.29571733778671,0.23960022126285,2.28598220161615
133,3,0.219466959955745,0.551668498325098,-0.933913040727816,-4.43450055151457,2.20507642930693,0.241155596253879,2.31426530740155
133,4,0.129006024045666,0.443156565562335,-1.04276202963718,-4.50103983545336,2.11049959190434,0.23468308672714,2.33676039064729
133,5,0.0818649384843185,0.367454362761543,-1.04204875798765,-4.59540717389144,2.02143969504375,0.228553462747305,2.34419647962463
133,6,0.0675514997123735,0.320172606387714,-0.971756097686001,-4.69674618247662,1.94051049590127,0.22493513450073,2.33706989985804
133,7,0.0757461047899698,0.294568137122699,-0.861098951167562,-4.79101661069044,1.86824271142231,0.22407716255183,2.31854042455549
133,8,0.0980829161176464,0.284331876612939,-0.730413247802288,-4.86960853628646,1.80443161866227,0.225619063849813,2.29203905558711
133,9,0.128280006844761,0.284308046448181,-0.593401879509461,-4.92793889882166,1.74855209438265,0.229026347009353,2.26053311802232
133,10,0.161832240934384,0.290542017067811,-0.458990813212024,-4.96427692297657,1.69991548450505,0.233752090737968,2.22636748726349
133,11,0.195639749665719,0.3001280987652,-0.3327191996413,-4.97882586592089,1.65775033667069,0.239302305774843,2.19129772172905
133,12,0.227675741815776,0.311015578110322,-0.217748312405849,-4.97302875717237,1.62125557665157,0.245261685075519,2.15657868953901
133,13,0.256713971034013,0.321824638392971,-0.115588679676366,-4.94905559289241,1.58963918292372,0.251300337038538,2.12306093438689
133,14,0.28211234723188,0.331687173540723,-0.0266249784309822,-4.90943319190509,1.56214632418773,0.257170533291501,2.0912788937269
133,15,0.303643866404346,0.340114900619856,0.0495038991582432,-4.85678551012638,1.53807879186031,0.262698221223326,2.06152654632489
133,16,0.321366061823482,0.346892928146443,0.113629476280766,-4.79365848055639,1.51680713894604,0.267772113419603,2.0339201478479
134,1,-0.572763197254563,-0.674809766497136,-0.372729625565768,-4.62716574484696,2.08793312863347,0.134884874091129,4.13439171347687
134,2,-0.752292724041561,-0.690612375807037,-1.41403440312833,-5.23227268522303,1.81817801812024,0.102952907325195,3.94107537959998
134,3,-0.55072154032556,-0.404094695711995,-1.5753480094609,-5.70360080437666,1.6851372075166,0.13718430034932,3.67680935542662
134,4,-0.284833782562721,-0.10707884920244,-1.40393834617459,-6.00223532393662,1.61524596046965,0.183386544919267,3.42688293634395
134,5,-0.0477152386177945,0.13026609419132,-1.12810129269551,-6.14814049223392,1.58148250524255,0.226316401695372,3.21341730912665
134,6,0.138170158194918,0.300892821715072,-0.846200415179479,-6.17520156792571,1.57087400402522,0.261979747916137,3.03916976709075
134,7,0.272991426868043,0.414160365525699,-0.598723080890107,-6.11682956890293,1.57541660321564,0.289786395946084,2.90094742498442
134,8,0.363896375742051,0.482270092672094,-0.398856356309969,-6.00156901499601,1.58944524281085,0.310262362318029,2.79385753701133
134,9,0.41962182532497,0.516500323007989,-0.246807147540751,-5.85215356579831,1.60877503392994,0.324327500212576,2.71274971423102
134,10,0.448543656276817,0.52632288288116,-0.13698811771956,-5.68580304865457,1.63033134760301,0.333027135147975,2.6527559273853
134,11,0.457977690957947,0.519357615292876,-0.0617357781447606,-5.51495710282227,1.65192127701808,0.337408239719048,2.60950824486032
134,12,0.453982250144114,0.501560736544283,-0.013214966917607,-5.34812304177368,1.67205504701265,0.338452321091295,2.5792199237856
134,13,0.44137907935749,0.477466958953747,0.0156642099399031,-5.19069882116787,1.68979461760774,0.337037876979892,2.55869714867794
134,14,0.423871344356989,0.450430199241058,0.0308732767313309,-5.04571059409447,1.70462418922584,0.333921850923017,2.54531158680789
134,15,0.404200326650665,0.42284506641978,0.0371871373193335,-4.91444200421405,1.71634106498071,0.32973427211756,2.53695068653255
134,16,0.384310488997332,0.396343202201626,0.0382579914039107,-4.7969517356707,1.72496563685183,0.324981962088631,2.53195664230337
135,1,-0.922249203312876,-0.632435412884138,-1.51720666961236,-4.39310187165164,2.08312799025918,0.28074288416689,3.92573009772775
135,2,-0.90614332264555,-0.525549921182216,-1.95747299176669,-5.12604960097494,1.8781809103526,0.238906661581129,3.6337477348147
135,3,-0.65422191333784,-0.252143075910899,-1.81491217373246,-5.688422243647,1.77130114144147,0.249013703808725,3.35751923958093
135,4,-0.377828793216092,0.00523628752073679,-1.47688182432946,-6.0679520623365,1.71253453360814,0.271810879483816,3.11955116305168
135,5,-0.139107635333111,0.205458799467201,-1.10420828328019,-6.29109317523432,1.68286128085635,0.295342057966899,2.92271367956661
135,6,0.0483930307644197,0.347739651389632,-0.762940659281296,-6.39229209759058,1.67257078743554,0.315772248610202,2.76397654940469
135,7,0.187081463899976,0.441454858574873,-0.47674820241976,-6.40394348692194,1.67532020618519,0.331927821198245,2.63854329017428
135,8,0.284250557821736,0.497299795735016,-0.249774889018445,-6.35338537704569,1.6864446843862,0.343656478985052,2.54125811531125
135,9,0.348124148699212,0.52485636912312,-0.0774042619063081,-6.26240490425417,1.70240909035368,0.351266742916383,2.4671658343508
135,10,0.386399024950659,0.532072251138202,0.0484236474808045,-6.14765960862635,1.72056308810027,0.355289168391144,2.41175995185573
135,11,0.405733861384779,0.525299292021358,0.13655557261527,-6.02140842460877,1.73897884774868,0.35634830261004,2.37108789209354
135,12,0.411627805356663,0.509483639618462,0.195339574791204,-5.89230432743848,1.75631650633332,0.355084179397942,2.34177851172739
135,13,0.408468072532729,0.488384151518437,0.232065815406467,-5.76614273828982,1.77170563517135,0.352102949922271,2.32102422653173
135,14,0.399649568263204,0.464781316956715,0.252792311770612,-5.64652216878751,1.78464117535333,0.347947532775252,2.30653709506284
135,15,0.387719981646178,0.440665173286137,0.262369158996704,-5.53540328164351,1.79489396777507,0.343082636009863,2.29649144787339
135,16,0.374526854210578,0.417399184662019,0.264557752120937,-5.43356728619132,1.80243569182474,0.337889956844226,2.28946138487118
136,1,-1.01761913442428,-0.864774086445691,-1.31851959067151,-4.60531221206449,1.61493207446851,0.0990703578762656,4.206269276719
136,2,-0.891615568797274,-0.589977419345866,-1.85684998445829,-5.32321128589895,1.47780520193842,0.13076469329075,3.85911766112037
136,3,-0.587258526177236,-0.226741399672725,-1.80009991173343,-5.84002227926163,1.39983393019692,0.178231961973484,3.52609808041988
136,4,-0.282020392254404,0.082381805439657,-1.51823800014366,-6.1569966819945,1.3602554376524,0.224969438905867,3.23941500183539
136,5,-0.0277540652755239,0.311045029353643,-1.17703124472239,-6.30854532153282,1.34732342580785,0.265661962649207,3.00375801100701
136,6,0.166133626665003,0.46603478520693,-0.85091331661989,-6.33472546788334,1.35273617538065,0.298727406044485,2.8153612740147
136,7,0.304523876109812,0.561702486763086,-0.570459145876276,-6.2720490321162,1.37011332248113,0.324040344546387,2.66800290295597
136,8,0.396614778246023,0.612372542039617,-0.344450657282859,-6.15077795498515,1.39450354815481,0.342144831892277,2.55503345816147
136,9,0.45221188770221,0.630331584998096,-0.171001120280785,-5.99462118580982,1.42214102986937,0.353914797202581,2.47013398561727
136,10,0.480314873928138,0.625521785840784,-0.0434456513462837,-5.82133329845445,1.45025853565739,0.360368143949392,2.40762091175315
136,11,0.488618101582409,0.605730251300221,0.0464969135774408,-5.64361917174843,1.47691675840726,0.362549576161142,2.36255955110418
136,12,0.483405867861465,0.576900188140772,0.107066646227817,-5.47008980913884,1.50084587038422,0.361454610798416,2.33078164297982
136,13,0.469626386857111,0.54344896994251,0.145656926007107,-5.30615598827619,1.5213020999446,0.357982810799169,2.30884973716256
136,14,0.451044399515328,0.508558877761657,0.168491554852631,-5.15481177617219,1.53794191819951,0.35291271101724,2.29399215097134
136,15,0.430421725170267,0.474431524261434,0.180569025393473,-5.01729266157259,1.55071495299524,0.346892589683219,2.28402345233216
136,16,0.409698926095855,0.442505118032413,0.185746450221824,-4.8936100585232,1.55977540990743,0.340442309659616,2.27726030949998
137,1,-0.639680562824193,-0.316797333719276,-1.52287878697424,-5.40850926928184,1.45760660222887,0.383245334028379,4.07856738993195
137,2,-0.491786173761479,-0.122073591932765,-1.65101195206539,-5.85747829609754,1.37164472079782,0.346583124506966,3.73298155266075
137,3,-0.238207290429694,0.133184566040241,-1.43304037788218,-6.13598070484369,1.35990126549102,0.351881802219747,3.42981104129169
137,4,-0.00483789250260613,0.342498418675609,-1.11961572903826,-6.26012194900552,1.37785551993577,0.365431892239495,3.18271248300392
137,5,0.176120182561628,0.487294861125793,-0.812752030628225,-6.26543619155799,1.40948841437915,0.377467578378594,2.98830595524372
137,6,0.303402268442024,0.57468509996055,-0.550795908445261,-6.18759967734875,1.44734397898852,0.385361198169296,2.8389038303158
137,7,0.385124194684196,0.617444255816862,-0.343766801672749,-6.05664233423024,1.4870550817873,0.388765741803568,2.72637416441861
137,8,0.431300953225309,0.627886320161792,-0.189145703358433,-5.89586621272971,1.52576092425366,0.388127282858129,2.6432842814079
137,9,0.451286149613717,0.6162648682808,-0.0793504974879277,-5.72236835707416,1.5615684304538,0.384173573855515,2.58319954181443
137,10,0.452984105558503,0.590606105206128,-0.00538036073514048,-5.54804406310491,1.59329767273206,0.37770511653226,2.54071068163895
137,11,0.442720190913762,0.556959504833828,0.0414322347824883,-5.38065331786373,1.6203124034115,0.369494555289588,2.51136832968651
137,12,0.425357544516062,0.519738083938507,0.068648737134921,-5.22479614592533,1.64238542822778,0.360234587379104,2.49158388723061
137,13,0.404499079950655,0.482046194253271,0.0824670300961432,-5.08274564659189,1.65958668133142,0.350512831490835,2.47851932326758
137,14,0.382707812032285,0.445966392957926,0.0877302285005098,-4.95513010832661,1.67219080892556,0.340803594166049,2.46997642070434
137,15,0.361716518428897,0.412800655673424,0.0880638613054359,-4.84147370525672,1.68060263268364,0.331470493211763,2.46429130142792
137,16,0.342614460241969,0.383268597608461,0.0860645033776319,-4.74061264407387,1.6852987899833,0.322775763398823,2.46023763626261
138,1,-0.233114256271093,0.0196269743507526,-0.607606820567272,-5.70755577118968,1.61303228343751,0.407879502336174,2.98944721826977
138,2,0.123455384683118,0.521083610014711,-0.714028728131817,-5.78305570409862,1.5570230602461,0.419454285770963,2.77364851948642
138,3,0.26578228748217,0.697776447671658,-0.729990879485653,-5.76366767498976,1.54895414396244,0.431007446709279,2.63089579704214
138,4,0.333351995640888,0.750458380953221,-0.665391690822788,-5.69869323857586,1.55991035574431,0.436847845358467,2.52481616707131
138,5,0.36913095564076,0.750623946109073,-0.559591695685685,-5.60897110020024,1.57910944961109,0.437102883627374,2.44293503572737
138,6,0.387112681402728,0.726057120055863,-0.443064678297395,-5.5061369043635,1.60156729590349,0.432968063522205,2.37962446160219
138,7,0.39303934032292,0.689181523916362,-0.333215631801731,-5.3980905311122,1.62451260584204,0.425653289467481,2.33123774397828
138,8,0.39038055363786,0.646553975610725,-0.237832040671807,-5.2904957495103,1.64625928136882,0.416191977658067,2.29481530280495
138,9,0.381859507716783,0.602129157010474,-0.158942166044114,-5.18726850710857,1.66578442163832,0.405431194043035,2.26779443066152
138,10,0.369746906632701,0.558457954965111,-0.0955839479689379,-5.09086954579342,1.68252122486251,0.394051072925407,2.24796887108157
138,11,0.355881402429843,0.517191826842098,-0.0455099709225861,-5.00258227843089,1.6962277350836,0.382585194874258,2.23348764917978
138,12,0.34167108572097,0.479345247138398,-0.00614088565598558,-4.92278889658729,1.70689079034176,0.371439059559636,2.2228431207803
138,13,0.328123804868319,0.44546499480415,0.024952036271082,-4.85122627242098,1.71465211286131,0.360907448605754,2.21484314783961
138,14,0.315901250497488,0.415755501516762,0.0498394558841478,-4.78720651733527,1.71975122479404,0.35119117208748,2.20857279277826
138,15,0.305383593997582,0.390177168736575,0.0701777615331852,-4.72979564592756,1.7224820832272,0.342413147237064,2.20335166193395
138,16,0.296734327360236,0.368524307887091,0.0872297728611277,-4.67795047170291,1.72316103071955,0.334633504201947,2.1986914707248
139,1,-0.423780763728318,0.149791855730068,-2.4219980168349,-7.33694545019698,1.45398650235146,0.161685066584848,3.30022269721649
139,2,-0.12812605035366,0.28668375127968,-1.57526904935013,-7.53534052054043,1.48196671452534,0.238291376148603,3.02544026153867
139,3,0.128748910898689,0.436962888554414,-0.926673334181328,-7.57217973774363,1.5030509158705,0.28895891225754,2.80058394079893
139,4,0.314158073384852,0.545912345804811,-0.460279311328745,-7.49301875843704,1.53072304751894,0.325387625269813,2.62952023450485
139,5,0.434342144075337,0.609399280687334,-0.137882108665001,-7.33962850797965,1.56472913027768,0.351234450535999,2.50382950829726
139,6,0.503627572179385,0.635983822995628,0.076629219290651,-7.14447132732398,1.60205945608095,0.368358623709475,2.41399280439402
139,7,0.535872904346604,0.635860493890451,0.212454109429803,-6.93100251388844,1.63978356599284,0.378274871079432,2.35166036986755
139,8,0.542483236464024,0.617884671198177,0.292096068643845,-6.7153052442301,1.67567129960102,0.382410768441939,2.30995840143198
139,9,0.532292878731456,0.589015739949611,0.332578314615228,-6.50779348178452,1.70822222016249,0.382099163056709,2.28337217715303
139,10,0.511919206793757,0.554449421835705,0.346634284645223,-6.31466943380463,1.73654967365529,0.378535520245801,2.26755235509395
139,11,0.486184109292326,0.517913470792514,0.343677322178161,-6.13909445104414,1.76024295256058,0.372749341437376,2.25912341948832
139,12,0.458495861427218,0.481970131013474,0.330558997233311,-5.982103244114,1.7792413244099,0.365594472488431,2.2555114872235
139,13,0.431170345850788,0.448282488889447,0.312160782011148,-5.84330432614087,1.79372812329512,0.357753821669315,2.25479410298948
139,14,0.40569390655379,0.417836676941779,0.291858879518948,-5.72140717178834,1.80404549973835,0.349753265246441,2.25557117249365
139,15,0.382935342663893,0.391122247542554,0.271891498710839,-5.6146108977821,1.81062804712587,0.341980564025779,2.25685536682589
139,16,0.363314871870918,0.368275796437033,0.253649457983205,-5.52088356167863,1.81395279268017,0.334706297878447,2.25798015288202
140,1,-0.528119737759281,-0.0450244869629461,-2.65297418497194,-6.96034996365715,1.16685755985211,0.165870567629535,3.39554771194885
140,2,-0.151674766323009,0.194820323873379,-1.66401112180181,-7.15404118370677,1.17357083847282,0.213683060388015,3.12966574841572
140,3,0.141492546667162,0.391621351980268,-0.935352184108643,-7.16213922192803,1.203751065852,0.259292849876492,2.90162108823711
140,4,0.345055888139198,0.524834837228268,-0.421715043539422,-7.04302713625601,1.24655087947521,0.296706951143897,2.72339356801876
140,5,0.473926985490059,0.601455904005086,-0.0730183324712223,-6.84485176190101,1.29532318851135,0.324724250443388,2.59062478730381
140,6,0.546039523920562,0.634474310892457,0.153396924101214,-6.60387427272551,1.34550564483685,0.343886424367226,2.49524211640021
140,7,0.577270417308359,0.636405810764692,0.291217816865132,-6.34597221230958,1.39392172568711,0.35539291583156,2.42916944595679
140,8,0.580408489453209,0.617620299920847,0.366294809729355,-6.08873835700424,1.43844842183218,0.360650893267122,2.3853482294908
140,9,0.565309444515248,0.586169770072531,0.398175902034155,-5.84343633495762,1.47778687741382,0.361061113059264,2.35793148733513
140,10,0.539345411874809,0.548053820180094,0.401466547236719,-5.61663744894427,1.51127391243513,0.357909421601921,2.34222103377565
140,11,0.507879046586873,0.50758060759163,0.386927721922682,-5.41153247297646,1.53872153464305,0.352314491333218,2.33452893607704
140,12,0.474687097494094,0.46771515787733,0.362343506608903,-5.22895776349668,1.56028199221913,0.345208798223262,2.33202370346391
140,13,0.4423183929918,0.430383807660771,0.333206091863548,-5.06818277282566,1.57633713307531,0.337339885530381,2.33258263872867
140,14,0.41238887197811,0.396729035579023,0.303258624239603,-4.9275029344579,1.58741026597789,0.329283674527543,2.33465817216698
140,15,0.385820860520222,0.367317357783594,0.27492624261152,-4.80467619569877,1.59409810964793,0.321464301398714,2.33716075046567
140,16,0.363034436888725,0.342305582640768,0.249657771795525,-4.69723564144856,1.59702008455131,0.314176752542535,2.33935858229673
141,1,0.168803937245647,0.729568095892707,-1.85718195867835,-7.02478970702425,1.44662970584902,0.33806157698999,2.43463611679353
141,2,0.423308584514514,0.734318750865346,-0.649923260911297,-6.8713701271963,1.48541054248956,0.36520562403593,2.29395820330051
141,3,0.543199260357347,0.704276132836255,0.0270287677534968,-6.64531286057011,1.52426759794412,0.381987556760189,2.22166461991204
141,4,0.588262774054762,0.66029127902389,0.39144147317529,-6.39430125760684,1.56244605585022,0.391242003093182,2.18341829841843
141,5,0.591004927056356,0.610958918862577,0.570997231203972,-6.14496131979423,1.59831274935478,0.394577703351486,2.16541493213223
141,6,0.570541584327937,0.560829866868752,0.642225343562652,-5.91160083707419,1.63057664536645,0.393360728734513,2.16027333502043
141,7,0.538532553844414,0.512696807305002,0.65150987744976,-5.70108210482408,1.65847114294969,0.38883729376205,2.16320458297451
141,8,0.50213927224539,0.46830685200732,0.627071400064785,-5.51575138571793,1.68168309605291,0.382101739447431,2.17085861156461
141,9,0.465687522737118,0.428665997676122,0.586028591653569,-5.35527294581846,1.70023670462105,0.374066197251334,2.18087057371749
141,10,0.431677839964153,0.394232101494955,0.538646144735983,-5.21779862924464,1.71438586516977,0.365454218254346,2.19160511187447
141,11,0.401428662348131,0.365065514941721,0.490927963914233,-5.10071656913021,1.72452674351291,0.356812652352319,2.20197409113816
141,12,0.375497234847946,0.340951671196471,0.446220063393297,-5.00112643116062,1.7311309342405,0.348533418517217,2.21129579611235
141,13,0.353959784852037,0.321499068031919,0.406212926053841,-4.91613423893358,1.73469657576966,0.340879042620223,2.21918487240587
141,14,0.336599824070073,0.30621509629819,0.371575207583264,-4.84302721922969,1.7357142067643,0.334008213596164,2.22546697819494
141,15,0.323035066171419,0.294562646145322,0.342358190826104,-4.7793687742218,1.73464429470836,0.327999308805066,2.23011339842613
141,16,0.312802558554308,0.286000684718542,0.318255648158546,-4.72304065719674,1.73190373457303,0.322870925022079,2.2331916177744
142,1,0.969933616721333,1.12105735446586,-0.275893049681411,-7.23458743839386,1.13588873879653,0.482640094657172,2.1414645433952
142,2,0.929914391236223,0.920253266235819,0.381622989053136,-6.74876750351674,1.21983112063374,0.467696370032796,2.06281076524051
142,3,0.881281607633268,0.789122674886799,0.711478943989165,-6.29754031101016,1.29901095494584,0.456389180215169,2.03681605656946
142,4,0.813918540839087,0.683687875609418,0.833715578807456,-5.89248454440705,1.36696648930052,0.443091111819863,2.04026806362584
142,5,0.735232695219151,0.592066565129599,0.834697998404445,-5.54024010741056,1.42253755098533,0.427359011118516,2.05998624645697
142,6,0.654103933666914,0.511886221578366,0.771201337491535,-5.2417741907475,1.46625011400444,0.410070581552359,2.0877435517186
142,7,0.577027960283111,0.443003160632822,0.67863568985578,-4.99398818730615,1.4992369663523,0.392277453422077,2.11826722052785
142,8,0.507856106251111,0.38535152434262,0.578121771906654,-4.79143594138363,1.52285442999301,0.374873343350145,2.14823283976903
142,9,0.448398565520797,0.338459518486442,0.481583392444031,-4.62762926685822,1.53850869306668,0.35851843325506,2.17564907623325
142,10,0.399085355867062,0.301467053423208,0.395171641115073,-4.49590775165095,1.54756025945291,0.343647565586621,2.19944019739995
142,11,0.359490836416973,0.273261734276298,0.321498367803766,-4.38996781219316,1.55126769488256,0.330505111293723,2.21915074819212
142,12,0.328707639931787,0.252614824626981,0.261071177581347,-4.30415162898902,1.55075625884921,0.319185846642939,2.23473407038889
142,13,0.305599300327369,0.238286712403512,0.213206605848311,-4.23357585595496,1.54700386862752,0.309673824609897,2.24640099709213
142,14,0.288964224076062,0.229099335630706,0.176605539347058,-4.17415789503817,1.54083923565307,0.301876158724028,2.25451249925382
142,15,0.27763742523111,0.223980857963941,0.149710500474341,-4.12257990468272,1.53294825346135,0.295650793823653,2.25950464729985
142,16,0.270549487205445,0.221989181616495,0.13092198771323,-4.07621785014947,1.52388560631109,0.290828352769536,2.26183736236244
143,1,0.884372655006356,0.899026221388456,0.890049854040642,-7.27752267881093,0.835368418213359,0.58571332525141,1.99566979089923
143,2,0.934925056879708,0.93892233100907,1.01595091157862,-6.82770951799481,0.931432303850488,0.561199864189303,1.87486888168871
143,3,0.921192027230044,0.916366725863253,1.03981142575787,-6.38745792715571,1.03690454039066,0.546270690826323,1.8031891888572
143,4,0.870158248829004,0.859747701040539,1.00082141459366,-5.98082537589208,1.13281677860414,0.529655704419486,1.76847917211178
143,5,0.800065583620233,0.786998450934334,0.925847015172115,-5.61963934137418,1.21449825293448,0.509945471787843,1.75859525884559
143,6,0.722931887702886,0.709414676352495,0.833275674901999,-5.30796987009125,1.2815183996542,0.488075934743859,1.76411755337023
143,7,0.646439043019653,0.633947462529618,0.735473717140485,-5.0450456507562,1.33482711112584,0.465324071649434,1.77828753760083
143,8,0.57524820452877,0.564640328455296,0.640460725581909,-4.82722139870227,1.37586353186343,0.442795793561607,1.79644311114907
143,9,0.511923119725764,0.503578972345269,0.553115197055414,-4.64931847058084,1.40622529081192,0.421322762729418,1.81547861902947
143,10,0.457590975797261,0.451544713310645,0.47607179874636,-4.50552979810942,1.42751499781815,0.401472415640626,1.83341884187813
143,11,0.412421225714107,0.408474196556789,0.410398123871046,-4.39001433488001,1.44125608939284,0.383588097316256,1.84909789567289
143,12,0.375973195209181,0.373784960876943,0.356105076250041,-4.29726880712029,1.44884443402264,0.367834596567797,1.86191958443795
143,13,0.34744651040889,0.346604677243768,0.312528252874547,-4.22234077740761,1.45152262031449,0.354241098285642,1.87167896777227
143,14,0.325858563700044,0.325929886142895,0.278608347965771,-4.160930545164,1.45036996145937,0.34273882342906,1.87843004025297
143,15,0.310167030562604,0.310732819545763,0.253092623274579,-4.1094173278963,1.44630348646536,0.333192556619068,1.88238845979239
143,16,0.299351203931456,0.300030116345777,0.234675177705533,-4.06483603481236,1.44008634751987,0.325426108030607,1.88386108546927
144,1,1.10274214336716,1.04075523259307,1.4646902980421,-6.41899215257922,0.643274089306592,0.75349174618075,2.06028773340417
144,2,0.877766052153122,0.824906220762357,1.16458590243885,-6.02224466840506,0.733436134264313,0.661330739803393,1.92163190769279
144,3,0.806058685364147,0.767372498047955,1.03762688880389,-5.66769281354021,0.851348342235803,0.616712742549198,1.82565870337875
144,4,0.759410550550503,0.732646537209364,0.94824848167747,-5.34076193957575,0.961813608772708,0.583367011951911,1.77004553145185
144,5,0.707807212834885,0.690115320973454,0.860267183665673,-5.04498574811663,1.05674177748132,0.552442382421085,1.74430990154928
144,6,0.649043225876741,0.638327331984564,0.768192175111153,-4.7850283415308,1.13527575892701,0.522330469486954,1.73855045824675
144,7,0.58729901269148,0.58216901338236,0.674981904071133,-4.56282809074686,1.19855599004938,0.4932281393772,1.74511358108961
144,8,0.526990591638781,0.526484381652481,0.584934997994459,-4.3775164569793,1.24828287172137,0.465665549258692,1.75849189396608
144,9,0.471310629021783,0.474675617729183,0.5015772221777,-4.22622083495304,1.28627818009598,0.440115244014818,1.77488273152923
144,10,0.422144521550019,0.428713451166716,0.427209481152435,-4.10490285942203,1.31432258308001,0.416902498999384,1.79176132439021
144,11,0.380333208106648,0.38946958731139,0.362995050070099,-4.00902084629463,1.33408078481839,0.39620205163771,1.80753647663091
144,12,0.345974419583282,0.357058710258077,0.309198568251607,-3.93399631992534,1.34706295993721,0.378059702419555,1.82128629958477
144,13,0.318679218211503,0.331114854083485,0.265440559580997,-3.87551561926535,1.3546063777751,0.362419863173569,1.83255867228586
144,14,0.297769590978893,0.310996032547969,0.230920956868635,-3.82970563531543,1.35787039496453,0.349152585952996,1.84122182968766
144,15,0.282422597025548,0.295928489050601,0.204598755116218,-3.79321858720664,1.35784072369806,0.338077646907547,1.84735348058259
144,16,0.271770998293149,0.285104208598086,0.185327992379786,-3.76325398803773,1.35533997163407,0.328984809680596,1.85115955449898
145,1,0.91278062009987,0.625738326600085,1.93890952875219,-4.48444210935861,0.797981531096713,0.64351883117363,2.29147139233224
145,2,0.519764982275084,0.366563361715258,0.89799129766495,-4.31858813402258,0.781081179613605,0.551645782160222,2.17601708791452
145,3,0.421467253411475,0.354372745937037,0.434112603497745,-4.21092040809099,0.814432922118584,0.515714281516168,2.07211988878237
145,4,0.408467543489266,0.391667764066676,0.224982645918367,-4.10849299261387,0.857398438657287,0.494421575002333,1.99057993743208
145,5,0.413118665867133,0.423141511952047,0.13182090404442,-4.00061862105109,0.899004909219142,0.476720779715459,1.93033730737032
145,6,0.415406126755612,0.437957200766553,0.091555843693421,-3.88914631332395,0.936219215767576,0.459847865116897,1.88755749997525
145,7,0.411132770751313,0.437969365135453,0.074636641076729,-3.77852610749092,0.96825928657651,0.443303723654787,1.85824428737912
145,8,0.401052846630681,0.427677830855597,0.0672588244913116,-3.67269065334169,0.995075537789041,0.427187566810776,1.83892821057035
145,9,0.387146463278205,0.411282254058694,0.0632788729650881,-3.574288183216,1.01691576333566,0.41172678100525,1.82678757092805
145,10,0.371371657102149,0.39200543925706,0.0602902148120594,-3.48470492183365,1.03417487591399,0.397141085940045,1.81960652271531
145,11,0.355292820432521,0.372100753679792,0.0576388365246655,-3.40432132818167,1.04732421901421,0.38360354689742,1.8156911846013
145,12,0.340022011735178,0.353032647996053,0.0554078927924838,-3.33280336906241,1.05686784330316,0.371231898658108,1.81378038337197
145,13,0.326268318498048,0.335672373080409,0.053909429058992,-3.26936044410758,1.06331191253925,0.360090644191368,1.81296245392756
145,14,0.314418141968615,0.320465610663195,0.0534468584987562,-3.21295081402118,1.06714302427772,0.350197496920819,1.81260171271816
145,15,0.304616739841431,0.307564835867282,0.0542210152489677,-3.16243426774802,1.06881353501219,0.341531560392341,1.81227552953224
145,16,0.296839994068624,0.296929728758308,0.0563095447220707,-3.11667870069671,1.0687325292423,0.334041913874801,1.81172180464157
146,1,0.835246655493215,0.48298574398796,2.18738634060731,-3.88078561409551,0.633420707816474,0.700909218847384,2.24271355016068
146,2,0.497774604129298,0.348144254269414,0.935224010580287,-3.7440529294827,0.655944969433887,0.608732382787171,2.12070847150404
146,3,0.39400643899731,0.365649701348496,0.315568972142865,-3.66602267483349,0.707667288252551,0.560198848375929,2.01968008361031
146,4,0.365597979389049,0.40490566211739,0.00982151111397045,-3.60019486044213,0.759931491007303,0.52527521974505,1.94231116570482
146,5,0.358208763075124,0.431729706538171,-0.13485059558482,-3.53403931525293,0.805913651013341,0.495782795249293,1.88508852689268
146,6,0.353943255594487,0.441621572372893,-0.195887443650792,-3.46624869025469,0.844465356462066,0.469466071177474,1.84364632613571
146,7,0.347766251988128,0.438027571549627,-0.213849118165874,-3.39864142648147,0.875913668510323,0.445673241534672,1.81410716107562
146,8,0.339088855409046,0.425564188491441,-0.210230524554039,-3.33334815203911,0.900961831354063,0.424181663787338,1.79331724655463
146,9,0.328702778444404,0.408140098731006,-0.196340885793419,-3.27193910060915,0.920392070997116,0.404876724605535,1.77879985197251
146,10,0.317656110751596,0.388624867749886,-0.177985175584128,-3.21526700423935,0.934976862922681,0.387663002713387,1.76865189202903
146,11,0.30685899110041,0.368962121030919,-0.158016898428934,-3.16356110505546,0.94544638521483,0.372439524551868,1.76144027857342
146,12,0.296972525947547,0.35037537064199,-0.137747998362864,-3.1165912058018,0.952473309047183,0.359093595313131,1.75610999602246
146,13,0.288408309903235,0.333562139462452,-0.11772328519743,-3.07383099427451,0.956664885058551,0.347500716421297,1.75190519737662
146,14,0.281368238819966,0.318851633436393,-0.0981361333137992,-3.03459501628967,0.958559440437258,0.337526889817194,1.74830252850086
146,15,0.275894777077849,0.306325403992041,-0.0790419922684319,-2.9981428458164,0.958626114753579,0.329031942594278,1.74495561471459
146,16,0.271918966737786,0.295906726083989,-0.0604598174161329,-2.9637521334952,0.957267062031479,0.321873173418215,1.74164961467403
147,1,0.115974279959267,0.113939880933806,0.278722105686191,-3.30229142662481,0.929465735636567,0.593821398218621,2.33929960910584
147,2,0.0617404168026172,0.16868476617343,-0.242087032438011,-3.42197885067318,0.852764043546527,0.505050613750795,2.22713114013809
147,3,0.100032124478917,0.256420176619127,-0.425923581701342,-3.50988168333321,0.840172783840538,0.470933752522489,2.12134883847468
147,4,0.157150249209458,0.328945878977525,-0.451185742257033,-3.55673714116485,0.846011483093103,0.451898765734972,2.03105220286581
147,5,0.209037910639096,0.377539871996291,-0.405902009443406,-3.5670925770568,0.857501238959755,0.437299066494422,1.95722296267223
147,6,0.249091362709561,0.404773810464629,-0.334429228130295,-3.54921954251698,0.870588063369398,0.424193554714074,1.89836199686409
147,7,0.276942797162104,0.415653540443071,-0.258740543949257,-3.51141922823142,0.883662279930125,0.411753929236714,1.85227934809897
147,8,0.294345813744687,0.414975861495228,-0.18898408371106,-3.46075864224981,0.895911498542007,0.399768721325543,1.81671885831138
147,9,0.303591782952024,0.406668042462395,-0.129052374165289,-3.40276600034647,0.906870055665444,0.388225527112846,1.78959579330643
147,10,0.306888081265878,0.393739901913561,-0.0796257415685661,-3.34150692276934,0.916276952866735,0.377181338060659,1.76908650568951
147,11,0.306128423147683,0.378406558221985,-0.0398543943718274,-3.27980002748762,0.924014444331365,0.366713914999141,1.75365214740224
147,12,0.30283247926004,0.3622417305228,-0.00827847018811517,-3.21946644522748,0.930069653782775,0.356899361761986,1.74202983000136
147,13,0.298159986122949,0.346319525637688,0.0166858420020296,-3.16156689357958,0.93450504661227,0.347800640102746,1.73320758514284
147,14,0.292955751929419,0.331334283347306,0.036507315732634,-3.10660744670531,0.937434371872879,0.339462062878248,1.7263922251789
147,15,0.287804437231525,0.317698016485798,0.052439321112599,-3.05470847713051,0.939003172541022,0.331907565177428,1.72097542893634
147,16,0.283084768125183,0.305617882903582,0.06549463498761,-3.00573772058282,0.939373411043521,0.32514141354862,1.71650112898763
148,1,0.208055001278496,0.181761197594838,0.719861284493765,-2.10191064259701,0.681808741724975,0.607173931915203,2.53914857796345
148,2,-0.0997472772925821,0.0182874813950705,-0.306113450156074,-2.34646407155882,0.642162361757717,0.52413326081941,2.36924523119131
148,3,-0.0943980503445526,0.101169424193762,-0.655830223719936,-2.57888011613441,0.641222207621622,0.489159235304531,2.20337996386858
148,4,-0.00656876140556018,0.220454077378938,-0.713413830247531,-2.74904791805672,0.652839252990808,0.469381347185993,2.06075339473215
148,5,0.0882687999373254,0.318635960727477,-0.648172826547931,-2.85398255794995,0.669361959800338,0.454981923158119,1.94410131943533
148,6,0.167557324061297,0.38572162818514,-0.538550013605705,-2.9046455374883,0.687910578510091,0.442710727835027,1.85127145042369
148,7,0.226888937616074,0.425290654070128,-0.421387135120176,-2.91454135733745,0.70697187024985,0.431348327763845,1.77882958540647
148,8,0.267910995546959,0.443764928490441,-0.313247565182503,-2.8959336126416,0.72555687404497,0.420403144871446,1.72323114009964
148,9,0.294005261230606,0.447219739490338,-0.220475178025418,-2.85879044304308,0.742980952396162,0.40969831796233,1.68121670840833
148,10,0.308717191453955,0.440607307143004,-0.144284591683709,-2.81071935289099,0.75878853268644,0.399213661878275,1.64994042966306
148,11,0.315200485359959,0.427720510694344,-0.0834521185790889,-2.75724695633399,0.772709241225785,0.389008895758992,1.62699526511287
148,12,0.316054842323209,0.411357434496248,-0.0357587449737147,-2.70219428817737,0.78462099009491,0.379179015658562,1.61039364865795
148,13,0.313321437438793,0.393517378814659,0.00124874927696655,-2.64804847478005,0.794516211258228,0.369826516141177,1.59852783976422
148,14,0.308540690796504,0.375578930770917,0.0298781465168872,-2.59629244421461,0.802471550377754,0.361044457069204,1.59012195683017
148,15,0.302830932695144,0.358448910487108,0.0521257560317815,-2.54768064941478,0.808621680027156,0.352907099761476,1.58418230913223
148,16,0.296969159678413,0.342682673842036,0.0696274511606594,-2.50246057680341,0.813137534214541,0.345465839242432,1.57994981415049
149,1,-0.142599937326105,0.0867621495476213,-0.465595042335647,-2.57342867779422,0.674110381161726,0.608462116930067,2.63881142849488
149,2,-0.269866416423472,0.0698465133461403,-1.07267681994329,-2.92235066134794,0.66818993576156,0.514609879670937,2.38553180017742
149,3,-0.203875262837887,0.160944173921234,-1.11924054682989,-3.21816747807446,0.689144276350351,0.469183250061088,2.1629448817546
149,4,-0.0843767006437879,0.2623385207774,-0.931474955900117,-3.42835027326606,0.717672968008958,0.440270464795438,1.98357987695949
149,5,0.0318417396936038,0.34103815619566,-0.670777112213033,-3.55681872146862,0.748678290181626,0.419095486569154,1.84503599868081
149,6,0.124979461684694,0.390639675824649,-0.413149621423137,-3.62008840392762,0.780065621038615,0.402240748876233,1.74099408235666
149,7,0.191564949335166,0.414898007081375,-0.190482747746077,-3.63663133192226,0.81054644987758,0.38794737928174,1.66457285556914
149,8,0.234683325066563,0.420432880658013,-0.0124322089468337,-3.6226263008695,0.839215039450828,0.375222562798816,1.60952230824619
149,9,0.259414563684646,0.413683757734505,0.121981376960752,-3.59070847524107,0.865453194592241,0.363524201515946,1.57059994537557
149,10,0.270833539554424,0.399852161956393,0.218287900645095,-3.55002818310577,0.888884891753935,0.352589375817681,1.54360026405555
149,11,0.273251357507576,0.382727038954338,0.283450545391703,-3.50679795940592,0.909334113719171,0.342320977442017,1.52524464176141
149,12,0.270032299030533,0.364857838437952,0.32434103590972,-3.46494860500983,0.926782405886043,0.332711120173258,1.51302860121002
149,13,0.263655677468751,0.347826794975536,0.347062173993816,-3.42673466948434,0.941328826891376,0.32379131884131,1.50506996477885
149,14,0.255863521706226,0.332514348491117,0.356712983773226,-3.39323506015247,0.953154511131275,0.315602044857418,1.49997502155629
149,15,0.247821730709174,0.319319904652031,0.357376776848551,-3.36474199872483,0.962492895821704,0.308175767375517,1.4967273107806
149,16,0.240265087823702,0.308330882074916,0.352213390845377,-3.34105067116294,0.969605786988113,0.301528954993378,1.49459815956603
150,1,0.257897731360633,0.409235198747219,-0.0718328403409879,-2.16552437223417,0.548741194959904,0.648418049213751,2.0718118055821
150,2,0.0980902395734166,0.291092130190125,-0.491120446432606,-2.27626199251575,0.548874013569215,0.569726356717694,1.91813726686647
150,3,0.0943735234038936,0.303260745846817,-0.597200972165341,-2.38068742290487,0.567790901104613,0.524774527701399,1.80702284883282
150,4,0.131016851596919,0.338272029779552,-0.576353041548336,-2.4552670786316,0.589139394690112,0.49231176004286,1.72257671195303
150,5,0.170769453797678,0.366127637848477,-0.507528560742922,-2.49934783792606,0.608989436086544,0.465902043253007,1.65765830423174
150,6,0.203088094451894,0.381379881554,-0.425385431486084,-2.51863323641476,0.626477758126006,0.443286880040719,1.60781948740411
150,7,0.226352480991661,0.385626738099336,-0.345099025294135,-2.51965216870237,0.641501124839703,0.423483053388587,1.56974458810657
150,8,0.24171352188948,0.381903409257102,-0.272812426930272,-2.50805715457808,0.654155150141365,0.405957740013795,1.54080631674613
150,9,0.250964880515096,0.373021922169766,-0.210370745224655,-2.48825118270881,0.664598248010589,0.390372841966572,1.51889839237958
150,10,0.255826167608071,0.36118804973717,-0.157606460288251,-2.46345980287471,0.673016000413945,0.376491877908995,1.50234015165092
150,11,0.257729449828584,0.348007183127748,-0.113488717384141,-2.43593251492692,0.679608059184765,0.364137773515459,1.48980394676866
150,12,0.257786611616574,0.334589551075605,-0.0767071836156445,-2.40716018009795,0.6845799361007,0.353169704860512,1.48025361929006
150,13,0.256819770936592,0.321664599286453,-0.0459602230423786,-2.37806948774614,0.688136244487511,0.343469050180741,1.47289119015568
150,14,0.255410282870144,0.309679687185927,-0.0200848022418907,-2.34918354852459,0.690475019648083,0.334930694925708,1.46711089382671
150,15,0.253949162144704,0.298878936962748,0.00189797638588413,-2.32074843030722,0.691783223359488,0.327457827956427,1.46246003800079
150,16,0.252682439629176,0.289364071003281,0.0207807403012386,-2.29282942300039,0.692233485700834,0.320959066894955,1.45860615402497
151,1,0.177544506040937,0.458710416769457,-0.932815938038956,-1.80850632436817,0.822743740232128,0.655726526554557,1.99147287738788
151,2,-0.00867900274947497,0.213713960396208,-0.96417692785047,-1.98636413115098,0.733603907484911,0.548373117589888,1.88555641827663
151,3,0.00244519895096479,0.184312256462809,-0.814203995434784,-2.14888493311862,0.70034845787849,0.503451673001608,1.79596248935309
151,4,0.06246267795366,0.212709850859485,-0.632697026202003,-2.26819022518694,0.684614479440197,0.477945910781427,1.72129712161681
151,5,0.124720683340819,0.248725180154516,-0.466423872818587,-2.34434301141565,0.676166763631097,0.459607268843536,1.66016008853903
151,6,0.176380730119224,0.278125622962419,-0.327179068939622,-2.38496370004155,0.671772252327634,0.444559311968503,1.6108472971368
151,7,0.215569229498065,0.298363816448835,-0.215170349598429,-2.39858499589459,0.670009590861373,0.431363286066205,1.57157597972318
151,8,0.243702413064834,0.310408527879388,-0.127088685465727,-2.39267764019627,0.67000311517747,0.419385298010857,1.54065610132677
151,9,0.262935931348291,0.316039970888668,-0.0588898463462961,-2.37323615012334,0.671112265772228,0.408311014905236,1.5165708203275
151,10,0.275349605029002,0.316995318728098,-0.00673173284488088,-2.34486029248254,0.67284843564988,0.397978953920382,1.49800200823473
151,11,0.282718704497371,0.314735072157002,0.0327399117364948,-2.3109708265736,0.674843682381424,0.38830980526375,1.48382863402976
151,12,0.286480854284342,0.310412559800561,0.0623390086353359,-2.27403937495975,0.676830567450723,0.379269590024939,1.47311291215702
151,13,0.28776502272119,0.304905200241326,0.0843699573595911,-2.23579508980082,0.678624608312339,0.37084778710579,1.46508147223664
151,14,0.287436898417877,0.298860232646662,0.100686307306818,-2.19739907009583,0.680108126619865,0.363043730050099,1.45910505332639
151,15,0.286145127999421,0.292739604149224,0.112755905985489,-2.15958696641142,0.681215668436269,0.35585826184234,1.45467846350885
151,16,0.284363351425724,0.286859529435683,0.121723937962915,-2.12278317318852,0.681921254212741,0.349288933398249,1.4514016989917
152,1,0.202958106998976,0.330132031652141,-0.242516278023096,-1.77188215932619,0.438637173996731,0.66206189427308,1.83502281350338
152,2,0.0982615833429037,0.242876826875154,-0.466909654573201,-1.88949034967443,0.420455368847667,0.586116296808027,1.70570439715249
152,3,0.121990854885596,0.270530495430739,-0.472038553208499,-1.98452808132516,0.430182344610803,0.546799652621236,1.60116969147105
152,4,0.171651212686948,0.314298504725097,-0.403219566392106,-2.04268307665955,0.44652433415776,0.519275641144134,1.5198502340632
152,5,0.216704804316533,0.347817294235969,-0.316572079013595,-2.06801700700927,0.463875943076355,0.496532264291059,1.45790645917845
152,6,0.250067319951095,0.367116523312718,-0.233696100441499,-2.06870980682914,0.48056563305389,0.476384896530825,1.41145182022681
152,7,0.271985851432519,0.374417569976512,-0.162130456280191,-2.05259532936102,0.495976007998928,0.45804574666405,1.37712028271919
152,8,0.284676883098765,0.373054485812906,-0.103484631984444,-2.02598370058462,0.50983305236165,0.441181650842916,1.35214193879405
152,9,0.290573063222214,0.366014549590642,-0.0568944790885054,-1.9935611663147,0.52202056101145,0.425632852334403,1.33428653120136
152,10,0.291791210316358,0.35562734869285,-0.0205778875484609,-1.95861356699744,0.532520455688004,0.41131531564073,1.32178155842456
152,11,0.290014988297491,0.343595242507517,0.00744404431194934,-1.92331666209217,0.541383666133991,0.398179182572544,1.31323392625552
152,12,0.286515490997146,0.331106730350408,0.0290196121751674,-1.88900839522569,0.548709623762151,0.386187818085438,1.30756141259534
152,13,0.282212961751659,0.318953869072899,0.0457343662135174,-1.85641850371854,0.554629665968556,0.375306450296363,1.30393419824637
152,14,0.277745283045846,0.307632752719375,0.0588773546480177,-1.8258522331314,0.55929344195134,0.365496247141512,1.30172544257281
152,15,0.273531169277833,0.297424035391192,0.0694555399233593,-1.79733230024304,0.562858085451593,0.356711773503011,1.30046978970439
152,16,0.269824279479196,0.288455554695832,0.0782294975800167,-1.77070544232692,0.565479940001831,0.348900568018556,1.29982880799228
153,1,0.244562607349836,0.582651843426988,-1.21059307830828,-1.83311994766801,0.380450460133039,0.714152641658331,1.8421930609049
153,2,0.0680603871951987,0.254884739724401,-0.869692524825701,-1.96953250289584,0.400211013288786,0.627841627486344,1.70220736031568
153,3,0.103735459932527,0.209199270516947,-0.503722811205443,-2.07556596971863,0.428994877619608,0.57871415789762,1.58857858782961
153,4,0.175853111968684,0.234886525360951,-0.22085145028787,-2.13047695699376,0.456865173776837,0.544159570026526,1.50442540720948
153,5,0.236335180956961,0.267838271167408,-0.026580448147579,-2.14306227491534,0.481729625462556,0.516573326550135,1.44496693376404
153,6,0.276867073075091,0.291726127364377,0.0979486833732434,-2.12690835293754,0.50328803238323,0.493044504170279,1.40435213415461
153,7,0.300177843381762,0.304935140122298,0.172962366809159,-2.09358635756794,0.521650961848003,0.472294061357524,1.37751278705549
153,8,0.311030571001128,0.30971539498548,0.214575478046502,-2.05146844271482,0.53703594130305,0.453689059394064,1.36048253972297
153,9,0.313672953400108,0.308791111940584,0.234449842770108,-2.00611866599859,0.549700093839334,0.436885861203498,1.35028477509833
153,10,0.311327803845479,0.304432164685715,0.240677887958764,-1.96098326925632,0.559920176175755,0.421681448211167,1.34473375477072
153,11,0.306271228386017,0.298306920266638,0.238746590199338,-1.91801651983377,0.567980945470232,0.407942886492452,1.34224854167602
153,12,0.300037530472669,0.291558159262831,0.232310163174105,-1.87816700609112,0.574165349791192,0.395570916938751,1.34170184169072
153,13,0.293616079412526,0.284922571667715,0.22375425720871,-1.8417328857681,0.578746197563447,0.384480652305813,1.34230309492119
153,14,0.287609282884746,0.278840669866903,0.214594046881881,-1.80861301228264,0.581979644148733,0.374591687950947,1.34350972895808
153,15,0.282351497880306,0.273545029979483,0.205751845873187,-1.77848021015129,0.584100611948964,0.36582361076826,1.34496027453272
153,16,0.277996043416343,0.269127293445696,0.197750197410845,-1.75089791341859,0.585320024108791,0.358094590054534,1.3464241235683
154,1,0.0592547301424192,0.0071523438405251,0.408544198454486,-1.66065366466918,0.652928143920981,0.568052204679646,1.93992914988132
154,2,0.0125514210479997,0.0793965030331296,-0.127282965339304,-1.8342718295347,0.653766799828474,0.536790672480741,1.83980787014754
154,3,0.0407672847087105,0.167586044882677,-0.342833386271535,-1.98375030729096,0.653896789084894,0.510059312966969,1.75032424840223
154,4,0.0889348545015538,0.239857884170216,-0.397732247396288,-2.09740412199142,0.655014171958902,0.48727933893128,1.67543096441476
154,5,0.137023153368754,0.29142580006322,-0.374643644510838,-2.176207696884,0.657248791994618,0.467677331353601,1.61414895651916
154,6,0.178215704291459,0.324982105753466,-0.317405202379293,-2.22533420097237,0.660334703499858,0.450591883164478,1.56456951552323
154,7,0.210885361007895,0.344619574996215,-0.249159081226093,-2.25085577005435,0.66393553833638,0.435507888948237,1.52479280073356
154,8,0.235457990025727,0.354094515692915,-0.181675807177001,-2.25845550805056,0.667740539945914,0.422040327474944,1.49311811559029
154,9,0.253109786962259,0.356446398191934,-0.120427921354399,-2.25297155398942,0.671493204517265,0.409909529483209,1.46806624035341
154,10,0.265199809735977,0.354014628027035,-0.0674452316288481,-2.23830068699446,0.674997285591765,0.398916635153986,1.448368931398
154,11,0.273020718997656,0.34855159688674,-0.0229446390151845,-2.21745741278883,0.67811387967566,0.388921841085866,1.43295274019157
154,12,0.277697178759179,0.341342698664863,0.0137410338556767,-2.19269430991951,0.680754641255979,0.379826427730061,1.42092120066506
154,13,0.280155862171341,0.333310319848607,0.0436423130990771,-2.1656383670929,0.682873455136838,0.371558747205825,1.41153588476919
154,14,0.281130249045999,0.325098588655721,0.0678710039206936,-2.13742167305961,0.684457837053404,0.364063863600444,1.40419686458858
154,15,0.281181287365605,0.317140904327406,0.0874768667734356,-2.10879689847245,0.685520799762878,0.357296291761461,1.39842334854897
154,16,0.280723899060015,0.309713187094943,0.103383653446747,-2.08023433951059,0.686093595183769,0.351215205825643,1.39383523072999
155,1,-0.0144661947536688,0.156608151287692,-0.687841985038871,-1.7304971387,0.614279665786511,0.530915251712377,1.85750852353129
155,2,-0.0376113750988366,0.104957666401362,-0.650056759020911,-1.92748390288186,0.642518997554413,0.506175474517855,1.76528085567414
155,3,0.0182901376736231,0.142504242318957,-0.526644246290582,-2.08342555086548,0.65271295399276,0.478872360949138,1.68830601328281
155,4,0.0840877811830997,0.192562133330981,-0.394590343938545,-2.19290738983923,0.658280346130702,0.455179782136763,1.62674382961709
155,5,0.140345007907399,0.234121029608696,-0.27730225712325,-2.2629646276714,0.662604479094292,0.435375536327678,1.57845240937356
155,6,0.183636383341593,0.263689865981083,-0.179923652322313,-2.30265335274456,0.666485502040189,0.418734641453527,1.54095166712692
155,7,0.215268424247945,0.282754569993573,-0.101564018734691,-2.32002721190544,0.670054943106929,0.404549094715882,1.51200997389154
155,8,0.237594834282761,0.29378586834888,-0.0395725671035653,-2.3215030720236,0.673279908420434,0.392283009927378,1.48977001058456
155,9,0.252881657761777,0.29906651464117,0.00896610601876141,-2.31195045308844,0.676100656357563,0.381554184390291,1.47273258874593
155,10,0.26301491750752,0.300424542885227,0.0467256523806119,-2.2949604059533,0.678468964417274,0.372093045502512,1.45970467469318
155,11,0.269476090144323,0.299240113662359,0.0759920350716771,-2.27312316159508,0.680357650621327,0.363707906626835,1.44974484886332
155,12,0.273393955027614,0.296521235613895,0.0986509270914556,-2.24826726840007,0.681760814344164,0.356259537360611,1.44211524690532
155,13,0.275610520111757,0.292985239751812,0.116223339142054,-2.22165262605782,0.682690844126782,0.349643378245743,1.43624143024665
155,14,0.276742022247558,0.289128954151522,0.129916191468406,-2.19412166803181,0.683174390026299,0.343777403840983,1.43167949180047
155,15,0.277230316620577,0.285284943569659,0.140674357173393,-2.16621566292346,0.68324824591501,0.338594030463478,1.42808927182172
155,16,0.277384534472561,0.281665261743783,0.149228735999847,-2.13826296285991,0.682955588948994,0.334034871511727,1.42521261634029
156,1,0.137095784431213,0.260359434974982,-0.331594314875143,-2.07144716663644,0.532571456542788,0.580721257702461,1.61926663684567
156,2,0.145979885406503,0.263107779365956,-0.301092908466186,-2.15012092158363,0.559877460451643,0.528781331107236,1.55190166489079
156,3,0.168363281510007,0.277170830059322,-0.246699289415446,-2.20792956713925,0.583504932985671,0.489461846998601,1.50760533040461
156,4,0.188543372328338,0.287528786061114,-0.19093368185572,-2.24764739259978,0.601904101071885,0.457601462158005,1.4773529679139
156,5,0.203545808946671,0.292069525633754,-0.14057664049161,-2.27359038215871,0.61558506441818,0.431125019218842,1.45620826581917
156,6,0.213970857763333,0.292043740768279,-0.0969572411008687,-2.28948406440411,0.625391764479591,0.408914609605626,1.44111320124367
156,7,0.221107866320635,0.289146707136256,-0.0596225247844129,-2.29808604900668,0.632115198122008,0.390216709626052,1.43006315123452
156,8,0.226111629249265,0.284752833811023,-0.0276504026377149,-2.30130605785027,0.636424061713977,0.374458849359083,1.4217169169877
156,9,0.229834328577665,0.279811163696955,-0.000108145595053843,-2.3004216217118,0.638867061277656,0.361181454753806,1.41517409537229
156,10,0.232848697550179,0.274916777699383,0.0238045563492417,-2.29627282813249,0.639888904375521,0.350005651116775,1.40983354754815
156,11,0.235513434008809,0.270408443159565,0.0447294177929466,-2.2894114103842,0.639846921068034,0.340614474231397,1.40529863781159
156,12,0.23803636894168,0.266451961122995,0.0631647676511329,-2.28020680784646,0.639025772950345,0.332740330325702,1.40131223248434
156,13,0.24052469997805,0.26310249023292,0.0794926507062885,-2.26891820248989,0.637650040331623,0.326155984900344,1.39771161195495
156,14,0.243021928084648,0.260348450253128,0.0940062930437365,-2.25574152456195,0.635894918389001,0.320667794201852,1.39439707565767
156,15,0.245533813527321,0.258141312542589,0.106933748538146,-2.24083878936439,0.633895286242752,0.316110451029736,1.39131011757467
156,16,0.248045960504804,0.256415156693579,0.118456642631213,-2.22435535818173,0.631753375473176,0.312342787577754,1.38841835664659
157,1,0.361606496366925,0.587227175065742,-0.646033606008335,-1.71421337435418,0.543906275570204,0.627647158012723,1.4723481335702
157,2,0.163257000732285,0.269223405776885,-0.432170519080779,-1.77835620017455,0.554008135098921,0.543268753840102,1.42419592081742
157,3,0.136246284026694,0.181186334896187,-0.214785122485078,-1.85246290202514,0.568676810082792,0.492120327496558,1.39298594254915
157,4,0.152254833919434,0.165437655827973,-0.0557428930018968,-1.91138460127792,0.580198906007479,0.455602945683838,1.37299367075867
157,5,0.173513844796311,0.170259800724846,0.0473871143808938,-1.95309459295521,0.587854081347434,0.427349891487399,1.36057609756736
157,6,0.190898481884312,0.179456060777777,0.10996971781976,-1.9809620725633,0.592302887520979,0.404696914083367,1.3530822508083
157,7,0.203618843233084,0.188457111732519,0.146142382098343,-1.99862872038856,0.594332539943703,0.386241755276573,1.34862366599378
157,8,0.212815054687659,0.196311970121652,0.166113840381644,-2.00886072459041,0.594611384208623,0.371093530202912,1.34592111320617
157,9,0.219711291481099,0.203069087400585,0.176581852830876,-2.01353855712517,0.593665613437241,0.358614792189974,1.34415196294675
157,10,0.225204504635763,0.208965319494456,0.181714137416494,-2.0138919596731,0.591898741485185,0.348318350698676,1.34281569745415
157,11,0.2298638000453,0.214206366647837,0.184005811064422,-2.01072659029593,0.589615168213729,0.339818233795001,1.34162827696061
157,12,0.234018624930252,0.218930170374754,0.184896417620384,-2.00458936199668,0.587040684792226,0.332802414458089,1.34044501291772
157,13,0.23784403887665,0.223219330141352,0.185180604701031,-1.99587620285129,0.584339312155832,0.327015688781082,1.33920689107537
157,14,0.241423614716368,0.227120982123468,0.18527059936362,-1.98489756363309,0.581626979938132,0.322247954414844,1.33790453069605
157,15,0.244791061014593,0.230662975427505,0.185359582598855,-1.9719158842827,0.578982603875799,0.318325667053296,1.33655475531139
157,16,0.247955970404528,0.233864674341419,0.18552111227087,-1.95716554811428,0.576457018941061,0.315105313945005,1.33518589332636
158,1,0.0514867887025808,0.116773484997154,-0.0300333185096762,-1.61540850861775,0.763100876066483,0.45540557561964,1.52021405577589
158,2,0.0163465041187437,0.0854424366987043,-0.127549106973141,-1.76810351873333,0.787350372510898,0.449944482990684,1.47223490943354
158,3,0.0455936611735409,0.117538081442115,-0.114059316584267,-1.89872826961477,0.792064311574383,0.429275124902966,1.43078484735782
158,4,0.0869499413320541,0.158173439121876,-0.0671729296291028,-1.99985635701744,0.792225307249071,0.409352154229584,1.39678726066496
158,5,0.125174777240017,0.193133426706259,-0.0147242478581076,-2.07416335295351,0.791274567586158,0.39259590647843,1.36938946169916
158,6,0.156764924704734,0.22013068587056,0.0335326658256203,-2.12650222771506,0.790059171562856,0.378830528654671,1.34744014605414
158,7,0.181777571733488,0.240050449610485,0.0746801121724932,-2.16157177491537,0.788807483689176,0.367510336195019,1.32987841835396
158,8,0.201208759496688,0.254366838163986,0.108434825268003,-2.18332990619802,0.787581265701606,0.358138652956819,1.3158137171077
158,9,0.216170743150083,0.264440044991797,0.13549120447728,-2.19494115143145,0.786388795598576,0.350322431059985,1.30452146320637
158,10,0.227652704095066,0.271371242845616,0.156840807692617,-2.19887420329578,0.785218806108832,0.343759820923049,1.29541930714499
158,11,0.236469909166142,0.276011879494134,0.173490213341817,-2.19702782321975,0.784053554281371,0.338219891655352,1.28804200320887
158,12,0.243271797392263,0.279007372115425,0.186350092734162,-2.19084804842652,0.782874930075937,0.333525158859051,1.2820193442302
158,13,0.248566073684551,0.28084155515833,0.19620006334347,-2.1814272511231,0.781667458743266,0.329538029172987,1.27705778482318
158,14,0.252744624959931,0.281873976190811,0.203686902015272,-2.16958454691679,0.780419605968129,0.326150587973548,1.27292540881833
158,15,0.256106821213147,0.28236941594996,0.209336540460629,-2.15592974037893,0.779124086176054,0.323276999200348,1.26943971632526
158,16,0.258879131266351,0.282520782827551,0.213570691056192,-2.14091355721926,0.777777595985208,0.320847893312583,1.26645773213654
159,1,-0.417640819962648,-0.128196521379911,-1.77138885655525,-1.01011186533835,0.631336580420999,0.418312185856274,1.5128753231061
159,2,-0.248849454863014,-0.0944072201308326,-1.01967148978003,-1.30714433274799,0.565176259831064,0.364578475520536,1.45923735447057
159,3,-0.0992174138650398,-0.0247527600435277,-0.51916698538417,-1.50647811677319,0.534832924524595,0.346847347227454,1.40742996253601
159,4,0.0165286772334202,0.0437837050630074,-0.192241125016945,-1.6317511284661,0.517594444652055,0.340240762159377,1.36263307439453
159,5,0.101476815316649,0.10102876928069,0.0187689600109217,-1.70339897325326,0.507068864949335,0.337472300526501,1.32615956278442
159,6,0.162157851860287,0.145675775901201,0.153202823224743,-1.73723986123559,0.500919520605733,0.336078375579717,1.29763441918157
159,7,0.204646170282453,0.179150238449886,0.237073697658129,-1.74501636349061,0.497899777806603,0.335083911558149,1.27604565968416
159,8,0.233776607112532,0.203508886826111,0.287445244105287,-1.73528537202052,0.497137563864424,0.334065102837589,1.26022784895263
159,9,0.253211807352357,0.220739202186482,0.315552637171145,-1.71421438942707,0.497957551465655,0.332845924964221,1.24907007879509
159,10,0.265682546374091,0.232551490894947,0.328867424571695,-1.68620319105368,0.49982856841878,0.331377129617625,1.24159401183594
159,11,0.273216080837462,0.240344207983713,0.33242172613263,-1.65434871249384,0.502338835664494,0.329676799506704,1.23697286822413
159,12,0.27731530270302,0.245227967598906,0.329648321119638,-1.62078903210902,0.505177194467913,0.327796811410445,1.23452516337042
159,13,0.279091638702288,0.248066468625348,0.322914115306666,-1.58695838261077,0.508116122970079,0.325802757498263,1.23369893975158
159,14,0.27936249113993,0.249519091392105,0.313862001899521,-1.55377730697835,0.510996151864634,0.323761885214284,1.23405356712267
159,15,0.278723136915904,0.250079832535381,0.303633359200691,-1.52179523340521,0.513711905189837,0.321736140073918,1.235242104291
159,16,0.277600486370701,0.250111020826086,0.293015867490993,-1.4912977012078,0.516199942427938,0.31977852720563,1.2369953461801
160,1,0.305167576375717,0.297488475492571,0.705712757225095,-0.186304632973826,0.567030175920436,0.484373225674309,1.6520376375665
160,2,-0.041149460103177,-0.0958859862825559,0.427540180260718,-0.366942822925836,0.575178797318292,0.421485225608503,1.58244193034025
160,3,-0.145022647061226,-0.181124811525053,0.235474131488555,-0.611085383054548,0.575768898443613,0.373326878700983,1.49629019071257
160,4,-0.14214062737635,-0.142084925885616,0.116931066996266,-0.84875057744438,0.572628048082393,0.338265115670424,1.41313066988487
160,5,-0.0978330069926569,-0.0635771427863601,0.054425781274637,-1.05351615374585,0.567921805632565,0.313577254327209,1.34028430017251
160,6,-0.0424260128378233,0.0177522285220848,0.0313289542328851,-1.21901102928077,0.562908266035466,0.296676878168077,1.27943833556187
160,7,0.0108991311466988,0.0880363985184999,0.0339287532032469,-1.34744722123281,0.558283997647099,0.285427796136076,1.22992512412084
160,8,0.0571817847780702,0.143723318827588,0.051809311275565,-1.44415318454333,0.55438905385289,0.278174306025972,1.19024904217217
160,9,0.0952599811959577,0.185568334727312,0.0775213254451713,-1.51507207077765,0.551341374914178,0.273681118922698,1.15876199612806
160,10,0.125607047070221,0.215823931093811,0.106020150953334,-1.56570452710123,0.549126862479962,0.271051506084476,1.13393784755761
160,11,0.149295907939095,0.236992239533985,0.134089776242944,-1.60073851889472,0.547659249709671,0.269649090363956,1.11446331681954
160,12,0.167522117688454,0.251325667471533,0.159840754238207,-1.62399198266089,0.546819002594721,0.269031712724324,1.09924894092882
160,13,0.181400060099639,0.260673197801986,0.182307060073984,-1.63848620169174,0.546477713716999,0.268898826158399,1.08740854231133
160,14,0.191889707269259,0.266476480140525,0.201138630709701,-1.64656352189197,0.546512581912164,0.269051156726231,1.07822917230063
160,15,0.199783314909825,0.269822708187191,0.216375596330299,-1.65001026966351,0.54681424088276,0.269360533488628,1.07114090010913
160,16,0.205717578714345,0.271511955711677,0.228287758954609,-1.65016867839586,0.547290238695589,0.269747748830886,1.06568996271297
161,1,0.194374254074411,0.119692503672528,0.76695398498625,0.0996349132280394,0.670739730734957,0.483476734439874,1.68935335903138
161,2,-0.134010474079261,-0.222036824520902,0.400598824019532,-0.142915106274294,0.640735048475394,0.403788927686215,1.61553769625686
161,3,-0.221574499147609,-0.272286814111839,0.161354247128327,-0.437929332797222,0.618270774599362,0.354919771731361,1.52513012652895
161,4,-0.204207649782569,-0.208274413104977,0.0209912256844924,-0.716964689611227,0.59822553498949,0.322168964928645,1.43678847037307
161,5,-0.147024694345586,-0.111276638059771,-0.0477256846372299,-0.954678698949144,0.580463801333823,0.300187629988634,1.35812901063389
161,6,-0.08029089081716,-0.0160115556338797,-0.0676970829926653,-1.14570273060908,0.565335694532542,0.285852272529749,1.2912956360578
161,7,-0.0171907700374316,0.0647970192451373,-0.0567365273408553,-1.29325933776889,0.552967585023327,0.276911906497882,1.23599496278974
161,8,0.0373334655272224,0.128355462902603,-0.0279500811683911,-1.40368253736353,0.543251081759757,0.271686425291646,1.19098180000357
161,9,0.0821885742227754,0.175977983005151,0.00947044223441418,-1.48387920162265,0.535929278892775,0.268940392650765,1.15474921099792
161,10,0.117963473783919,0.210359211878748,0.0493870930875553,-1.54023822648864,0.53067230927887,0.267787374342025,1.12582970456834
161,11,0.145878636519896,0.234363594297766,0.0879389001529982,-1.57823789346909,0.52712950567929,0.267607884130622,1.10291155841965
161,12,0.167292881127342,0.250543258076179,0.122899774462249,-1.60237767004163,0.524962091479154,0.267981189695161,1.08487027966037
161,13,0.183486036243233,0.260993768333528,0.153175459614911,-1.61625016583732,0.523861864260631,0.268631002392652,1.07076341111965
161,14,0.195575922805356,0.26735692832255,0.178424022558167,-1.62266411906426,0.523560329339604,0.269383637029542,1.05981139974776
161,15,0.204498824378594,0.270879548602008,0.198778157788615,-1.62377677541224,0.523831570676416,0.270136581714277,1.05137483821155
161,16,0.211018305217246,0.272486428975974,0.214647636012243,-1.6212174737553,0.524491201554669,0.270835370085574,1.04493245483862
162,1,-0.415607473134017,-0.293424726759301,-0.698135034370133,0.219364753329226,0.615292880974505,0.476430286944331,1.63874819736032
162,2,-0.392038866872208,-0.272845135116947,-0.688860989961698,-0.201981625336923,0.566859642716798,0.422533450996623,1.5291150374941
162,3,-0.264494836697913,-0.153386218263639,-0.523995173588011,-0.53674815828827,0.537032187034767,0.399987259646813,1.42695854736969
162,4,-0.129992666131951,-0.0308338725360425,-0.333469944408599,-0.782802678539415,0.51682877929371,0.388494778789519,1.33912609728512
162,5,-0.0147001897554154,0.0709926489612455,-0.160199847031566,-0.953736367588169,0.503514414314103,0.381993259440427,1.26640565655688
162,6,0.0769441844087539,0.149368274551515,-0.0163113410250225,-1.06549417945556,0.495588622902255,0.378043580541874,1.2076445116992
162,7,0.146918282154219,0.207219172316294,0.0972690320843875,-1.13245989897447,0.491860912199642,0.375382557454272,1.16110015304321
162,8,0.198779029149588,0.24850760395404,0.183604826691795,-1.16654447923242,0.491304340859356,0.373276922863893,1.12493061927247
162,9,0.236134443345195,0.276922821518786,0.246947442317038,-1.17721747853307,0.493041333856675,0.371300062867997,1.09738795157151
162,10,0.262185624661468,0.295574094730762,0.291608063567767,-1.17181250090545,0.496342191116196,0.369223065650455,1.07689567969151
162,11,0.279623493632656,0.306979644306815,0.321510630818891,-1.15588570595618,0.500618097718093,0.366946750150096,1.06207507113559
162,12,0.290644692083902,0.313135378479794,0.340038701437259,-1.13355460715444,0.505408589588385,0.364454656023568,1.05174657356229
162,13,0.297005827653038,0.315597946818402,0.350013598576581,-1.1077950747938,0.510365818502254,0.361779763343906,1.04491878427413
162,14,0.300087007019031,0.315562980204572,0.353730761829759,-1.08069245944853,0.515237638024532,0.358981179619689,1.04077135542981
162,15,0.300953803324806,0.313933647921094,0.353019713401623,-1.05364926810521,0.519850914597804,0.356128255985742,1.03863540189115
162,16,0.300413622087799,0.31137901442361,0.349310785176571,-1.02755407291422,0.524095951571773,0.353290222612618,1.0379734632027
163,1,-0.147565850793657,0.058274356557901,-0.841228840554725,0.0319298334446096,0.765668721158868,0.479725832493025,1.58040541845679
163,2,-0.334782205909121,-0.252275485500651,-0.695424791049368,-0.344310552478195,0.713553945071814,0.415821565317251,1.48917765829477
163,3,-0.272870945428068,-0.247730766044904,-0.435912798046595,-0.676278688342973,0.673220776637881,0.385408549441959,1.40593003187294
163,4,-0.157698839331821,-0.160668646591294,-0.202229909379765,-0.932558734363185,0.640933602192925,0.369650707829934,1.33517101262635
163,5,-0.0474041943067293,-0.0646142490687741,-0.0207905750063644,-1.11768557454752,0.615462652805828,0.361270244939207,1.27702100334215
163,6,0.0439095561999967,0.0194606510303329,0.112617325932991,-1.24461598247754,0.59590964135349,0.356903684549427,1.23008939350425
163,7,0.115485615181788,0.0875343997053299,0.208029923294946,-1.32645123508638,0.581383077994171,0.354743258539593,1.19267853614699
163,8,0.170075657636214,0.140714826542578,0.274694952569297,-1.37432192144101,0.571007855000043,0.353726320305009,1.16319486105986
163,9,0.21092529140881,0.181375709529492,0.319867363051164,-1.39714751402911,0.563968273859998,0.353209281261891,1.14025204332493
163,10,0.240945951656903,0.21194210310935,0.349009900575728,-1.40189899371818,0.559536366946748,0.35280931705294,1.12267198287101
163,11,0.262558227644741,0.234548053886362,0.366225055331326,-1.39394593796202,0.557084356172219,0.352313447142331,1.10945955617803
163,12,0.27772260748152,0.25097468680552,0.374624251014277,-1.37737353388514,0.556086197124312,0.351620114985291,1.09977551573183
163,13,0.288009686740275,0.26267303086249,0.376593823458354,-1.35524739960398,0.556112411510779,0.35069941634114,1.09291351925201
163,14,0.294668766054666,0.270808068787663,0.373978062699415,-1.3298293139494,0.556821122163675,0.349565438967026,1.08828153774399
163,15,0.298686128971354,0.276304177495138,0.368205681246603,-1.30275192469052,0.557947243877895,0.348257040660163,1.08538657326335
163,16,0.300833087042944,0.279886340897028,0.360379792815999,-1.27516005887328,0.559291124331422,0.346824701705922,1.0838216495196
164,1,-0.249990059965169,-0.297033186990567,-0.0289139045798198,0.510050818157418,0.780503943152339,0.444421823695171,1.77078164832903
164,2,-0.46256035714419,-0.476416384043587,-0.470637008955944,0.0695294181399626,0.69831200195199,0.36094369120966,1.70722806493421
164,3,-0.432769560545138,-0.422485435571556,-0.549435970393455,-0.34485136353096,0.642013647713267,0.322503367828095,1.63469204694428
164,4,-0.333202325766368,-0.309692582039541,-0.490650738178174,-0.691972461937225,0.597272012700786,0.302829171875176,1.56521477458697
164,5,-0.223181260598555,-0.194751662542044,-0.384791097814248,-0.967039553957213,0.560697871718438,0.292809162615188,1.50264142036247
164,6,-0.122257379996087,-0.0942368636147368,-0.26968919994174,-1.17703329244845,0.53115505174593,0.288430236686499,1.44796340745654
164,7,-0.0358883884901202,-0.0112998344743438,-0.161378160172465,-1.33201154943015,0.507855681541272,0.287472808812576,1.4011274597084
164,8,0.0354743129632039,0.0551689351702633,-0.0662729282693459,-1.4420511140814,0.490012191317308,0.288527600428846,1.3616667830422
164,9,0.0931108652000964,0.107429065190863,0.0137039317424613,-1.51622335896204,0.476820954534843,0.29065203063652,1.32893876867738
164,10,0.138822728195839,0.147858325405404,0.078795257595773,-1.56231700189395,0.467499622803177,0.29321571569021,1.30222876905894
164,11,0.174472150854092,0.178631134147928,0.130270192750941,-1.58683991096537,0.461320322106705,0.295810411155741,1.28080499299034
164,12,0.201803655052719,0.201637296786166,0.169831574237727,-1.59512443379899,0.457630275229362,0.298187917113336,1.2639523128084
164,13,0.222377366484048,0.218480241389298,0.199296427495103,-1.59146741085813,0.455861495899821,0.300214004359764,1.25099440789443
164,14,0.237549879794301,0.230500189633627,0.220423194331334,-1.57927631635739,0.455532568756955,0.301833518900611,1.24130794713259
164,15,0.248476835726469,0.238803897730381,0.234822141610053,-1.5612090475064,0.456245150706582,0.303044034751957,1.23433076615663
164,16,0.256125904889393,0.244294828322173,0.243914471403709,-1.53930182216171,0.457677221792641,0.303876236999598,1.22956542787275
165,1,-0.558744782091196,-0.410931095092573,-1.12454259095052,0.401518376202227,0.786819061776994,0.439550926208579,1.92149712659196
165,2,-0.647001695148633,-0.570870014994517,-1.0033602259656,-0.155124465838136,0.655217156311391,0.348949193467033,1.78112952468615
165,3,-0.501339966645473,-0.462911790325108,-0.706547797915479,-0.614327719986674,0.581665013583554,0.325080925707966,1.64085479255915
165,4,-0.315704047350243,-0.299797396180012,-0.409973710627326,-0.954632283263709,0.53282269816109,0.322205029853091,1.51835379409207
165,5,-0.148454133990951,-0.147428319078651,-0.161526874923995,-1.18939459484487,0.499058524400845,0.326493306145199,1.41669217002299
165,6,-0.0131707765310329,-0.0225121705470193,0.0321799812464371,-1.33971116689383,0.476367366465629,0.333029171000088,1.33457711110627
165,7,0.0907586117095188,0.0741379288431486,0.176792842974525,-1.4258515081431,0.462210009928446,0.339732374227894,1.26955057172269
165,8,0.167889556073745,0.146311076467926,0.280701266898627,-1.46494283674933,0.454585949127642,0.345627535048766,1.21900219792797
165,9,0.223357482198837,0.198641879850088,0.352067287268597,-1.47070392926355,0.451833033364221,0.350273343321983,1.18049001891642
165,10,0.261842907634759,0.235428851460518,0.398015073159133,-1.45379801573221,0.45257717694863,0.353527315329176,1.15183494453995
165,11,0.287315977616183,0.260325197110739,0.424510954309497,-1.42232621622915,0.455705507975953,0.355423206603945,1.13113873562298
165,12,0.30303456615064,0.276317722679141,0.436448451807349,-1.38230781666425,0.460338910392768,0.356096046536786,1.11677478007819
165,13,0.31161834875474,0.285794010477271,0.437782677216162,-1.33810339939059,0.46580192980833,0.355732884732719,1.10736856416912
165,14,0.315139567932368,0.290630154078311,0.431666767352605,-1.29277313749968,0.471591862686303,0.354539998963129,1.10177406604575
165,15,0.315211234475229,0.292276699743251,0.420577426213988,-1.24837400672705,0.477348881018767,0.352721548118595,1.09904871856094
165,16,0.313066944906792,0.291835965566587,0.406426954493444,-1.20620282325624,0.482828457214854,0.350466399566125,1.09842832003168
166,1,-0.408628220654169,-0.348059843283968,-0.658020869927694,1.24561810446079,0.505810214594253,0.49838912619119,1.96178888269366
166,2,-0.617989764244602,-0.575194945502547,-0.914844629383924,0.663802070828675,0.402149434533865,0.416956038077255,1.75246326092762
166,3,-0.478689591784862,-0.443113469161878,-0.741935272602711,0.17614794470427,0.342139242972968,0.399115301392139,1.55658214504836
166,4,-0.272107289958124,-0.244739096554483,-0.469523745072403,-0.177962250722598,0.303800904028438,0.400280777179628,1.39064288410556
166,5,-0.0828170190332297,-0.0654143740175712,-0.208267759472328,-0.411257968867167,0.280237610378035,0.40727592841399,1.25598846793431
166,6,0.0687244733761292,0.0758111056340793,0.00881731127212448,-0.548707691615513,0.267812974905738,0.415413495613687,1.149549622368
166,7,0.182331882674384,0.179997526172709,0.176456344332823,-0.614943166818169,0.263795772051868,0.422724800943455,1.06721390390995
166,8,0.263559644478674,0.253386923815295,0.299034263387968,-0.630772842178999,0.26592410997194,0.428343519357702,1.00490518937688
166,9,0.31892653847777,0.302730224095295,0.383828814922296,-0.612675464797635,0.272326213841286,0.431957350584682,0.958924959639033
166,10,0.354414830336847,0.333957001381741,0.438419113403332,-0.57321600257562,0.28149009067538,0.433566406007887,0.926044788940286
166,11,0.375075229104822,0.35191486170907,0.469708689910036,-0.52169017758269,0.292230025779245,0.43334906299084,0.903510121939338
166,12,0.385003344061161,0.3604337270252,0.483604007652781,-0.464767156959211,0.303646410479492,0.431577253260353,0.889010466990094
166,13,0.387435182885653,0.362473478281456,0.484969277947121,-0.407059037115413,0.315082643215013,0.428560702514748,0.880636609429951
166,14,0.384873369857633,0.360278674208345,0.477698084005996,-0.351600976064564,0.326082599873154,0.424610618570855,0.87683351514992
166,15,0.379212821286074,0.355518029795112,0.464830549609399,-0.300244954631123,0.336350987091691,0.420017140995993,0.876353099679215
166,16,0.371855040276003,0.349403730045595,0.448682699819276,-0.253976420139295,0.345717889162992,0.415036593550358,0.878209099809742
167,1,-0.881672031352128,-0.841437684493353,-1.16464316576635,1.65413859969836,0.491548250438118,0.481676393732811,2.21504493801241
167,2,-0.933220548430983,-0.884036561460588,-1.28193804308577,0.91154314350582,0.276297958360627,0.347874095302506,1.98104011892007
167,3,-0.716642071536413,-0.667978938464562,-1.03437394679967,0.311302853718413,0.17882751395607,0.326625363204579,1.75374410370199
167,4,-0.459038746657276,-0.418037813806461,-0.703594677155806,-0.126251134620001,0.125015388198658,0.334881811752208,1.55789653147448
167,5,-0.230440979764294,-0.201023945430294,-0.390585859922055,-0.42129776310326,0.0943164031949886,0.350093485883624,1.39729573534026
167,6,-0.0474014089924383,-0.0307545130495099,-0.12789721098762,-0.603230592518168,0.0790809931754469,0.365468297829227,1.26942965081606
167,7,0.0912520519410225,0.0957575794497887,0.0783677588036487,-0.700191235166109,0.0750459034059694,0.378715610478329,1.17004441515254
167,8,0.191942415419195,0.18592542329136,0.232225151977285,-0.736017170470835,0.0791233351459421,0.389062681766708,1.09464981389022
167,9,0.261998021350522,0.247480254779383,0.341190296286614,-0.72979436999416,0.0888733587215751,0.396369440065299,1.03903695908347
167,10,0.308190804649889,0.287229538652308,0.413496486734167,-0.696279665218272,0.102351696774993,0.400806374970816,0.999452975417267
167,11,0.336312013057026,0.310794597569056,0.456917158262832,-0.646563909209662,0.118035286967712,0.402703268924844,0.972645202921897
167,12,0.351123158480069,0.322668912358096,0.478297607625784,-0.588749212929739,0.134762124281499,0.402462719895178,0.955850787734766
167,13,0.35643938601735,0.32636797135046,0.483416478516534,-0.528562045017788,0.151674480986886,0.40050606530757,0.946761832501399
167,14,0.355253854934839,0.324592283316739,0.477004177438012,-0.469879833342862,0.168165371546453,0.397239296812912,0.94347975998567
167,15,0.349867813524529,0.319378042956163,0.462834149106712,-0.415170014466578,0.183829603814091,0.393032614451537,0.944465888151826
167,16,0.342012588190974,0.312228424375476,0.443843894911192,-0.365848511687886,0.198420392253226,0.388209548565751,0.948492138270178
168,1,-0.763578641877737,-0.616616793967665,-1.50109859949063,1.90457767300523,0.368144898002781,0.485634447627913,2.216251589868
168,2,-0.822812033622766,-0.721157273228629,-1.44859384774813,1.20810717440089,0.16253442225082,0.379467813109193,1.94540471313985
168,3,-0.590164597205669,-0.521348119905024,-1.07915625865795,0.660359315413885,0.0656838066246148,0.37735489590539,1.69498433221774
168,4,-0.317940951533535,-0.277435801662755,-0.668793635369982,0.2810887800037,0.0114197167902906,0.400275093449271,1.483715715468
168,5,-0.081290174747141,-0.0661638252254101,-0.306777613404419,0.0465109900604854,-0.0190274630873999,0.426946580924316,1.31283042961165
168,6,0.103708753343931,0.0966456049927343,-0.0156565796142551,-0.0760436496127543,-0.033203680992364,0.451104563580597,1.17832535180941
168,7,0.239863103067514,0.214215909525178,0.20563764732137,-0.116997973685911,-0.0356378194276037,0.470824428696145,1.0749173787882
168,8,0.335153105875114,0.294661648995927,0.36596394670984,-0.101551281167455,-0.0297013555719291,0.485670321256594,0.997360511555328
168,9,0.398120449847234,0.346366981887984,0.476038313846278,-0.049456306226962,-0.0180551530355497,0.495825029904832,0.94088281809141
168,10,0.436413100410662,0.376626881909721,0.546195814466095,0.0243471078760287,-0.00279429601245162,0.501759995019072,0.90131291857716
168,11,0.456427295077561,0.391385492589193,0.585587262983375,0.108903521649312,0.0144667631959435,0.50407604635027,0.875089958859352
168,12,0.463325340977918,0.395324613463515,0.601957266004933,0.196443280757838,0.0325204449503947,0.503412719071386,0.859227373750294
168,13,0.461173441088192,0.392046568903184,0.60166580701884,0.281682888983799,0.0504968013906056,0.5003933190745,0.851258154220427
168,14,0.453107847328453,0.384265880521305,0.589811261556307,0.361238036026911,0.0677995869140056,0.49559225259117,0.849173762466925
168,15,0.441496419251017,0.373982979722629,0.570390964809582,0.433143465998195,0.0840490291327369,0.489517353005855,0.851362632691123
168,16,0.428084227127408,0.36263336883337,0.546468940279955,0.49646755175021,0.0990320707219947,0.482602471873977,0.856551409597417
169,1,-0.4431323367787,-0.45117777696607,-0.507722967998153,2.20811069491025,0.321208036044283,0.500563315858441,2.0335370223068
169,2,-0.599371224653306,-0.569221300563302,-0.91338395371501,1.63105598753158,0.166702636347194,0.435096700538915,1.78973317376697
169,3,-0.45252703709928,-0.407204816768514,-0.838132077023799,1.14848110265223,0.0830453300949593,0.43619240120033,1.57164824367816
169,4,-0.24242652858958,-0.198849199349763,-0.608587613456403,0.796444073264862,0.0312182142171765,0.453643706859928,1.38800288705162
169,5,-0.0474319151775766,-0.0153589377271305,-0.353548930718438,0.564297311548368,-0.000591583772507009,0.473465395807539,1.23853906302918
169,6,0.111036711305349,0.12734921483222,-0.12232535335302,0.428837651565068,-0.0178259136286074,0.491300070313001,1.11985268788186
169,7,0.231294389139894,0.231126914158194,0.0688451255208913,0.366192537805412,-0.024144590717686,0.505698923404519,1.02767140826112
169,8,0.318001534480501,0.302628568402979,0.217751972682503,0.355601315531503,-0.0224270363419903,0.516280294157816,0.957731918599073
169,9,0.377327233903804,0.348979318038343,0.328003481504686,0.380259006663854,-0.0150072244127096,0.523140669574596,0.906110592606751
169,10,0.415233567999673,0.376458011289657,0.405327021433567,0.427125510558627,-0.00375707774711398,0.526616345625449,0.869336595117078
169,11,0.436918398684833,0.390213823547029,0.455857205197631,0.486408631825132,0.00985463881454174,0.527160823569774,0.844414307901234
169,12,0.44669403262021,0.394320318103902,0.485352756764869,0.550986237518099,0.024705853754992,0.525271375322835,0.828805590951397
169,13,0.448029038467629,0.391924574088959,0.498868468039199,0.615865137502469,0.0399659737045165,0.521442657461492,0.8203935670495
169,14,0.443647047671804,0.385408948791488,0.500656385079643,0.677709165059701,0.0550438362751752,0.516137894501548,0.817438317742615
169,15,0.435639830438444,0.376539157162244,0.49418212471837,0.734443021897316,0.0695404393897191,0.509772288241944,0.818530058416933
169,16,0.425577102305053,0.36659184375548,0.482196127571076,0.784928069148324,0.0832073274478878,0.502705032844166,0.822543015393215
170,1,-0.538590296778003,-0.220240005017795,-1.95535925901072,1.74527006245096,0.501636890435123,0.411362465631478,1.93976030644884
170,2,-0.423666170588185,-0.225053271981052,-1.47013891998606,1.24089862344864,0.396113341352441,0.415803877198849,1.72349484794447
170,3,-0.196817601322029,-0.0781293493422885,-0.959160351499873,0.876858938303636,0.326544657756444,0.444375506253989,1.53250571896516
170,4,0.0208367315250542,0.0816532098788697,-0.522068844161014,0.645901247811959,0.279528187817041,0.476881550309715,1.37304008694667
170,5,0.197831970619876,0.214987119392126,-0.175597850849782,0.522052462265724,0.249080747564886,0.507070382766997,1.2439646837656
170,6,0.331467537272049,0.315239486615784,0.0882804150308921,0.478121235556217,0.231180934255702,0.53286954396309,1.14180600256389
170,7,0.427408120314882,0.38575079561773,0.283375328573439,0.490722557877919,0.222642167952433,0.553706871476397,1.06256468008191
170,8,0.49296082227862,0.432227040189225,0.423371057069027,0.541186681963665,0.220867139404633,0.569658790222325,1.00237728090507
170,9,0.534968757414572,0.460285214524644,0.520211963859348,0.615192284346145,0.223764402827235,0.581115423111516,0.957751408096395
170,10,0.55925191803205,0.474750836725058,0.583851318798126,0.702075864074587,0.22968707879536,0.588616489909882,0.925635593626174
170,11,0.570555190514152,0.479541905839999,0.622401687309084,0.794126768613258,0.23737192234108,0.5927576777586,0.90342173606476
170,12,0.572651895737806,0.477739627297946,0.642380129303641,0.885959977640795,0.245878822537744,0.594133645877393,0.888918692099778
170,13,0.568484865812028,0.471709196341099,0.648955414465305,0.973986349521607,0.254533421544583,0.593303487397888,0.880313492306349
170,14,0.560306255359124,0.463224458604266,0.646172328458515,1.05597670331585,0.262874858678034,0.59077114548714,0.876127925988744
170,15,0.549804074353829,0.453581561689007,0.637148529791613,1.13070930616588,0.270609708406789,0.58697604797057,0.87517451900745
170,16,0.538212482833404,0.443697589856199,0.624244956263812,1.19768903684493,0.277572468374683,0.582290668509154,0.876514158927933
171,1,-0.386859517463282,-0.319679837718528,-0.922035560569354,1.89551024427829,0.967463830543491,0.375838171088078,1.96432036603486
171,2,-0.433588562081867,-0.382288104120379,-0.992121837062673,1.40492458634212,0.822015063639103,0.373344816324722,1.85690552604036
171,3,-0.314239253099988,-0.280047527818345,-0.828404745625585,0.987912913513013,0.712389918204931,0.393149976220058,1.74879139746516
171,4,-0.157969005554219,-0.143238609138041,-0.597493473034967,0.666246137735752,0.627347474321938,0.418586694902208,1.64693961709762
171,5,-0.00892885586509512,-0.0144048944970917,-0.3646224879211,0.434799714617678,0.561912121589821,0.444229054169664,1.55518992082091
171,6,0.119141489368951,0.0943818722808536,-0.154948855645057,0.280218015232115,0.512592140271817,0.467948025218497,1.47518029321219
171,7,0.223561068726954,0.18154755224297,0.0230988641977516,0.187695164304623,0.476433325432025,0.488804986106943,1.40720619792969
171,8,0.305678886227857,0.248998298510191,0.168425490226112,0.143418266010473,0.450854819132056,0.506416665284018,1.35077699608911
171,9,0.368227728208672,0.299627167651518,0.283211577838221,0.135378092671068,0.433624243645387,0.520715583926069,1.30496100202026
171,10,0.414280208135333,0.336416970552283,0.371021089474077,0.153540525016494,0.422845036446928,0.531830179714465,1.26860406553622
171,11,0.446817660003368,0.362118255750933,0.435858898723354,0.189758915605686,0.41693588802529,0.540009861367471,1.24047105386312
171,12,0.468549854338359,0.379142393163755,0.481683772308258,0.23758228727869,0.414602658537238,0.545572726409181,1.21933743097264
171,13,0.481846592399153,0.389539782235964,0.512159020596118,0.292027682767359,0.414806007743123,0.548867980476328,1.20404684168439
171,14,0.488723679455983,0.395014021338728,0.530535488027796,0.349349206399992,0.416727579285138,0.550249237686269,1.19354489786524
171,15,0.490856912892692,0.396951885776625,0.539611045700277,0.406820000945239,0.419736787114683,0.550056234865197,1.18689622343036
171,16,0.489610548466961,0.396459866765175,0.541734623672428,0.462535134806025,0.423359561718557,0.548603064828445,1.18328987138427
172,1,-0.633670094233601,-0.328559902656235,-2.3019202338031,0.969491925379454,1.03261188727826,0.327424316513576,1.98359099255771
172,2,-0.466073043930064,-0.34057415474204,-1.43358050116982,0.489556538682317,0.921405089510055,0.336184784026433,1.88815062271305
172,3,-0.267345897642725,-0.246511888902495,-0.797588885150676,0.130990027531295,0.828850239421613,0.355325253131142,1.79515030008303
172,4,-0.0902483451137471,-0.131943150178799,-0.344809753628174,-0.120771749640329,0.754158763820864,0.378476928921524,1.71154007228063
172,5,0.0545477965871474,-0.025043792979618,-0.0243880461977176,-0.286396135669312,0.695166632916681,0.402174749598118,1.63914179645774
172,6,0.168770933715216,0.066179318104419,0.202516783323982,-0.385104421509108,0.649463606156295,0.424542927602617,1.57785837026406
172,7,0.257051911044245,0.140762867377626,0.363043421373805,-0.432994296464284,0.614743279946285,0.444601778730899,1.52688326169833
172,8,0.324109579010462,0.200117927246326,0.475725286146728,-0.443076587074414,0.588922303230356,0.461902694032699,1.48516376035263
172,9,0.374059669301612,0.246346806823376,0.553318869229826,-0.425714254164014,0.57017887612418,0.476323177949022,1.45158546394807
172,10,0.410345607721954,0.281626806013719,0.60481459805298,-0.389084601939214,0.556957081948657,0.487942384549988,1.42505181314625
172,11,0.435819374301026,0.307983519574296,0.636741482005377,-0.339577087080675,0.547954420338312,0.496960584438417,1.404522783156
172,12,0.452837509489447,0.327211839979458,0.653981762226311,-0.282121334096923,0.542100596719326,0.503645025366081,1.38903604763591
172,13,0.463341944923124,0.340856335119221,0.660274377484628,-0.220457642385676,0.538532058450818,0.508293024586711,1.37771900825462
172,14,0.468924273073732,0.350217314728376,0.658529425765646,-0.15736233036814,0.536565067226015,0.511206982765722,1.36979483438679
172,15,0.470877839064036,0.356368713395957,0.651030497705775,-0.0948369851629405,0.535669109152542,0.51267792587466,1.36458394977405
172,16,0.470241629917208,0.360181385276217,0.639571083611428,-0.0342678260805518,0.53544179092748,0.512975234684188,1.3615019189397
173,1,-0.117339765823514,0.0241835994547629,-1.12820249376302,0.278803302618962,0.817073509214949,0.455431855375696,1.92268872110217
173,2,-0.0503605144900807,-0.0389572827070227,-0.611316406011152,0.0126358544610459,0.762799482673111,0.461085494240258,1.79987435333125
173,3,0.08615887340312,0.0251200619837326,-0.192774861475521,-0.170193882711262,0.720006601077387,0.475614107649134,1.69554054276843
173,4,0.213871216619949,0.111587087888688,0.111749750317313,-0.275902147175038,0.687582877100349,0.492296515670698,1.61230066134381
173,5,0.315169635777143,0.189567756930607,0.323408401488063,-0.321358907625799,0.663811677812828,0.508295466019073,1.54751116990265
173,6,0.390284776066366,0.252145403094426,0.466434413650174,-0.323022488875255,0.646957407594545,0.522405626465987,1.49776379651885
173,7,0.44374918102365,0.299773233092519,0.560340017708522,-0.29434124775794,0.635459400725223,0.534175359779652,1.46001152723159
173,8,0.480387693997662,0.334838458505878,0.619419210250553,-0.245642311726563,0.627986899698702,0.543531120386515,1.43175065877452
173,9,0.504310251946765,0.359937893618173,0.653870583901347,-0.184629161926392,0.623442006234056,0.550597305387833,1.41096610743691
173,10,0.51879462290047,0.377378055812589,0.670966402302401,-0.116935886535028,0.62094228866621,0.555599676885624,1.39603878974531
173,11,0.52639563819838,0.389071142555999,0.675938984482277,-0.0466009903307321,0.619795632344849,0.558809168771118,1.38566430803741
173,12,0.529085531597892,0.396552650168722,0.672592786735854,0.0235550850812414,0.619472892704623,0.560507813067622,1.37879006615805
173,13,0.528376205447998,0.401031165829615,0.663715757441681,0.0916347732158429,0.619581061986759,0.560968060978754,1.3745677181478
173,14,0.525416785811149,0.403442036985208,0.65135675376987,0.156433172604073,0.619838343663711,0.560440746923915,1.37231662510755
173,15,0.521070202160109,0.404496615158222,0.637016465866446,0.217258349019142,0.620051829624408,0.559148799787022,1.37149490802944
173,16,0.515973690696662,0.404725146514629,0.621782680559501,0.273791143688991,0.620098062723224,0.55728479257877,1.37167579495984
174,1,-0.305804803949526,-0.218653264187518,-1.55740275847215,-0.377399557196832,0.649973126409846,0.385403725465046,1.79114856716992
174,2,0.0218836564799192,-0.0483233122340169,-0.5088678336512,-0.573606155027462,0.597771745696974,0.413189862599545,1.66659287876375
174,3,0.235164182442098,0.0776300275646584,0.121576777032519,-0.64276563378504,0.565830006712578,0.444633042282417,1.57064748747016
174,4,0.373171384163534,0.17028684705195,0.495101770831338,-0.631993271705469,0.54627179615814,0.473111879262271,1.5000328415614
174,5,0.460904633268427,0.237621805133547,0.709441726603237,-0.572280352051049,0.535294507871092,0.49696014012561,1.44962867607338
174,6,0.514670785305542,0.285693533704831,0.824533856901264,-0.484242792086845,0.530380955844046,0.515985570251698,1.41478794079555
174,7,0.545360333351267,0.319228659902195,0.87759140214114,-0.38164145500897,0.529644088539216,0.530520132626869,1.39173453115736
174,8,0.560403512969979,0.341941340652418,0.8920219789261,-0.273611187486913,0.531635894684549,0.541097520251174,1.37750103114336
174,9,0.564958377579619,0.356741188316609,0.882744141913719,-0.166114294683056,0.535258120837517,0.548314075380172,1.36978136495052
174,10,0.562650027609788,0.365888477137603,0.859382675728254,-0.0629137625960656,0.539697994527221,0.552758966920833,1.36679132106415
174,11,0.556042862902608,0.37111854630697,0.828207120973485,0.0337592882866096,0.544373670675011,0.554977862359562,1.36715521672583
174,12,0.546950815693288,0.373744283442303,0.793321616253349,0.122738206359727,0.548886776960651,0.555455398677365,1.36981768573874
174,13,0.536647179397931,0.374741171960531,0.757406077785745,0.203587976175274,0.552981652805053,0.554608836348866,1.37397553890965
174,14,0.526010759564229,0.374817820450299,0.72218647385706,0.276365432506156,0.55651101473291,0.552788393765427,1.37902476190822
174,15,0.515630537995073,0.37447421111657,0.688739813341598,0.34144551596193,0.559407607171598,0.55028143991396,1.38451877022942
174,16,0.50588245369507,0.374049509362139,0.657696818890313,0.399395481263962,0.561661253267551,0.547318737358391,1.39013510272733
175,1,-0.168927168343072,0.0311682768388372,-1.42233826187788,-1.32414898688117,0.785600422113078,0.45975728345732,1.45062420008581
175,2,0.3725753788329,0.40354142789864,-0.0789248683413655,-1.32027427768836,0.682005638900952,0.448380820922187,1.36271715386083
175,3,0.601113895937921,0.521927325134678,0.602735469536922,-1.17992900754478,0.651029459820833,0.482908477276998,1.31100488527064
175,4,0.695531094593784,0.551496070592353,0.946511372264662,-0.988604393157838,0.642394083927748,0.518251511297625,1.28086201577965
175,5,0.728362082745,0.549645955310971,1.10832807797762,-0.78423762650952,0.642797214580965,0.546554170594591,1.26473386790895
175,6,0.731098083526059,0.536695071389153,1.16893306435773,-0.584624835596208,0.64760437726125,0.5675178203966,1.25809135720161
175,7,0.718658482763185,0.520161251940832,1.17270763950904,-0.398223930229122,0.654557166672025,0.582239342654474,1.25789478800162
175,8,0.698768574750769,0.503059858555293,1.14511867853274,-0.228769083628478,0.662292290017855,0.591944604796355,1.26197647126533
175,9,0.675726320384727,0.486739681284851,1.10118901594751,-0.0774400238113622,0.669930241626951,0.597733877385871,1.26875385430869
175,10,0.652028593193139,0.471863454260988,1.04990639904737,0.0560140750866236,0.676914747017841,0.600538747867014,1.27706863940343
175,11,0.629140534961255,0.458760774432329,0.996653208809938,0.172641706494747,0.682921077333665,0.601126148388602,1.28608131787041
175,12,0.607897002995753,0.447568516057217,0.944605296268397,0.273910343775558,0.687791067668716,0.600114435544571,1.29519528525059
175,13,0.588731820628162,0.438297955008192,0.895564675336144,0.361471417877731,0.691483674101508,0.59799275674337,1.30399961910108
175,14,0.571818677961531,0.430874860217109,0.850468675523147,0.43701241764955,0.694036973300416,0.595140693163911,1.31222490153457
175,15,0.557162609503524,0.425167813745941,0.809708510945377,0.502164644013573,0.695539269798196,0.591846804897688,1.31970866865147
175,16,0.544661679625883,0.421009857185554,0.773332736374975,0.558447800903864,0.696107548839438,0.588325404323659,1.32636819403045
176,1,0.512999663135211,0.569372702101644,0.029615893029448,-1.34242803696383,0.68530397511462,0.481529154211189,1.38203737874518
176,2,0.626316755990793,0.556722469761449,0.605533289085197,-1.19060810005304,0.694095983887783,0.521871048196088,1.33237285301281
176,3,0.678633292984075,0.541358221475124,0.909792022878704,-1.01261436961642,0.698429674520535,0.546009987526122,1.30418832926062
176,4,0.695462493823494,0.524273056250807,1.05462105946953,-0.829675525716622,0.703371918365658,0.562384588607797,1.29016391802982
176,5,0.692133747161937,0.506675329676473,1.10714480436375,-0.653622190834072,0.709049531802667,0.573503919556415,1.28541946941759
176,6,0.677991769245848,0.489607693217001,1.10750126996867,-0.490515591677665,0.714823334495668,0.580607710654476,1.28657188017961
176,7,0.658716738727414,0.473822888266285,1.07964574752595,-0.342940931132713,0.720125063166549,0.584604222113053,1.29127228947516
176,8,0.637715515402002,0.459790712377647,1.03781058181788,-0.211437653680644,0.72458018232232,0.586243325724142,1.29790643504552
176,9,0.616978533054748,0.44774993483911,0.990372253984021,-0.0953856863640843,0.727986310289339,0.586146608839667,1.30538220506931
176,10,0.597612559438619,0.437766848115433,0.942170920223045,0.00644795457539993,0.730270067635454,0.584818170685324,1.31297707889067
176,11,0.58017397585993,0.42978688465171,0.895906467398687,0.0955742606824836,0.731447731129878,0.582656648701974,1.32022906782107
176,12,0.564878729377494,0.423676051489106,0.852982964635398,0.173579669923763,0.731593850130367,0.579969458606389,1.32685904308103
176,13,0.551735676132895,0.419252655510223,0.8140227550655,0.242006649917154,0.730817445102591,0.57698760100467,1.3327153972757
176,14,0.540631960490884,0.416310850843707,0.779181762268902,0.30228677747715,0.729244556756384,0.573879736216011,1.33773447564179
176,15,0.531388017284588,0.414637632913891,0.748344350743146,0.355707045549339,0.727005884394446,0.570764826271646,1.3419121460729
176,16,0.523793054574942,0.414024701266046,0.721244525495598,0.403397133991314,0.724228400558155,0.56772306419673,1.34528329254634
177,1,0.495937468140208,0.391623549768202,0.393602986356768,-1.43438947652531,0.688051937165018,0.491515298903275,1.38056612237766
177,2,0.626396519648085,0.441541258756953,0.906286663074222,-1.2602690320994,0.684259856226615,0.513789397808851,1.3701628381563
177,3,0.665866504165722,0.441020953842839,1.13672785987169,-1.068027119541,0.685568456993062,0.53070578907984,1.37247620527944
177,4,0.666117085398233,0.426236917490024,1.21758792289907,-0.881296600795026,0.688808026906701,0.542584486974452,1.38209100732558
177,5,0.649689987067676,0.409420452272899,1.21926919950433,-0.709648779658427,0.692619033021756,0.550372847818477,1.3954554438724
177,6,0.626972695809805,0.394487230809104,1.18043642717061,-0.556265865937608,0.6962831738377,0.554983312180958,1.41033212606615
177,7,0.602944979932414,0.382469343067492,1.12269537668432,-0.421334836934927,0.699396990289884,0.55719295682917,1.42534627308468
177,8,0.58000700695827,0.373408401661715,1.05813203054628,-0.30365342239264,0.701748999953401,0.557639015234318,1.4396829088856
177,9,0.559253775952516,0.367020086935424,0.993393806799274,-0.201432605516654,0.703254570459257,0.556831252827495,1.45288964083238
177,10,0.541094107642166,0.362930343959204,0.931983763006557,-0.112710496109804,0.703913103390236,0.555168259389231,1.46474759644965
177,11,0.52557177216688,0.360760594936425,0.875582876229903,-0.0355660141855616,0.703777497074334,0.552954667625707,1.47518637941886
177,12,0.512540532651667,0.360158589753329,0.824824091700633,0.0317753351945544,0.702932041483892,0.550417817443078,1.48422784749503
177,13,0.501762565064335,0.360808962202578,0.779749486924675,0.0908953690281309,0.701476616899328,0.547722953788809,1.49194894101575
177,14,0.492964538080317,0.362435788722987,0.740081316858005,0.143170340267316,0.699515699217496,0.544986496190087,1.49845716326592
177,15,0.485869420853169,0.364801773980569,0.705382566709754,0.189776232108308,0.69715101383804,0.542287250868079,1.50387448831259
177,16,0.48021403526415,0.367705919044798,0.675151410384312,0.231703531520286,0.694476920279306,0.539675644550334,1.50832690222404
178,1,0.639546738981568,0.591149765151513,0.538883313513416,-1.64307450632193,0.571030538104304,0.547062140768504,1.14375603095968
178,2,0.882827349543777,0.755147012207406,1.1538747078292,-1.34680642757729,0.607799676177583,0.587009730235202,1.13686555234237
178,3,0.926703500652208,0.753527748410123,1.38365226522903,-1.02992040320491,0.640328624132161,0.607208776756238,1.15180784859038
178,4,0.899310892503412,0.704908815539933,1.43442689338652,-0.73594549461842,0.669110727682077,0.617279912561662,1.17606567252615
178,5,0.848494761295026,0.648368250053087,1.40067488989957,-0.478484064119737,0.693801830488699,0.621140993832153,1.20387617174443
178,6,0.792928423324305,0.596266901639752,1.32880694234397,-0.259577112380428,0.714255352836152,0.620920858848028,1.23220856201303
178,7,0.740121739835214,0.551974920734484,1.24273483767775,-0.0767259074135367,0.730588240063455,0.618028551958057,1.25935009648601
178,8,0.69301209615414,0.515842054773492,1.15499241353616,0.0742493104119775,0.74310160019189,0.613478053260854,1.28433509353907
178,9,0.652520504333747,0.487224803212933,1.07200835309929,0.197965946908669,0.752202333071689,0.608010966653804,1.30666703007668
178,10,0.618624627124789,0.465186502386395,0.996812704628498,0.298911812327329,0.758344744779057,0.60216126145982,1.32615692575157
178,11,0.590852874982853,0.448746649500575,0.930516533164998,0.381186748371358,0.761990101103152,0.596300729387761,1.34281754540679
178,12,0.568532912017744,0.436973603205229,0.873157252011634,0.448397374718807,0.76357995524089,0.59067541898836,1.35679003262868
178,13,0.550925111704492,0.429020095612849,0.824194750609388,0.503632273394991,0.763519725837834,0.585435790712305,1.36829204594761
178,14,0.537296511976318,0.424135858659605,0.782806275058785,0.549480336999969,0.762169774482692,0.580661513148585,1.37758115452262
178,15,0.526961374417999,0.421669802211636,0.748061597924436,0.588071635120177,0.759841845397391,0.576381486567018,1.38492937381756
178,16,0.519301914365481,0.421066741943888,0.719025448621217,0.621128759676354,0.756799211286743,0.572589672782779,1.39060590717712
179,1,1.00734317887116,0.900420650632017,0.934902515982271,-1.35211929126151,0.786791017801656,0.587651298644252,1.03241021522786
179,2,0.855056352152514,0.579148329358599,1.42305093925193,-1.0297529733976,0.837043217135548,0.597711993359683,1.10921454899224
179,3,0.755129987538466,0.410135587197025,1.6170708909947,-0.774121811980505,0.851999933379368,0.585868102506466,1.19076570481449
179,4,0.675137840060264,0.313285637906538,1.63550436579594,-0.571474477156302,0.854693067111654,0.571169808826235,1.26556636041418
179,5,0.607679863603369,0.255849260086702,1.56107525545332,-0.413420568793955,0.85128984025376,0.557362302305384,1.33065141103947
179,6,0.551769514552081,0.222912142932701,1.44534103009501,-0.292411416987875,0.844074525474829,0.545145878578724,1.38554486199107
179,7,0.507165087406553,0.206533400844706,1.31800010469153,-0.201161422274339,0.834326925135559,0.534621093545249,1.43071172418343
179,8,0.473095793894891,0.201752181341265,1.19482814857117,-0.132940939103083,0.822967371580635,0.525743554689254,1.46705108231846
179,9,0.448271608040844,0.205091157647846,1.08324661262769,-0.0818776568202633,0.810709498249774,0.518405168557935,1.49565610040995
179,10,0.431149396360174,0.213962212376065,0.985910823241318,-0.0430967277813625,0.798106528987403,0.512456470754614,1.51767035748393
179,11,0.420164601695472,0.226399020679046,0.902912256383753,-0.0127201642296209,0.785575820655277,0.507722732281783,1.5341981642126
179,12,0.413876141836041,0.240910848203792,0.833082981499519,0.0122204896892382,0.77341937755514,0.504018874888944,1.5462521066679
179,13,0.411037956780732,0.256384654034876,0.774742067476759,0.0339128530313997,0.761843289705898,0.501161947480224,1.55472676849433
179,14,0.410621445108028,0.272009829730476,0.726104386157048,0.0539037318748938,0.750976018218443,0.498980336439132,1.56039011728339
179,15,0.411808993040949,0.287216473168965,0.685489673033443,0.0732330754431012,0.740885041833207,0.497319724228257,1.56388611318243
179,16,0.41397252637375,0.30162375820393,0.651416210067273,0.0925531013388945,0.731591511913389,0.496046266155637,1.56574389203664
180,1,1.07230666681637,0.594480129369812,2.57037240338826,-1.0000085421577,0.615473978446725,0.645468180029966,0.971840444425451
180,2,0.961656814039482,0.587938124851774,2.09524838608697,-0.650695740335558,0.655028134642215,0.64630007155282,1.02463395187413
180,3,0.843156654823579,0.539774769578436,1.72388014714435,-0.378305223110841,0.6815900158541,0.635790044110409,1.07970604967319
180,4,0.741244181300934,0.488094892086387,1.44047765214103,-0.171345014264829,0.699780829106302,0.621900759766187,1.12989397387999
180,5,0.659908886546334,0.444328702040741,1.22472828432144,-0.0163058249142778,0.711546530799511,0.607439516192618,1.17303713814283
180,6,0.597230352016766,0.410790117060536,1.0597262945013,0.0988533072729851,0.718211277780237,0.593600365002012,1.2088900677341
180,7,0.550005533646373,0.386798810274487,0.932816163935284,0.184001620948932,0.720874334237633,0.580935345828682,1.23796067113796
180,8,0.515131449912646,0.370827197238662,0.834764459206713,0.246958840508691,0.720477983695027,0.569677634168917,1.26103364589584
180,9,0.489948636495212,0.361248934843098,0.758802100645699,0.293812530463327,0.717819341211272,0.559880069774927,1.27896168770734
180,10,0.472269595762736,0.356588680285089,0.699884105144145,0.329240801961303,0.713558136061174,0.551489461297188,1.29257089420222
180,11,0.46032442478286,0.355591568419355,0.6541790158682,0.356792376319158,0.708227921824303,0.544392220427558,1.30261855985264
180,12,0.45269401993782,0.357227122067976,0.618729209934789,0.379118705202392,0.702250055874786,0.538444087453568,1.30977642445683
180,13,0.448249520073058,0.360669891765148,0.591224840780617,0.398163791229058,0.695948887233675,0.533489737076047,1.31462680959697
180,14,0.446101104862268,0.365272885532372,0.569850053543266,0.415318825613824,0.689566923981852,0.529375491847178,1.31766543009632
180,15,0.445555243546798,0.370540084902328,0.553174603430578,0.431547857790223,0.683279173446557,0.525957209061705,1.31930763972342
180,16,0.446078881541308,0.376100568046906,0.540074273009897,0.447489521839659,0.677206179860665,0.523104770136947,1.31989633058977
181,1,1.10098987649035,0.842929372561718,1.49870204493505,-0.967297818512481,0.596214119897016,0.664249683013733,0.856323007065938
181,2,1.02208436832503,0.704548345776015,1.6635597924094,-0.590851044712203,0.656747435134885,0.670075144620243,0.937410727802743
181,3,0.9172409172834,0.585644138601608,1.63749516115142,-0.282953421921481,0.691197333855206,0.656060432326763,1.02131545142054
181,4,0.814752759798163,0.492897059220688,1.52534312942324,-0.040773004172318,0.713102902022834,0.638204505009332,1.09789860916247
181,5,0.724920937213462,0.424448551909753,1.38224703822457,0.144244849922123,0.726603501991465,0.620452778695381,1.16438306643137
181,6,0.650712093443131,0.376369244496941,1.23666405006231,0.282223384452991,0.73375846567276,0.60400210683968,1.22041246328818
181,7,0.591898727500782,0.344599318504502,1.10237186279906,0.382981755026143,0.736052128525176,0.589296640754814,1.26657474645692
181,8,0.546884512151361,0.325508787947654,0.985069566722634,0.455235177580432,0.734698429959951,0.576487650659935,1.3038600909069
181,9,0.513581058776533,0.316024890909564,0.886104055682333,0.506323517085688,0.730706001154382,0.565567728746995,1.33340989173644
181,10,0.489843846349973,0.313621041193724,0.804592803477017,0.542202779093651,0.724900742508815,0.556431413086315,1.35638138752367
181,11,0.473684041655809,0.316262299058071,0.73862781934263,0.567562035620425,0.717944005093754,0.548914185396819,1.37387150246651
181,12,0.463360576948634,0.322339504125511,0.685946343025319,0.585992273885908,0.710352079719812,0.542820791720349,1.38687613594893
181,13,0.4574073418313,0.33060365678015,0.644290962029882,0.600167729377651,0.702516582898909,0.537945818929215,1.39627188052682
181,14,0.454625916678435,0.340104983721051,0.611589598038094,0.612019178760656,0.694724569938531,0.534088033701461,1.40281190233125
181,15,0.454061180404022,0.350138382238739,0.586032328443204,0.622889372448408,0.687177444254604,0.531059736626184,1.40713045734145
181,16,0.454969722609102,0.360195742803785,0.566090561314716,0.633666845470096,0.680008078563253,0.528692262579771,1.4097523258477
182,1,1.28068482023627,0.845042720078317,2.35351190806052,-0.899325830777016,0.397936344500629,0.787048144777101,0.79319892605761
182,2,1.12393649090996,0.726763110001062,2.11828828983524,-0.452778037343392,0.419332425950171,0.717627506638437,0.852399155847753
182,3,0.97946001255497,0.621083364691418,1.86146096295724,-0.0959865160130158,0.460075692666393,0.684617008378585,0.919601610555331
182,4,0.852644807686693,0.533103851249194,1.61368531619704,0.181542375821743,0.495687016852762,0.659247983843814,0.985875889511821
182,5,0.745671385774496,0.463310565020264,1.38939392197428,0.392414630858326,0.522435473000037,0.636271112806376,1.0468077825101
182,6,0.658203491989128,0.410180487730512,1.19415989047645,0.549026099583768,0.54093984742765,0.615131238151047,1.10045143701233
182,7,0.588556512240391,0.371446127417169,1.0287828041963,0.662607178817802,0.552611740561144,0.596023415648262,1.14623538683739
182,8,0.534466367918357,0.344683486027864,0.891577260049994,0.742873992886782,0.558874004419699,0.579118121679218,1.18435232167785
182,9,0.493526068343568,0.327582974346452,0.779673032457018,0.797970463813166,0.560989060237501,0.564450714177512,1.21540277546784
182,10,0.463420137803997,0.31806933876151,0.68975714107348,0.834553360419836,0.56002772066774,0.551941070570237,1.24018128720881
182,11,0.442042501318898,0.314346288838571,0.618492162206928,0.857944281376443,0.556874199834729,0.541430968634305,1.25954721974579
182,12,0.427547268083394,0.314901980696276,0.562742980549059,0.872307204465174,0.552242278529312,0.532716865604593,1.27434784986872
182,13,0.418360828116244,0.318493907192468,0.51968902485133,0.880828625643277,0.546695351121948,0.525574855824497,1.28537445476535
182,14,0.413172001592239,0.324123403385711,0.486868075868489,0.88588773100592,0.540667468404883,0.519778504709644,1.29333943344726
182,15,0.410910356204764,0.33100568142504,0.462179764417329,0.889210191385665,0.534483873396277,0.515110907126527,1.29886682553941
182,16,0.410718904525791,0.338538909782631,0.443866152242366,0.892002865735233,0.528380156994565,0.51137226970333,1.3024912513459
183,1,0.819877209183935,0.559192867374876,1.14759630602203,-0.951434572371556,0.445276946725755,0.675285195424262,0.778207933952588
183,2,0.986305540988118,0.728256717098941,1.47694709812273,-0.589930462113689,0.403783201366144,0.613615717299367,0.811617921938829
183,3,0.978189580990028,0.720819060441427,1.52005603780323,-0.236864272407922,0.42080590496233,0.609177230882771,0.853058713015643
183,4,0.914174562436529,0.664451375269972,1.44941794299428,0.0717622445977817,0.446577197006575,0.610992204986545,0.896117509404299
183,5,0.838229385405661,0.601961513414146,1.33766575443388,0.329187206013625,0.470368339173438,0.610411694450527,0.937323125014035
183,6,0.766089173056431,0.546562141034987,1.21657809504466,0.538655091715256,0.490059061024447,0.607000372958326,0.975034068644679
183,7,0.702849929399693,0.501328554965734,1.10028342737238,0.706456945124604,0.505523668410582,0.601628271073661,1.00857815652722
183,8,0.649572094241477,0.46599543938924,0.99481802242271,0.839374510751234,0.517139447722783,0.59515336401326,1.03779709665574
183,9,0.605787363689585,0.439310596041132,0.902312545161516,0.943747990808108,0.525416576763674,0.588223543844792,1.06281435624982
183,10,0.570477803623813,0.419838924956499,0.822955905407953,1.02516357199202,0.530886144685942,0.58128830370292,1.08390956639425
183,11,0.542473979538842,0.406227637757424,0.755978133858209,1.08838680280827,0.534055959153834,0.574640725641314,1.10144468810572
183,12,0.520623309926789,0.397284465588711,0.700168275835104,1.13739625256202,0.535389628732848,0.568456838877362,1.11581769979519
183,13,0.503862087598431,0.391991080729919,0.654156158064178,1.17545740452861,0.535296746466652,0.562827690353878,1.12743260945046
183,14,0.49124412241436,0.389494302822822,0.61656699628187,1.2052103227408,0.534129645833777,0.557784517733532,1.13668005742413
183,15,0.481948417245248,0.389090063833873,0.58610439035896,1.22875870426119,0.532184337658126,0.553318122595478,1.14392518614125
183,16,0.47527617576749,0.39020552568924,0.561591749563666,1.24775431045633,0.529704064580056,0.549393508033983,1.1495006333797
184,1,1.06928666344279,0.761043354255008,1.57199941593281,-0.0827129163906113,0.390895346535141,0.590109458911629,0.78451788588404
184,2,0.983827442615356,0.711752772677475,1.39817051714988,0.261313058989953,0.367532455691477,0.575037021775964,0.825124068733234
184,3,0.899188526366507,0.651691301944431,1.2428900954777,0.547710789033669,0.373001308371643,0.583004980103635,0.862462334735269
184,4,0.824372453108094,0.59698447433777,1.11097021824672,0.783021551242182,0.383858852762932,0.590947519280411,0.894901669691617
184,5,0.76096925999212,0.55138473277537,1.00030274155829,0.975314380995163,0.394668494400229,0.59543634210167,0.922732479286027
184,6,0.708135326376787,0.51476486317977,0.90762180640109,1.13203560641846,0.404076294512184,0.596816873725931,0.946568785523795
184,7,0.664458341712528,0.485968359691896,0.830002238351957,1.25956637336966,0.411756664914829,0.595950148105447,0.966970895737372
184,8,0.628548661441541,0.463709090469387,0.765077657888715,1.36325594232231,0.417703387142936,0.593594885608259,0.984394250449136
184,9,0.599183859201077,0.446822438695659,0.710944520918715,1.44755978593779,0.422037933222715,0.59032859312794,0.999210484465631
184,10,0.575317221000731,0.434312412962162,0.666033760488153,1.51617951274245,0.424940081695765,0.586569627160705,1.01173441349024
184,11,0.556054377662189,0.425341298670894,0.629014579259609,1.57218229103206,0.42661338893097,0.582611504548568,1.02224323740163
184,12,0.540628535659469,0.419207609227341,0.598733327932079,1.61809950914772,0.42726461329232,0.578653098464304,1.03098774993565
184,13,0.528380826314374,0.415325059253795,0.574177293573321,1.6560088782099,0.427090942654126,0.574822832515328,1.03819797104403
184,14,0.518745547191342,0.413205050378699,0.554453537455868,1.68760393050717,0.42627241329924,0.571197589697681,1.04408547771799
184,15,0.511238779573387,0.412442372746406,0.538775878542736,1.71425374641739,0.424967958842148,0.56781732719759,1.04884405300946
184,16,0.505449068636235,0.412703330889435,0.526455800250148,1.73705477172459,0.423313984698674,0.564696262049203,1.05264967386835
185,1,1.02113312101399,0.691352220585662,1.33372222940484,0.094056149412258,0.300816865464146,0.526990344596402,0.808098476587582
185,2,0.940721458597937,0.623901249892989,1.2673301167322,0.426330104267317,0.283386109835058,0.52149119174442,0.852813724186333
185,3,0.860806387466899,0.560025960856313,1.16874199370937,0.704267459129288,0.289636450169707,0.533840706484203,0.894059988227474
185,4,0.788653663714996,0.506939136524098,1.06299189009757,0.933251424636589,0.300462286383151,0.544798023012845,0.930725850766932
185,5,0.726349028327341,0.465162555325807,0.961314819251898,1.1203232609043,0.311415773751893,0.551802902469434,0.962903754150619
185,6,0.67375177663103,0.433261093139532,0.868545169082944,1.27230924009623,0.321325162847333,0.555395420546474,0.990989813255898
185,7,0.629933347671811,0.40946362940353,0.786444159974344,1.39527667572408,0.32985554988871,0.556490021517288,1.01542074372029
185,8,0.593767816787812,0.392153277631865,0.715259621310217,1.4944363908836,0.3369486186265,0.555873302173629,1.03660725515162
185,9,0.564153097963236,0.379974497748016,0.654493021827436,1.57419111042755,0.342667667148782,0.554147090264423,1.05492300380631
185,10,0.540085148287326,0.37182267724742,0.603293543752169,1.63822550164579,0.347137795330923,0.551753264396289,1.07070698740452
185,11,0.520676320881459,0.366805497705936,0.560667487701394,1.68960179306509,0.350514062353192,0.549007685321881,1.08426772757491
185,12,0.505153426231456,0.364203642232371,0.525591824398486,1.73084909640471,0.352961604976724,0.546129902231753,1.09588655106238
185,13,0.492849026664051,0.363437721502046,0.497075936469021,1.76404318463956,0.354642821894773,0.543267106984278,1.10581974972618
185,14,0.483190982854968,0.364041892602478,0.474194380327368,1.79087648343676,0.355709394544676,0.54051298158137,1.11429996220457
185,15,0.475692033030991,0.365643014223414,0.456102958783147,1.81271898906482,0.356297743921899,0.537922346325333,1.12153715085463
185,16,0.46993997627831,0.367944037262179,0.442044948445669,1.83067104775656,0.356526912583037,0.535522426726029,1.12771945175578
186,1,1.28040004601934,0.714116127337056,2.49785734383397,0.468921483485805,0.288204291952067,0.625045083519156,0.795957184204482
186,2,1.08708916958092,0.692159470590281,1.72452278355064,0.861683987758591,0.250687442116238,0.589787890212824,0.851430159250428
186,3,0.932178327874097,0.636099181240388,1.22754036985238,1.15740785359735,0.253928720220518,0.591815701616094,0.901833811153187
186,4,0.81451082045448,0.579127245654321,0.909415204245824,1.37889367055636,0.264311716019741,0.596029778022082,0.944087295868719
186,5,0.726730505798532,0.530694704291328,0.704692602411118,1.54520425233483,0.274695492475509,0.597308231994194,0.978427705039429
186,6,0.661300644054049,0.492191960897827,0.571626562368357,1.6706810027602,0.283585631327882,0.595922867750913,1.00604193454671
186,7,0.612225029181176,0.46256636924048,0.484211857326378,1.76579277885212,0.290760281001907,0.592790001430376,1.02820873092881
186,8,0.575127919442814,0.44024379343946,0.426367607652426,1.83816566528335,0.296318143824942,0.588662980146286,1.04603650629843
186,9,0.546902622867786,0.423733276760577,0.388110649351306,1.89340650033212,0.300450303868562,0.584066569533346,1.06041775518954
186,10,0.525342783230902,0.411778736265848,0.36316130163796,1.93569045345623,0.303372946374208,0.579346712606778,1.07205311806756
186,11,0.50885872941933,0.403364787949979,0.347484524070021,1.96816473756833,0.305300925252768,0.574722410271615,1.08149078313703
186,12,0.496281193918144,0.397682880313485,0.33841352750134,1.99322449081938,0.306434933791068,0.570324711215521,1.08916289981826
186,13,0.486731195615838,0.39409246845121,0.334126829175812,2.01270353819451,0.306955006223911,0.566224419801579,1.09541430499021
186,14,0.479534925106253,0.392087115358307,0.333336599715992,2.02800917032445,0.30701770621989,0.562451673786074,1.10052369096045
186,15,0.474167799899623,0.391267173495625,0.335102182295713,2.04021990474809,0.306755646365512,0.559009819285587,1.1047187405682
186,16,0.470217021626107,0.391318284412862,0.338717359890396,2.05015833352246,0.306278479271278,0.555885252147894,1.10818687579302
187,1,0.97760752145682,0.721214510800991,1.03859618036334,0.355145538740545,0.440995218733848,0.562233204095718,0.858940005267018
187,2,0.914817060622317,0.678828961515709,0.970442046897941,0.652826294893186,0.410156486993563,0.547730887304483,0.910101658314985
187,3,0.835802975973606,0.614494135460111,0.873694859675038,0.898225307569884,0.406819664123407,0.556738581728799,0.954898782364846
187,4,0.76233643816304,0.555093690938451,0.7791914124614,1.09506834844524,0.409164447363058,0.565584260996666,0.992825961463667
187,5,0.700265915431008,0.50706929760486,0.696414189667654,1.25118110648534,0.412397327997754,0.571092154569507,1.02437771816168
187,6,0.649819387048378,0.470370143592558,0.627220446081874,1.37442299789553,0.415336751631702,0.573691154588063,1.05039276802515
187,7,0.609549570315773,0.443219642274913,0.57085428133141,1.47158753753507,0.417654533212592,0.574216053107525,1.07173968212863
187,8,0.577715678935376,0.423652304933328,0.525773180660656,1.5482476543191,0.419274988637817,0.573365346460529,1.08920368280512
187,9,0.552717897181279,0.409949841475167,0.49030935429052,1.60887758815594,0.420221835909696,0.571654107317356,1.10345888998453
187,10,0.533201601376876,0.400718462892607,0.462900843974794,1.65703342020684,0.420565318005256,0.569446879825897,1.11507199904033
187,11,0.51805454222518,0.394859980523045,0.442162036149417,1.69552517317647,0.420396727172427,0.566994949637274,1.12451554681253
187,12,0.506374648723115,0.391519725449484,0.42689416943502,1.72656348982273,0.419813599260295,0.5644665489686,1.13218257158956
187,13,0.497434116200766,0.390036577243367,0.416074126950269,1.7518798346053,0.418910718168533,0.561969885948018,1.13839989478663
187,14,0.490647342005746,0.389901280036489,0.408836331282673,1.77282361114457,0.417774864651041,0.559570430197037,1.14343933502457
187,15,0.485544201893047,0.390723277411722,0.404453481048524,1.79044028539918,0.416482095395279,0.55730378747625,1.14752692260581
187,16,0.481748288375857,0.39220473846313,0.402318271844592,1.80553418851622,0.415096722634203,0.555185212792903,1.15085041575553
188,1,0.940002623386591,0.652149418902632,1.37053440099194,1.36012669123794,0.193701689471848,0.577659326934592,1.00214762212952
188,2,0.865780607112541,0.669265626362764,1.00396264869407,1.5926254911106,0.165501162792916,0.555919212182466,0.986661693986372
188,3,0.82014859905235,0.670348261640784,0.804894303224507,1.79293160421331,0.18297262202868,0.572271105816027,0.970677628397714
188,4,0.784662915640537,0.659901756066887,0.692483889157544,1.96729401351584,0.210940666962177,0.590006982945017,0.960549590192398
188,5,0.752639295377237,0.642039757149256,0.624062846272205,2.11867297045848,0.240418755085513,0.60273066261561,0.956725583613791
188,6,0.721855332780972,0.619960214237027,0.577644894732475,2.24863905808972,0.268639374299883,0.61036131821818,0.958254892694301
188,7,0.691941768422781,0.596054370934426,0.54237496518192,2.35839060880164,0.294541001829256,0.613934545105072,0.963899520826104
188,8,0.663251186250901,0.572055574345039,0.513241554268927,2.44920814871269,0.317684998065355,0.61451400933334,0.972458697157324
188,9,0.636324862743424,0.549165119123769,0.488170107642101,2.52259574174838,0.337946217769445,0.612991865469873,0.982882316342268
188,10,0.611648333651445,0.528159411952188,0.46645651895637,2.58026752321294,0.355388848815405,0.610075674163455,0.994309418690067
188,11,0.589556170129162,0.509483261722697,0.447950695340624,2.62407055442282,0.370195472379622,0.606310889763042,1.00607149693754
188,12,0.570213186609685,0.493330671704965,0.43265430651475,2.655892724406,0.382618261752399,0.602107473928542,1.01767736173214
188,13,0.553632083353855,0.479713334095478,0.420542209190555,2.67757939328008,0.392943684094391,0.597764537083819,1.0287889793522
188,14,0.539705556698467,0.468517122816644,0.411500363434492,2.69086837294553,0.401467200508893,0.593492048226607,1.03919413193139
188,15,0.528241212556076,0.45954731709711,0.405320724640189,2.6973452967202,0.408475775822359,0.589429609317133,1.0487794752833
188,16,0.518993523135071,0.452563673000686,0.401720753317419,2.69841770031343,0.41423648656532,0.585662451194722,1.05750601385125
189,1,0.747320881728748,0.564600444474305,0.407580956815438,1.50904496983968,0.225951529881506,0.529205490392818,1.12106092820683
189,2,0.716885493565948,0.545451991098956,0.43621897548384,1.66552207767962,0.150651483074231,0.475301854369099,1.09217473395952
189,3,0.717540567903003,0.548820584566747,0.48166627405001,1.81837233919043,0.146651062891105,0.498547812851038,1.06538209626637
189,4,0.717825488912281,0.551470893264975,0.519247010549569,1.96613486184897,0.160351882019054,0.528555059358568,1.04644963757714
189,5,0.711334060757229,0.548424446516136,0.543144000613005,2.10546530182034,0.179631010347005,0.553111388105391,1.0354879188262
189,6,0.69825184746996,0.539973795487753,0.553877323595361,2.23334991854113,0.200831622780223,0.571133506620386,1.03128895370054
189,7,0.680350760200565,0.527705980398362,0.55395480240439,2.34774280162191,0.22230985377869,0.583533449814615,1.03242021494857
189,8,0.659539597165543,0.513272848332905,0.546262121531046,2.44760466854723,0.243112198188375,0.591446307075093,1.03753601982545
189,9,0.637447988183083,0.498040849953615,0.533456643606904,2.53274261951863,0.262652906562952,0.595895282999328,1.04547183052473
189,10,0.6153363204426,0.483029176213506,0.517759105117384,2.60360448457579,0.280594977216759,0.597740618517892,1.05526591328394
189,11,0.59411315411822,0.468940312996371,0.500912612219784,2.66108423786457,0.296780488721875,0.597685663796568,1.06615211520109
189,12,0.574386392737829,0.45621587868848,0.484213304590064,2.70635710917938,0.311179472757006,0.596294478022795,1.07754026064349
189,13,0.55652144208986,0.445094369129294,0.468569772335639,2.74074818873084,0.323850213737267,0.594011174001268,1.08899175655038
189,14,0.540696233518713,0.435662889381235,0.454570794643323,2.76563252075897,0.334908435455369,0.59117856626754,1.10019434257589
189,15,0.526949412467686,0.427900627268513,0.442551434613395,2.78236256166589,0.344503786227921,0.588055339593318,1.11093810060394
189,16,0.515220677725544,0.421713980418683,0.432652781338057,2.79221833033151,0.35280231789386,0.584831433029982,1.12109381067191
190,1,0.714232937716895,0.470311285791019,0.948394959665313,2.16676710626821,0.251003199937812,0.443862433769384,1.26174018072636
190,2,0.630325808245206,0.494070685602092,0.471474445366881,2.24338240829799,0.194274064812167,0.45859134460211,1.19778126928854
190,3,0.628655055092731,0.541639800637403,0.296431289905935,2.31438916716364,0.181240548241684,0.499633711430446,1.13574901336711
190,4,0.644767971206562,0.577158549852621,0.253471916475534,2.39126088519646,0.184694315511867,0.537334715083487,1.08363465319627
190,5,0.660372588112259,0.597789854054181,0.266036559802507,2.47452403740057,0.196366502232213,0.567154754190742,1.04280298663817
190,6,0.669892751157583,0.606080918961442,0.297356178488099,2.56115578527689,0.212574290340751,0.589472344357292,1.0126910392814
190,7,0.672266106260295,0.60508834213411,0.330314129654371,2.64734185306977,0.231090631604107,0.605478502854062,0.99203604203128
190,8,0.668249654052464,0.597529600727523,0.357894736633806,2.72962877357605,0.250394496179878,0.616369408347799,0.979323456030755
190,9,0.659272780137826,0.585655816438049,0.378169435142357,2.80536318201154,0.269434480674168,0.623203443385027,0.973011466433533
190,10,0.646887810728201,0.571263015396348,0.391596283132601,2.87278248131061,0.287511094383165,0.62688685247079,0.971657581345846
190,11,0.632509416803035,0.555736270484663,0.39958163733679,2.93093889138529,0.30419394934569,0.628182517585043,0.973986282351419
190,12,0.617307027444999,0.540104087658868,0.403742705344423,2.97955444009964,0.319255606691507,0.627722590549971,0.97891763645033
190,13,0.602178978008198,0.525095299811202,0.405557568008794,3.01885904892456,0.332617509043432,0.626021938867299,0.985570519729745
190,14,0.5877684053179,0.511194243847042,0.406225388718517,3.04943821948756,0.344306186960355,0.623491901168427,0.99325037368808
190,15,0.574498154776876,0.498691599368602,0.406636509677606,3.0721022685941,0.354418433670703,0.620454031787422,1.00142854204071
190,16,0.562611951730294,0.487729401999973,0.407396117186723,3.08778094487716,0.363094227735805,0.617153459669644,1.00971799060204
191,1,0.472398697136641,0.208897077582368,0.813438714179147,2.10326545191265,0.41222604378994,0.369748610604464,1.42379029033294
191,2,0.481802700680676,0.376591183399724,0.270373834474553,2.09614036623964,0.336545639593592,0.401606518556106,1.35728782092376
191,3,0.508243984222886,0.47291660843299,0.0449943716302383,2.10120750798361,0.305134917866207,0.45025876548567,1.28866889810479
191,4,0.542145017125258,0.532361302740561,-0.0113332721684589,2.12343125566964,0.293089965481768,0.493562965147576,1.22742146123694
191,5,0.574241624569119,0.568159074858794,0.0131900242871907,2.16245122404042,0.292289099425113,0.528478291673064,1.17628217016922
191,6,0.599416221248573,0.587049767381217,0.0697895153657175,2.21463964201809,0.298737115374183,0.555598756225798,1.13567800302477
191,7,0.615942291006575,0.593532116164952,0.133267223745874,2.27517122673791,0.309811088013125,0.576073492860085,1.10498828768622
191,8,0.624125888282502,0.591072836443353,0.191825470668251,2.33931533106855,0.323600510297076,0.591028975220519,1.08307501566694
191,9,0.625264169214484,0.582458138620202,0.240954034261338,2.40307590496547,0.33869612730644,0.601475879922275,1.06858504246016
191,10,0.620995569903334,0.5699176522298,0.279890276171701,2.46341718238082,0.354080596408714,0.608301461612034,1.06013826694078
191,11,0.612939307721214,0.555196121435177,0.309626675598915,2.5182590107601,0.369048067430162,0.612274304394216,1.0564405970674
191,12,0.602519105578599,0.539617141377913,0.331824754319253,2.56635986034202,0.383137414439004,0.614050643369418,1.0563445786948
191,13,0.590895638689803,0.524146713839759,0.348250492867359,2.60715705259665,0.396075759204958,0.614181682098436,1.05887464515384
191,14,0.578959233093145,0.509455364107404,0.360504497102063,2.64060251496885,0.407731196369086,0.61312215502356,1.06322969707691
191,15,0.567353286648369,0.495976256557933,0.369914797667632,2.66701339992863,0.418073923960665,0.611239986252062,1.06877217890893
191,16,0.556511043837662,0.48395738464844,0.377515987066315,2.68694581616891,0.427144927725577,0.608826618080686,1.07500998863016
192,1,0.561576782554805,0.499061757636842,-0.444569339123485,1.59260297689615,0.247507253903457,0.402335862972516,1.42781569094103
192,2,0.569694164931626,0.455852967295851,-0.1893383724055,1.65499055205562,0.231719604578133,0.423820278828755,1.34004130175833
192,3,0.619836870674887,0.479011071993352,0.0293081371986439,1.742097312151,0.240214648265731,0.462437366591755,1.26964844277891
192,4,0.661824897004012,0.507570909222085,0.190112610439017,1.84937304623569,0.257666293287215,0.497027481504474,1.2193476979388
192,5,0.685825548199903,0.526058786498817,0.29963073873432,1.9668771850075,0.279382819553936,0.524372078241718,1.18621711401826
192,6,0.693474513022663,0.533083139450345,0.369684730965915,2.08566608217496,0.303056344176437,0.544827429295777,1.16656713289905
192,7,0.688925401023326,0.531042606505668,0.411131545485903,2.19920109352989,0.32720307590298,0.559435560572625,1.15709910664021
192,8,0.676206396695459,0.52285860021926,0.432600151591593,2.30325083508633,0.350810624677434,0.569294380852244,1.1551105451325
192,9,0.658572369403647,0.511038023072815,0.440608685455313,2.39542577121024,0.373208079524901,0.575405230817479,1.15846010725023
192,10,0.638463971067332,0.497491889806122,0.439969471927478,2.47469617193307,0.393984428674078,0.578635257585049,1.16548195691008
192,11,0.617628380335031,0.483582890806661,0.434180622339963,2.54098619106818,0.41292470062085,0.579713394960534,1.17489939271929
192,12,0.597263569508012,0.470228129382214,0.425742125284571,2.59485610637852,0.429957980133003,0.57923846708144,1.18574940468306
192,13,0.578147287595608,0.458002231739008,0.416399212920383,2.63726230410094,0.445115429726891,0.577692202542254,1.1973194382238
192,14,0.560743067895083,0.447225693844854,0.407328419803086,2.66938044427742,0.458496991425623,0.575454049710771,1.20909510116243
192,15,0.545284560765806,0.438036180633059,0.399280603748307,2.69247833692321,0.470245517701614,0.572816190795889,1.22071716739707
192,16,0.531841537256983,0.430444345298748,0.392691639946625,2.70782728245094,0.480527141630233,0.569997859557416,1.23194638561024
193,1,0.683558840351961,0.452029539846244,0.314658305937306,1.93008916177442,0.333004241358844,0.44040559862837,1.38247959316273
193,2,0.642874442294596,0.454611103839378,0.179436579074625,2.01787606468915,0.304060249627018,0.459984567130629,1.32460214708225
193,3,0.646440651521363,0.481202401778378,0.159344526820294,2.10312459269495,0.301560210411683,0.495980779908285,1.27925637214044
193,4,0.65725502969928,0.504589796325818,0.183530193944158,2.19065771072237,0.308922730756032,0.527830701231223,1.24575055737267
193,5,0.664101128163336,0.518686004250854,0.220684659432853,2.27896133332998,0.321347869820629,0.552857897508704,1.22244441054068
193,6,0.664502042885046,0.523863139210996,0.257265428879843,2.36497344468925,0.336592029054217,0.5716140850747,1.20757953972257
193,7,0.658950607483401,0.522149178594704,0.288053421580642,2.44580581539143,0.353221981016866,0.585135433299469,1.199507904582
193,8,0.648832217082641,0.515694449414188,0.311763844125833,2.51928394727332,0.370234631960088,0.594427223295261,1.19676216911934
193,9,0.63564964891277,0.506328249674105,0.328897679869762,2.58403045115593,0.386931707927042,0.600372035926215,1.1980757803002
193,10,0.620738495682859,0.495475328185284,0.340660958131886,2.63937774761432,0.402848228152286,0.603720799092662,1.20238242932444
193,11,0.605178534685234,0.48418598506622,0.34842307519979,2.68522675532544,0.417698213294697,0.605100994905479,1.20880486754716
193,12,0.589786347423524,0.473196667337903,0.353457672244487,2.72190033419693,0.431330523742302,0.605028784606838,1.21663770450165
193,13,0.575141239389893,0.462993254022903,0.356833891784034,2.75001146182402,0.443692859544852,0.603922031527335,1.22532708222155
193,14,0.561623054688924,0.453868130601075,0.359386908768535,2.77035322092375,0.454802805932217,0.602113271883681,1.23444928061236
193,15,0.549451910115486,0.44596869066338,0.36172852277178,2.78381168303287,0.464724953571904,0.599862160671508,1.24368970912913
193,16,0.538725204269222,0.439337197567054,0.36427601708445,2.79130001134469,0.473553179665425,0.597367087864132,1.25282325191346
194,1,0.710789624554705,0.458224593399163,0.616482872681071,1.60745158062801,0.36471841799588,0.470297949602423,1.37204398027774
194,2,0.674115407674211,0.519847247558358,0.279606136683772,1.71674612104179,0.343486411090055,0.488092403056273,1.31902005667284
194,3,0.658832001417746,0.551622866108185,0.13386065636669,1.8135370047636,0.344946227473506,0.517856265033332,1.27792804471695
194,4,0.651349302079679,0.565059762994596,0.0876625035075489,1.90297057904253,0.354179370617551,0.543020022339531,1.24770829119073
194,5,0.645356436242626,0.566753032045594,0.089955098568723,1.98668065324695,0.36702040866409,0.56202068699568,1.22641514884387
194,6,0.638115327839705,0.560852107262141,0.113135805552894,2.06455584133752,0.381632087706601,0.575692577771824,1.21231888569614
194,7,0.6287988522626,0.550190258778943,0.142951637304503,2.13585869360042,0.396894166819968,0.585080174222602,1.20396744348762
194,8,0.617547891417994,0.53679396314099,0.172577110406851,2.19982720470486,0.412049556554049,0.591100564879541,1.20013201106729
194,9,0.60492131885882,0.522132602922983,0.199192515303841,2.25594644776372,0.426589967429802,0.594517576555303,1.19976931531773
194,10,0.591589649634245,0.507260507789805,0.222038723861466,2.30403162982791,0.440193523285623,0.595959971448785,1.20200124031261
194,11,0.578178126640588,0.492911820548178,0.241333520110891,2.34421341560604,0.452678982124204,0.595941274398484,1.20610083327266
194,12,0.565197799613215,0.479571829248338,0.257684961606329,2.37687960757704,0.46396922232194,0.594876577069328,1.2114787623644
194,13,0.553025855139856,0.467534085675647,0.271787925249172,2.40260350135906,0.474061860558758,0.593096909147309,1.21766846034471
194,14,0.54191164433779,0.456947191043701,0.284279352683449,2.42207472656018,0.483005870534199,0.590861910512771,1.2243101599696
194,15,0.531994563902393,0.44785312856267,0.295680257805918,2.43603987283117,0.490883300251906,0.588371181313207,1.23113465623325
194,16,0.523325951402448,0.440218325058049,0.306383287342477,2.44525540251367,0.497795278530768,0.58577445701267,1.23794764042353
195,1,1.00503778391536,0.719976558709493,0.867531832147267,1.11124355983612,0.439754321871223,0.595178817886352,1.28995750709656
195,2,0.927670211603372,0.721321005115332,0.594829594676126,1.35831586488452,0.420059198956353,0.573119148243412,1.26324764030832
195,3,0.861750017604819,0.695394994437317,0.43545304462397,1.56327623420238,0.434108682718131,0.588496731970402,1.25296812336519
195,4,0.805434223540898,0.661038618935123,0.343993837751195,1.73189324749843,0.454466259619364,0.603776992575205,1.25248922611758
195,5,0.757201005488296,0.625716181520931,0.292027304801277,1.8698518140466,0.475390918681278,0.614117685005386,1.25772735840404
195,6,0.715590371417894,0.592405729997538,0.262704691639713,1.98188725083247,0.495334119924346,0.620007042526813,1.26625598986201
195,7,0.679484893642323,0.562273024945088,0.246419442291957,2.07188395087311,0.513723716510849,0.622542921604153,1.27659499666096
195,8,0.648105766323142,0.53570579713013,0.237856783216743,2.14309949251625,0.530324174890556,0.622685471754837,1.28780673533424
195,9,0.620905185189099,0.512729793356411,0.234144990804705,2.19833692040739,0.545073287173279,0.621185006666941,1.2992793309518
195,10,0.597465533966396,0.493189159215841,0.233752535987828,2.24005170668433,0.558015947932202,0.618611756223733,1.31060885113548
195,11,0.57743264368733,0.476833274332076,0.235853203884401,2.27041267598039,0.569264436059621,0.615392633100421,1.32153211753136
195,12,0.560479491593259,0.463363793908918,0.239972575085382,2.29133626661323,0.578970599513673,0.611841963727053,1.33188558727709
195,13,0.546290358140021,0.452462972448018,0.245798816226616,2.3045074944128,0.587305798786748,0.608186023419383,1.34157806214901
195,14,0.534556789931539,0.443811985065768,0.253086982794755,2.31139552573259,0.594446645996854,0.604582648937207,1.35057117391163
195,15,0.524979434530439,0.437103138689678,0.261614988049744,2.31326798949017,0.600565200129278,0.60113699609018,1.35886465113173
195,16,0.517272121624515,0.432047914992351,0.271166958023058,2.31120583489043,0.605822576470866,0.597914216382116,1.36648485538141
196,1,0.959897928719671,0.722161259599711,1.1307336686183,1.5286245242699,0.340762997991615,0.617040373887707,1.24983482222893
196,2,0.811650210530033,0.660575351800106,0.648615389082619,1.70628918687424,0.363189752352653,0.622623828809224,1.2037426350047
196,3,0.750070079774688,0.646840159460698,0.41955809792895,1.84362977086575,0.392319330864682,0.633063984663088,1.17490224279552
196,4,0.711924303577555,0.633490417399036,0.304749164513497,1.95614093122452,0.421265716214679,0.639915016722405,1.15907860006781
196,5,0.681755414805897,0.61544296338569,0.246519567199826,2.04945130816902,0.448100218574006,0.642806958624363,1.15236334865856
196,6,0.655203044584755,0.594314576885934,0.217320534854795,2.12627644091799,0.47218726018935,0.642643647374736,1.15186892087938
196,7,0.630993377241371,0.572111754844343,0.203333945704646,2.1883958576978,0.493345810842444,0.640339318826537,1.15551439919993
196,8,0.60885662795907,0.550313487346053,0.197622310159598,2.23731854988086,0.511616358861829,0.636629937959966,1.16179064635294
196,9,0.588843971243499,0.529878113458142,0.196768462811595,2.27450987281975,0.527167659450206,0.632078178709614,1.1696005713291
196,10,0.571062203009603,0.511367923577365,0.199122233762923,2.30144471100224,0.540243414196157,0.627104425649515,1.17815432917059
196,11,0.55556970814003,0.495060614378289,0.203879087732405,2.3195907460773,0.551125933013746,0.62201541709804,1.18689654679652
196,12,0.542345178126932,0.481034876728654,0.210606962219172,2.33036910971956,0.560110298848358,0.617027677148942,1.1954520884213
196,13,0.531289928408212,0.469234661156937,0.219015040122099,2.33511441547674,0.567486285480216,0.612286657047354,1.20358348763374
196,14,0.522244198263752,0.459517254105445,0.228850683514626,2.33504344275591,0.573526277574033,0.607882557887307,1.21115665501449
196,15,0.515007360232668,0.451688981448657,0.239861715333793,2.33123521429045,0.578477832892973,0.603863469570964,1.21811309925958
196,16,0.509357087431761,0.445531312316303,0.251789806186507,2.32462200119534,0.582559768227822,0.600246233450333,1.2244476000304
197,1,0.725640935381831,0.458581207525683,0.878966473006529,1.95583072830182,0.355274083307155,0.514534706971192,1.30865833087968
197,2,0.617830204202688,0.478465433742838,0.307746513900319,2.03270248340379,0.370048668164662,0.541147648754972,1.28849264548087
197,3,0.564914375755665,0.491086053813332,0.0324106641050982,2.07763480506852,0.380961737431468,0.553129385062565,1.27043811926616
197,4,0.539453069007258,0.49628443743904,-0.0836266639735239,2.10787183278582,0.391809052395191,0.55991545013025,1.25538279500575
197,5,0.527049003949066,0.495636241208714,-0.116024351795968,2.13152603363945,0.402816669370806,0.563907909437234,1.24346113595312
197,6,0.520336138254437,0.490849980304323,-0.106435256068371,2.15210844374914,0.413711841924238,0.566037853804148,1.23455861193429
197,7,0.515706601582519,0.48337644963538,-0.077459926118723,2.17088435012746,0.424230014950124,0.566828973630402,1.22841835339927
197,8,0.511538939678627,0.474356305505231,-0.0410543855422277,2.18810680416293,0.434183494805923,0.566640446714153,1.22469560885709
197,9,0.507231880739988,0.464651195637513,-0.00328105648216825,2.20364819984805,0.443457227476827,0.565741508229895,1.22300626673985
197,10,0.502677961214796,0.454889766303,0.0330080107910043,2.21730604105672,0.451994314921918,0.56434224671422,1.22296664222646
197,11,0.497981289586761,0.445511902233799,0.0666636384162059,2.22893460085068,0.459781869792545,0.56260913431712,1.22422091421737
197,12,0.493311557467434,0.436807854363557,0.0974012897762394,2.2384867370083,0.466838879435482,0.56067404389687,1.22645666817865
197,13,0.488833569979795,0.428951896736664,0.125342849291738,2.24601241153415,0.473206204888745,0.558640247396625,1.22941112270061
197,14,0.484677793591789,0.422030729181659,0.150772862904283,2.25163910932101,0.478938556299651,0.556586967119203,1.23287100782903
197,15,0.480932338706741,0.416066975746811,0.174014551891947,2.25554726956304,0.484098222692755,0.554573187737173,1.2366686386112
197,16,0.477645377869598,0.411038212155114,0.195371611694513,2.2579470817244,0.488750317561202,0.552641024240184,1.24067607223493
198,1,0.558459720494322,0.466043622533015,0.107484248813208,2.43436438378527,0.401878157234317,0.541919233211877,1.30277079906538
198,2,0.47006280907075,0.426695190198633,-0.145112760125458,2.42634591001371,0.37904247778149,0.517836015247881,1.27998805058913
198,3,0.453362420991724,0.429882757038418,-0.216940744590358,2.40947690656087,0.376590224921529,0.523339894400031,1.25713225373256
198,4,0.459109253795684,0.440498295332247,-0.207845652493391,2.39655326929338,0.379710779025626,0.531978719407842,1.23672297180274
198,5,0.470095262108344,0.448784657252738,-0.164631179961166,2.39062754568521,0.385298659912455,0.539450841595353,1.21983284695006
198,6,0.48024610783315,0.452831046938144,-0.109822287691882,2.39118657037927,0.392305631897577,0.545239574965191,1.2067294096578
198,7,0.487668506803527,0.453031478486576,-0.054132136707876,2.39659025274868,0.400134081355556,0.549473295902599,1.19724153884052
198,8,0.492107511074841,0.450328191515156,-0.00232304346095358,2.40504669511094,0.408358860252844,0.55237987562737,1.19097931591425
198,9,0.493934451502529,0.445667146549134,0.0438624409562411,2.41498652569545,0.41666713811147,0.554188657417462,1.18746551673788
198,10,0.493717512913778,0.439845184017761,0.0841777008173554,2.42517951643563,0.424834261274048,0.555111079832678,1.18621233450974
198,11,0.492034913835371,0.43348410367733,0.119066668095734,2.43473911161008,0.432706505192475,0.555335875691897,1.18676371649454
198,12,0.489397139991362,0.427044900279688,0.149240171530137,2.44308072118932,0.44018636839903,0.555027673761347,1.18871615174093
198,13,0.486220662550974,0.420853085696793,0.175459425095476,2.44986481458604,0.447219862980463,0.554327013092167,1.191726221827
198,14,0.482826175960365,0.415125115084825,0.198432483130182,2.4549394832207,0.453785724789422,0.553351300070281,1.19551034606564
198,15,0.479447941917113,0.409992480347076,0.218771696840387,2.45828901370746,0.45988645117142,0.552196449892893,1.19984024246388
198,16,0.47624736320327,0.405522407644123,0.236983208260404,2.45999087218774,0.465541018737875,0.550938980260631,1.2045363407818
199,1,0.500337060038239,0.423357588642741,0.0218707164124114,2.73448491080229,0.459424565017518,0.510280089965281,1.3115501247552
199,2,0.447059829164088,0.438884594569626,-0.257992820360791,2.70426872461625,0.414777409984243,0.489204601132399,1.29584002538019
199,3,0.439833226813194,0.45562683830287,-0.344057878601159,2.67056819810401,0.398192035553286,0.501567145326504,1.27577784121334
199,4,0.45037091535184,0.468622792344438,-0.333177564308619,2.64323972632179,0.390697340845114,0.516648233564639,1.25473956219889
199,5,0.466282922620098,0.476841087089114,-0.277688537725483,2.62545647935209,0.388079664926025,0.529714347231007,1.23505612435339
199,6,0.481895610371136,0.480565945983955,-0.205480955936538,2.61708263821647,0.38878215741578,0.540317654886768,1.21803577753428
199,7,0.494812516087192,0.480534764103392,-0.130902791730118,2.61654783023804,0.391847348099622,0.548679003609972,1.20423405644629
199,8,0.504302299937272,0.477601617248344,-0.060834134514334,2.62183790664274,0.396553477658701,0.555099777386189,1.19372175785988
199,9,0.510456884810316,0.472589992512305,0.00189778458456458,2.63098930180924,0.402335964124997,0.559871524382145,1.18628811372372
199,10,0.513736402851723,0.466227207370398,0.0565974930768992,2.64230964675445,0.408757147513574,0.563263096229058,1.18157942703838
199,11,0.514724701079814,0.459119507724647,0.103627239524401,2.65445098488287,0.415485024702431,0.56551834326502,1.17918780080746
199,12,0.514002899215232,0.451748940779568,0.143814866373429,2.66640714457625,0.422274800323636,0.5668550778637,1.17870466657529
199,13,0.512089380891339,0.444481837931842,0.178135624592263,2.67747551116336,0.428952473054984,0.567464619236585,1.17975068791221
199,14,0.509416663924657,0.437582947814309,0.20754892847052,2.68720542292096,0.435400435657009,0.567512083764287,1.18199039102896
199,15,0.506328085851235,0.431231635973901,0.232921821092748,2.69534502848579,0.441545084328892,0.567137436609412,1.18513728708702
199,16,0.503084473603292,0.425538038115064,0.255000041891736,2.70179248537201,0.447346359450363,0.566457173472176,1.18895334882422
200,1,0.560821169976891,0.431180180872859,0.540678423170577,3.08276841004787,0.194476297062208,0.567224290074244,1.33529528037263
200,2,0.520059583069776,0.517427553839325,0.0195608725829198,3.06200853762679,0.219440579214683,0.590510819787406,1.27563562700483
200,3,0.514204126631255,0.566644032567299,-0.193676684246319,3.03878984145836,0.243839327887935,0.603660864393328,1.2219929688884
200,4,0.522475418063633,0.592039611115747,-0.24888258012172,3.0223876396985,0.268572994850643,0.611808612526139,1.17827247438454
200,5,0.533605782747791,0.601188208005735,-0.228522553837488,3.01465448483233,0.293104334762716,0.616705689244212,1.14456710336017
200,6,0.542458026506663,0.599234755037845,-0.176477956645897,3.01409559583814,0.316808407068157,0.619201489624791,1.1199074812247
200,7,0.547312499693464,0.58994416533017,-0.115082335438697,3.01810160439173,0.33921229771696,0.619851704492992,1.10298678225977
200,8,0.5481619145522,0.576127774634741,-0.0549140222847273,3.02405692998423,0.360012084611727,0.619087070268724,1.09243134392737
200,9,0.545737260939659,0.559872253692322,-0.000326248094528525,3.02981372550839,0.379047364966276,0.617265906507118,1.08693618243941
200,10,0.540987320546054,0.542694960624414,0.0474791757877715,3.03382952937468,0.396270240599683,0.614691687350045,1.08533647885267
200,11,0.534821988795706,0.525664311614031,0.0887766263844617,3.03514043905148,0.411716532331405,0.611619465144675,1.08663897296027
200,12,0.52800264087738,0.509498185342534,0.124429345912226,3.03326492789616,0.425480931614411,0.608259214327857,1.09002733761475
200,13,0.521110832590698,0.494645395237386,0.155440581674956,3.02808860880123,0.437696382933451,0.60477894723226,1.09485177090764
200,14,0.514555990132117,0.481352767194695,0.182744468089546,3.01975472701975,0.448517546458609,0.601308445622323,1.10061017893701
200,15,0.508600137460174,0.469719628911685,0.207124465579263,3.00857101461078,0.458107991186969,0.597943645208657,1.10692594464332
200,16,0.503387835782994,0.459741326017551,0.22919666800077,2.99493597847328,0.466630667369247,0.594751421126736,1.11352543343489
201,1,0.474054699232506,0.477302303729865,0.892873874466876,3.52531203380406,0.284003986314964,0.620880165970277,1.3433476910764
201,2,0.113596131400386,0.234136851076011,-0.0989830155308559,3.3502179817087,0.231381790931532,0.594652843580243,1.27325357125262
201,3,0.0274401858182335,0.201303580596751,-0.466966226195236,3.12671620561469,0.187159433504214,0.581993018191601,1.19272352870126
201,4,0.0482178533774095,0.237113360551129,-0.538755920839755,2.91927168992167,0.15136757478849,0.576015780337506,1.11309020390693
201,5,0.105245622973559,0.2879251100928,-0.475535067908634,2.74924166414156,0.123365367179063,0.57341990872132,1.03975516488842
201,6,0.168873553139973,0.334717976136828,-0.357900304851495,2.62001582545724,0.102211449924631,0.572408241168272,0.974934429089464
201,7,0.227173932911695,0.371886757690136,-0.226106127358329,2.52785414449195,0.0868741546665838,0.571912354019859,0.919207449019158
201,8,0.2759915327621,0.398861551727404,-0.0996483071363001,2.46661864000402,0.0763418274066078,0.571276867152078,0.872312464942984
201,9,0.314591313125332,0.416814372062106,0.0128392037693304,2.42983654555818,0.0696795659969787,0.570112042699965,0.833563775143751
201,10,0.343701012715232,0.42738033914644,0.108412629223662,2.41156665059307,0.0660566026671974,0.568211172604593,0.802082185475216
201,11,0.364607710242492,0.432175993138682,0.187045535508386,2.40671657551257,0.0647566484502015,0.565495804060646,0.77692769601257
201,12,0.37873439168095,0.432632574419595,0.25011892376218,2.41110561251931,0.0651779190373669,0.561975552818108,0.757176878685136
201,13,0.387443424565193,0.429953112157077,0.299596642924066,2.42141191408279,0.0668268871127314,0.557717504472698,0.741966826218197
201,14,0.391951118923116,0.425117286585211,0.337581145833516,2.43507148904494,0.0693084004940842,0.552822951909052,0.730518071435269
201,15,0.393298077491155,0.418903639552491,0.366083284744797,2.45016246647017,0.0723139653523376,0.547410089252874,0.722144094497548
201,16,0.392347747819962,0.411916854291037,0.386913098760708,2.46529119386243,0.0756094320474985,0.541601569605272,0.716252353152847
202,1,-0.190291371285842,-0.0224377350836061,-0.834391986197217,3.13034620149146,0.398161604422318,0.495545080796716,1.35359589982872
202,2,-0.377588033793717,-0.243211081868268,-1.03535206722706,2.71552393190468,0.350648537184719,0.491076315367719,1.30612207478572
202,3,-0.365820069971648,-0.253871472383575,-0.957785087768281,2.31244458896667,0.286557422221008,0.47243199244053,1.24493203974557
202,4,-0.285460594402311,-0.192296895702021,-0.784665535065652,1.96232937996652,0.227496197728176,0.457547861181933,1.18010226775911
202,5,-0.188700799538289,-0.112290394615482,-0.590990901076986,1.67419143660569,0.17750854736385,0.447562681382196,1.11739454629454
202,6,-0.0956900102055668,-0.0341721623912699,-0.406938218826933,1.44491117019084,0.136703674969104,0.441113580857316,1.05968001530999
202,7,-0.0135474949557945,0.0350220510459597,-0.243794352506273,1.26723890688383,0.104258485268174,0.436869076029547,1.0082278057631
202,8,0.0559003690153955,0.0935038810573847,-0.10473241288904,1.13299166822565,0.079132208935077,0.433847766437487,0.963438022126119
202,9,0.112962339502042,0.141526802624337,0.010607431878253,1.03431492626828,0.0602668591298101,0.431374043361495,0.925228226934562
202,10,0.158775742827782,0.18009747563235,0.104104548604693,0.964152621379015,0.0466590091796426,0.429001760186621,0.893243094566251
202,11,0.194752944194287,0.210450765861331,0.178234103663419,0.916386359794956,0.0373912072594224,0.426452741333092,0.866976167453688
202,12,0.222339743639405,0.233832503295446,0.235623159707647,0.885833353377975,0.0316459734849942,0.423570649992591,0.845845684695113
202,13,0.242907347510353,0.251409059046915,0.278829238080221,0.868183582988175,0.0287100636904748,0.420286129618979,0.829244143061659
202,14,0.257704566782197,0.264231210736472,0.310228911929297,0.859911996423621,0.0279726156927707,0.416590197402295,0.816571292212907
202,15,0.267839085087137,0.273222580955755,0.331964786116393,0.85818266897073,0.0289193929661679,0.41251393484603,0.807255834388707
202,16,0.27427382483009,0.279179967105238,0.345925497011532,0.860753451585035,0.0311246637250551,0.408113130574648,0.80076904318516
203,1,0.535548794532028,0.379528490450375,0.347853912233588,3.48434114066853,0.567855847129963,0.598891790798161,1.38487827403005
203,2,0.381476110237153,0.34682032542543,-0.32018078787368,3.344062580185,0.630428642153249,0.664794867848577,1.39017687637373
203,3,0.329871041698802,0.35339361710123,-0.583548430996705,3.17610263469036,0.637446116968571,0.658134645431812,1.38903825701758
203,4,0.321665731125135,0.365050714669344,-0.648832057863516,3.0093692653446,0.631755728287306,0.640914356990364,1.38190667650193
203,5,0.334242332669533,0.37710929981685,-0.615637778882616,2.85634680328079,0.623342168675706,0.625653324685026,1.37078175289158
203,6,0.35621462518172,0.388732012043708,-0.536362984124102,2.72200391376277,0.614926652793303,0.614199019807541,1.35758244808089
203,7,0.381394278978738,0.399547153654955,-0.439035294176879,2.60746789784934,0.607447647840471,0.606173230546382,1.34378510809171
203,8,0.406429696492961,0.409292018920256,-0.338455501787921,2.51189076394091,0.601282996501661,0.600827398260873,1.33041887211508
203,9,0.429586751583145,0.417800969703445,-0.242148430587868,2.43347135058278,0.596561508784825,0.597451996579316,1.31814735415887
203,10,0.45006238353808,0.42500440679582,-0.153631621350036,2.37002631859358,0.59327132727297,0.595459181811911,1.30735819162826
203,11,0.467588301254412,0.430914644256428,-0.0742291814668532,2.31930760083819,0.591315606204185,0.594387633103932,1.29823952563413
203,12,0.482199018812584,0.435606036509398,-0.00408430912978852,2.27917427088972,0.590548782843363,0.593888028729856,1.29084003857766
203,13,0.494094299370183,0.43919505067337,0.0572727304416694,2.24767976389865,0.590801967891987,0.593704380023265,1.28511433596784
203,14,0.503556571452017,0.441822878146053,0.110604855355408,2.22310949836521,0.591900630950058,0.593655787807571,1.2809565708827
203,15,0.510900932296685,0.443641423258256,0.156788146060261,2.20398941828573,0.593676451302971,0.593620132589735,1.27822502619063
203,16,0.516444905683231,0.444802674538033,0.196711294230282,2.18907770569921,0.595974741361878,0.593520145581538,1.27675985602274
204,1,0.63587226527514,0.43003444029658,0.428500147399952,3.34390762656956,0.448695417780776,0.709362720367688,1.3436728362613
204,2,0.457065882710675,0.346127360016972,-0.156696780045085,3.23388030162777,0.515504864529521,0.747011355186504,1.32459868395003
204,3,0.409709781970888,0.353605815953614,-0.38290591108669,3.10063290668538,0.537392051992393,0.725563466622325,1.31160897996591
204,4,0.398330535307345,0.366998572915551,-0.453204468789547,2.96766623027424,0.546943747588966,0.698623864609008,1.3011377351308
204,5,0.402076571470425,0.378105328932952,-0.445147307849091,2.84368428634034,0.551433813601714,0.675484201401299,1.29179732518884
204,6,0.413020713168032,0.387188608399084,-0.397841199610507,2.7322119652064,0.553226971233421,0.657078943791613,1.28314982635059
204,7,0.427089820545954,0.394934624836437,-0.332632043668841,2.63429790914082,0.553521691743473,0.642830523581801,1.27513262471148
204,8,0.442018467103401,0.401747658854647,-0.261275630494041,2.54969764943939,0.55308237674672,0.631963592684466,1.267814652791
204,9,0.456545107616095,0.407824844112152,-0.190137230273334,2.4775023361592,0.552421019863147,0.623762706706684,1.26129297507077
204,10,0.469991929269611,0.41325479005788,-0.122525367399203,2.41649189628838,0.551871531920955,0.617619723914079,1.25565040816031
204,11,0.482026464367422,0.41807816034478,-0.0600144209054585,2.36533599940666,0.551637106749877,0.613034996435286,1.2509405012539
204,12,0.49252275362522,0.422320319334481,-0.00319914730165205,2.32270819769311,0.55182596482816,0.609606916399445,1.24718483020247
204,13,0.501478897739775,0.426007348223078,0.0478727137448008,2.28734968179696,0.552479192039645,0.607018531277427,1.24437567157329
204,14,0.508966924645206,0.429172613594978,0.0934509192696935,2.25810329260258,0.553592277256964,0.605024042130224,1.24248081423467
204,15,0.515101433326671,0.431858158751531,0.133937785273501,2.23392962068228,0.555131496560933,0.603436273706748,1.24144897560867
204,16,0.520019398371868,0.434113441771973,0.169803416274503,2.21391209994832,0.557046112307416,0.602115539461881,1.24121508904501
205,1,0.519037309467065,0.399492054023163,-0.0821742775679578,2.92039366433552,0.48372844121146,0.795114492383739,1.34605185045397
205,2,0.446946066822131,0.362790863189575,-0.272711016548233,2.80849611334051,0.528545876752413,0.77219486249525,1.31826099723076
205,3,0.435370295568649,0.371819265082848,-0.320748364932297,2.69724786945219,0.552716874410239,0.738605289836965,1.3012813425617
205,4,0.435860218226301,0.38104407762962,-0.313800606599424,2.59356016349183,0.567791044257767,0.708490008104521,1.29125103887459
205,5,0.44055093663923,0.387450203890996,-0.280411546131719,2.49903357192059,0.577317295184217,0.683707996007261,1.28521714541141
205,6,0.447320459836559,0.392154634870517,-0.234152510146726,2.41400424976085,0.583094797690166,0.663828969340618,1.28137427842036
205,7,0.455180062191962,0.396098507419973,-0.182414693796121,2.33832007226795,0.586341557072445,0.648078174604712,1.27869922180885
205,8,0.463522187367285,0.39979278377265,-0.129370264610708,2.27157685731665,0.58795154766249,0.635707536666594,1.27664916526589
205,9,0.471930318352707,0.403459877988631,-0.0773875685193868,2.21322348032287,0.588583297631603,0.626062147022,1.27496463841484
205,10,0.480105931937129,0.40715804278135,-0.0277942312199018,2.16262010948563,0.588712269535596,0.618586030399308,1.27354675989193
205,11,0.487834028182383,0.410861963939614,0.0186970053412946,2.11907598792755,0.588670996563707,0.612814889128544,1.27238184513678
205,12,0.494964706063487,0.414511555753772,0.0617464111855107,2.08187727856997,0.588681795732451,0.608365928359273,1.2714957244497
205,13,0.501401549656377,0.418040076879213,0.101246806319428,2.05030925797474,0.588883524236438,0.604927317957635,1.27092678180191
205,14,0.507092714955831,0.421389117501008,0.137239229619385,2.02367444251516,0.589353246542292,0.60224811661722,1.27071084899706
205,15,0.512023032309891,0.424515401627012,0.16985998102652,2.00130713863794,0.590123544333531,0.600128978125204,1.27087359008331
205,16,0.516206593782138,0.427392639281805,0.199305604306596,1.98258457260401,0.591196134053399,0.598413764782859,1.27142754824869
206,1,0.267581045363866,0.237214649309611,0.537499496545524,4.02444808889756,0.357627218915622,0.770060868409567,1.20947915358177
206,2,-0.0788277287390491,-0.0440721686684343,-0.179245929894028,3.71799424320805,0.343045663237751,0.678593501896463,1.20099636168057
206,3,-0.175498462240254,-0.103667335825269,-0.450845915579312,3.36537111093654,0.319908604223575,0.61158277463791,1.17823135927051
206,4,-0.167663163499065,-0.0783007459623822,-0.510382411694428,3.02726213128675,0.294481742488702,0.563089441998589,1.14754581015379
206,5,-0.119071644333437,-0.0246695158639208,-0.470803051485575,2.72612852207648,0.269640215833276,0.528112740279267,1.11411361972575
206,6,-0.0577426514694984,0.0342665023657266,-0.388155337194048,2.46788724004544,0.246911392244187,0.503019347327043,1.08092147307455
206,7,0.00405893609787333,0.0896264639746337,-0.29077939415937,2.25140707127965,0.227094261164298,0.485149434748578,1.0495993242806
206,8,0.0611180943464787,0.138359937416161,-0.193065891306213,2.07271856078354,0.21053056544154,0.47251231400716,1.021017152853
206,9,0.111441350032543,0.179805653822409,-0.102139452562074,1.92690707620346,0.197263102975291,0.463601536376297,0.99560460686479
206,10,0.154540776715131,0.214259348932638,-0.0212258242496213,1.80897279817708,0.187142337938576,0.457278201682651,0.973519518411911
206,11,0.190642337790923,0.24237726699003,0.0485833693440776,1.71421858366532,0.179902025845687,0.452689765726592,0.95474336793798
206,12,0.220306133712308,0.264926340339319,0.107368583945816,1.63841507863838,0.175213364349456,0.449208633130324,0.939141078712926
206,13,0.244235437518975,0.282678302669088,0.155838765232321,1.577856831506,0.172723285490652,0.446383394036903,0.926501968201372
206,14,0.263175862297173,0.296364080893749,0.195015148198326,1.52936321572271,0.172080771035387,0.443899295933615,0.916569483344008
206,15,0.277859995542965,0.306654084153679,0.226043805989562,1.49025087446449,0.172954105790764,0.441546080570423,0.909063378914719
206,16,0.28897655727751,0.314150253064206,0.25008396555948,1.45829174638411,0.175041341188396,0.439191947441781,0.90369629309144
207,1,-0.139908115458841,-0.136014406630992,-0.146974982534233,3.6354622941492,0.514747794136758,0.657040909487017,1.22144695165819
207,2,-0.359486802900745,-0.324759582352248,-0.586922007999808,3.19771081470324,0.517716006297699,0.577768446715539,1.24757793079717
207,3,-0.403719195907099,-0.34850395226096,-0.727208923890079,2.74567843250251,0.493176844402701,0.506130195723472,1.25563502173085
207,4,-0.373930658270022,-0.308186695669837,-0.72631885505079,2.32205059570715,0.461090582493496,0.451613002526402,1.2506559617764
207,5,-0.314309085288504,-0.24529471614638,-0.658975539613681,1.9426056751708,0.427948647790715,0.412293706405056,1.23729946761613
207,6,-0.244603897409741,-0.177022440143175,-0.562290032734488,1.61147991691686,0.39657539573877,0.384894659861441,1.21891904239093
207,7,-0.17399242985949,-0.110604442501464,-0.455694818081979,1.32762376356941,0.368418256262297,0.366516443104965,1.19791956552792
207,8,-0.106900386777645,-0.049106754157284,-0.34977040923354,1.08764439581686,0.3441996425571,0.354819008670971,1.17605639313465
207,9,-0.0454745057273824,0.0062288496149141,-0.250329360585025,0.887134565703468,0.324182372876358,0.347954417475212,1.15460683649718
207,10,0.0093279699401731,0.0550196448331667,-0.160429348227211,0.721342654302313,0.308323180910955,0.344480558310041,1.13447360320015
207,11,0.0572258158746289,0.0973267585697947,-0.0814466834031465,0.58553702546365,0.296379288239278,0.34328719110237,1.11625828791433
207,12,0.098346621332041,0.133460590829024,-0.0136989239601997,0.475214684886256,0.28798667856007,0.343534369856726,1.1003210862163
207,13,0.133070779991586,0.16387705860871,0.0431655467894089,0.386221448755594,0.282717743816176,0.344600600007922,1.08683233264574
207,14,0.161930574593938,0.189113853661687,0.0899092684106157,0.314816511657893,0.280122919223977,0.346038939993049,1.07581742421377
207,15,0.185540269759603,0.20974681766834,0.127528248856849,0.257699600883297,0.279759754360928,0.347539936854225,1.06719546725223
207,16,0.204546153513159,0.226358442926966,0.157128162335276,0.212012180256477,0.281212201958957,0.348900592931929,1.06081180021107
208,1,0.644470939671465,0.495884505529376,0.251648055635165,3.98249406969049,0.294914966067475,0.818411161179901,1.15493615611783
208,2,0.446153272175249,0.352981833512775,-0.154630811879651,3.86505027576628,0.302965557256885,0.741038607789303,1.12784420680351
208,3,0.413062102501049,0.351153571781731,-0.276970850756074,3.7347513970176,0.318533385073445,0.705476318481719,1.10913155857403
208,4,0.413538857080125,0.365434307645594,-0.30019751556454,3.61118420295987,0.331832535825366,0.681562504693026,1.09633036523517
208,5,0.422416210204081,0.378036292253619,-0.280093202186842,3.49862610012018,0.342117274449575,0.663275608446686,1.08741457165002
208,6,0.433606454171449,0.387618677961272,-0.240092896349096,3.39771654811278,0.350059246253079,0.648917367095346,1.08113863932576
208,7,0.445075556722423,0.394912983481988,-0.191928712014493,3.30794449885556,0.356388319394234,0.637624561175109,1.07676092327002
208,8,0.455968488137027,0.400621204452035,-0.141785210475202,3.22837118427617,0.361682989656532,0.628760571048515,1.07383169242031
208,9,0.465905786789841,0.405217584254752,-0.0928911748887247,3.15791550297569,0.36636684983511,0.621807279168306,1.07206872714972
208,10,0.474739596147281,0.409004115547744,-0.0468437913912774,3.09548620065052,0.370737134844218,0.616339860407057,1.07128660245122
208,11,0.482443086375657,0.412173429107711,-0.00433519319350673,3.04004508393969,0.374993771010942,0.612013715905137,1.07135602963508
208,12,0.489053746347457,0.414852081561469,0.034440340934204,2.99063575648075,0.379263805434183,0.60855294562708,1.07218011480403
208,13,0.494642896951068,0.417127723958188,0.0695568414639907,2.9463946477347,0.383620987514291,0.605739481449485,1.07368040884856
208,14,0.499298840471015,0.419065550708288,0.101226990409096,2.90655294130702,0.388101129147427,0.603403177194422,1.07578880008958
208,15,0.50311723000193,0.420717934599822,0.129728775050002,2.87043384417883,0.392713954618372,0.601413063882074,1.0784429741825
208,16,0.506195305105267,0.42212981048015,0.155363955356852,2.83744747495245,0.397452088148447,0.599669812682854,1.08158407044712
209,1,0.498945835072433,0.379843614051349,-0.0216769043185105,3.95928593409427,0.26334030924285,0.77000056815952,1.23315480010437
209,2,0.408393362986998,0.355285613532121,-0.331086788179025,3.81663782978602,0.261663648043148,0.707805138315756,1.18558192087884
209,3,0.406792931524413,0.382587867808896,-0.414526619630456,3.68044763033016,0.271975963234958,0.684493822221089,1.14676488487507
209,4,0.422362180702892,0.406093497964524,-0.406901379862224,3.55981872803025,0.282899456279496,0.670037624836104,1.11669068710951
209,5,0.441250133614328,0.422201373820236,-0.358504019044663,3.4559069245841,0.29289274295206,0.659104666803104,1.09367881620721
209,6,0.459386031592464,0.432614095771259,-0.293775840122736,3.36752979623219,0.301989502141085,0.650415710793333,1.07629293195944
209,7,0.475292006727256,0.438994891253989,-0.225262846827866,3.29270260440941,0.310404960783771,0.643402112332157,1.0634410140878
209,8,0.48853300584939,0.442558263965903,-0.159186256314106,3.22926870003722,0.318319451077072,0.63766984839704,1.0542787655633
209,9,0.499160666651847,0.444170364967167,-0.0983268846432847,3.17518948615035,0.325859820581323,0.632912399709412,1.04813266439984
209,10,0.507444532664441,0.444454625189074,-0.0436267332862138,3.12866689301536,0.333110529171234,0.628890852779641,1.04445312610058
209,11,0.513731741888955,0.44386418267431,0.00491435866109047,3.08817901128428,0.340126175454525,0.625422358674715,1.04278619076551
209,12,0.518375059777632,0.442729979379607,0.0477419014528687,3.05247226376872,0.346941329935558,0.622369576295445,1.04275509946469
209,13,0.521698578692632,0.441293443778751,0.0854772643105028,3.02053391272314,0.353577638789491,0.619631023706486,1.04404707653596
209,14,0.523983957883278,0.439729406037398,0.118776604182263,2.99155770092203,0.360048758242864,0.617132764465836,1.04640301379281
209,15,0.525467498609663,0.438162640844781,0.148261503452839,2.96490921456215,0.366363670868172,0.614821572688603,1.04960896713371
209,16,0.526342593878223,0.436680102924257,0.174488930072768,2.94009409286054,0.372528832926341,0.612659501838059,1.05348894975114
210,1,0.294223132087461,0.318702962517215,-0.70604312835382,3.87303480361795,0.506799853072765,0.735969844750107,1.30855430378942
210,2,0.249500066543123,0.249443686542941,-0.680933646398206,3.63376522116876,0.520529419552295,0.716220361487048,1.29021411941505
210,3,0.275066493794692,0.260032582398973,-0.579257391476934,3.41855495837109,0.520041160151743,0.688051634156204,1.27492680183359
210,4,0.307410132320381,0.278590577449557,-0.471956080730487,3.23068049271672,0.515578957946238,0.664451760986315,1.26164946734003
210,5,0.338930410246234,0.29712463999463,-0.369510529277303,3.0683944151259,0.509878441575378,0.64652758835086,1.24969279502939
210,6,0.368407436056825,0.314733202320986,-0.27442954810917,2.92933814658383,0.504089581809792,0.633399919837675,1.23879557760617
210,7,0.395429234451037,0.331222693039709,-0.187638491973248,2.81108486572084,0.498849486087914,0.624025547753796,1.22892504813573
210,8,0.419776199982519,0.346458013436974,-0.109429870099671,2.71123902771975,0.494524076004174,0.617499149770147,1.22014443149481
210,9,0.441349330640882,0.360331556580989,-0.0397138171146412,2.62748514095797,0.491298235240674,0.613082519671771,1.21253875033037
210,10,0.460151037826161,0.372778716562715,0.0218552270828914,2.55762685584765,0.489230448348875,0.610187790854585,1.2061764763824
210,11,0.476267608957351,0.383784310482514,0.0757924733938272,2.49961835436947,0.488292943530227,0.608354819206139,1.20109257789262
210,12,0.489850395764683,0.393379956100095,0.122718781141974,2.45158706068423,0.488402252286443,0.60722974119629,1.19728407487556
210,13,0.501097227222997,0.401636460447433,0.163311658122727,2.41184748296245,0.489442255808374,0.606545876678793,1.19471255542539
210,14,0.51023535372399,0.408654192135934,0.198267649887145,2.37890682032018,0.491281166637849,0.60610708564775,1.19331017922013
210,15,0.517506695717093,0.414553273418596,0.228273921102587,2.35146347813771,0.493783646778779,0.605773469774907,1.19298702014583
210,16,0.52315573870856,0.419464633420049,0.253987475086935,2.32839987401367,0.49681908462532,0.605449247793605,1.19363846141076
211,1,0.0954972353996535,-0.10107456108424,-0.326090722977452,3.85659179315458,1.25931878067076,0.464847075186719,1.54874913110059
211,2,-0.0430628482443253,-0.145843703805205,-0.90921446932174,3.42717876355167,1.24616550199119,0.561597211552122,1.64826721473473
211,3,-0.0852836947724027,-0.139528828549158,-1.13537236612914,2.97931341199974,1.16684898542248,0.546467167595167,1.70298812900676
211,4,-0.0672586972447359,-0.106183611194873,-1.15796323943389,2.55237526165496,1.08209743420232,0.522327520614938,1.72173586857212
211,5,-0.0135699483331707,-0.0564693440373559,-1.06701932990766,2.16729581290899,1.0044400022583,0.506276751367276,1.71546356145294
211,6,0.0587227450332793,0.00209365595053546,-0.918144336238656,1.8339362859524,0.936625953136062,0.499272145825473,1.69325700787533
211,7,0.138170993173877,0.0639101902525739,-0.745657580171901,1.55514824539907,0.879061931286391,0.499467038987911,1.66198249403166
211,8,0.21735999133567,0.124970515029867,-0.570314465134181,1.3294091836106,0.831368427972918,0.50479287715658,1.62660825008592
211,9,0.291713638694626,0.182566342754101,-0.404156731054148,1.15260651089775,0.792796874017515,0.513456795085113,1.59059780624697
211,10,0.358632159849331,0.235020037869372,-0.253624742872045,1.01925127067403,0.762405137650322,0.524017645647723,1.55625766591747
211,11,0.416875639156875,0.281441826180801,-0.12158058975205,0.923295708489032,0.739164146430012,0.535368177799771,1.5250228401123
211,12,0.466122033105371,0.321522780796498,-0.00863749538565894,0.858671623123517,0.722031721295097,0.546693483058401,1.49768515902327
211,13,0.50664908644213,0.355364517420823,0.0859592519594515,0.819630793886053,0.710003870150704,0.557423968047757,1.4745731533137
211,14,0.539105443973842,0.383343068915434,0.163746027092424,0.800945247565155,0.702148675119753,0.567189260006553,1.45569209826198
211,15,0.564346947159346,0.406002934704835,0.226651395148783,0.798009077706104,0.697626604775735,0.575775878836756,1.44083169892942
211,16,0.583321144842273,0.423976860086895,0.276740097138109,0.806872282424761,0.695700454899136,0.583089968000372,1.42964768824323
212,1,0.376992203770439,0.101737183679763,0.332081986607657,3.57478011025534,0.446822022814963,0.760174671746356,1.53787763420559
212,2,0.277832256053197,0.14908802743215,-0.287236632198769,3.33561138250677,0.45428718517909,0.721156177182526,1.48170119867135
212,3,0.270873485713716,0.21697181243873,-0.538729852676224,3.10212279190048,0.457581774087028,0.690706634155543,1.42933768107827
212,4,0.293226192292035,0.271185309270819,-0.605811115991135,2.89136319483579,0.458820677189958,0.666974820099452,1.38399985373439
212,5,0.326548103287154,0.312525795775937,-0.577430246227079,2.70886529432433,0.459191293618652,0.648931844170172,1.34521030615691
212,6,0.362641744038001,0.344237198197229,-0.502847038143605,2.55514796093068,0.459434600496582,0.635525937444936,1.31227840789352
212,7,0.397334415103423,0.368758380132351,-0.409768296897647,2.42828287433439,0.460002509326138,0.625755707025769,1.28464616428477
212,8,0.428591022285962,0.387774073382489,-0.313401381119499,2.3252387174026,0.461143621035302,0.618743178160907,1.26182859488147
212,9,0.455593435206019,0.402480777637623,-0.221653893821192,2.24263071769888,0.462964490942835,0.613759339341056,1.24336052649424
212,10,0.478209850064003,0.413767652190007,-0.138215148863357,2.17713046039621,0.465476150245119,0.61022195150544,1.22877989516528
212,11,0.496678154270682,0.422323714509352,-0.0643884897044137,2.1256755233741,0.468629177407394,0.607680369810716,1.21763064859635
212,12,0.511417289830183,0.428700401279714,-0.000176042430016343,2.08556190613408,0.472339501383326,0.605795576804095,1.209472039859
212,13,0.522916477483797,0.433348680236036,0.0550846976384229,2.0544693108731,0.476506803699533,0.604319711185065,1.20388790692529
212,14,0.531671833052169,0.436641840463653,0.102352531012173,2.03044941427041,0.481027141801514,0.603077182423236,1.20049360193257
212,15,0.538151723992159,0.438890241971367,0.142674275488361,2.01189513955934,0.485801164850034,0.601948248730221,1.19894015659167
212,16,0.542779443192861,0.440351541018222,0.177071514427604,1.99750156217596,0.490739048930911,0.600855281536643,1.19891602898933
213,1,0.112832582497985,0.0738099023985492,-0.922904104488965,2.73238217208575,0.602446521654558,0.64445264285201,1.5732724956816
213,2,0.140902443025054,0.0810114661336009,-0.820722565430246,2.42580042779638,0.605991133002405,0.646022909796046,1.51392637060655
213,3,0.212346137932705,0.1389094882489,-0.663782273456055,2.17130554733407,0.595348751710453,0.630157841670657,1.46334438530482
213,4,0.27981010349706,0.193539003577942,-0.511671704710369,1.96547984865013,0.583571691377626,0.616440534270819,1.42128738683897
213,5,0.338347293489318,0.240138871645689,-0.374294407999293,1.8014823336074,0.573271910103923,0.607060402845058,1.38639884063281
213,6,0.388050363728616,0.279350289408174,-0.253573041664434,1.67271098282703,0.565016861911243,0.60129206525533,1.35755308138046
213,7,0.429657215351116,0.312178364726032,-0.149313572512971,1.57324944226549,0.558871926099509,0.59813222876035,1.33389899218958
213,8,0.46400736504216,0.339501311413525,-0.0604401214328605,1.49789999453418,0.554722667459588,0.596735357450779,1.3147655564456
213,9,0.491950742644984,0.362073488122867,0.0145328118200146,1.44215292939287,0.552369916179559,0.596452952738551,1.29959000240456
213,10,0.514315144344793,0.380558664479661,0.0772470749854222,1.40213990058491,0.551574522368705,0.596806736148686,1.28787667237601
213,11,0.531886290493539,0.395550696762601,0.129352638581831,1.37458032191918,0.552084978631563,0.597455137535837,1.27917624482354
213,12,0.545394330290254,0.407584013259583,0.172421176431823,1.35672435569925,0.55365556640171,0.598163330046774,1.27307648595098
213,13,0.555505266091192,0.417138595782846,0.207898132174751,1.34629486439711,0.556057896908092,0.598778145832219,1.26919891965627
213,14,0.562816383642644,0.424642514106931,0.23707920180936,1.34143015182803,0.559087602995335,0.599207584574637,1.26719814282389
213,15,0.567854915338293,0.430473723465962,0.261102405872252,1.34062890800271,0.562567500258945,0.599404345255112,1.26676197973868
213,16,0.571079241827617,0.434961986252195,0.280950072335949,1.34269841347173,0.566348250449417,0.599352791819689,1.26761154875438
214,1,0.212493835003596,0.131501161332669,-0.651453745830926,2.56459521263886,0.359948652796558,0.684643128875939,1.50997729346033
214,2,0.261877652106709,0.172574996646257,-0.533479436740484,2.33825619909807,0.359183824286497,0.64986859839953,1.41164743267673
214,3,0.344295581738651,0.247280240317829,-0.37849317693565,2.16968044778671,0.366716090083688,0.638601634103752,1.33539909789628
214,4,0.41266195788849,0.307455997295811,-0.241222516445243,2.04844319290754,0.376179102008527,0.633210669974301,1.27829721392629
214,5,0.4646565099925,0.351893107677261,-0.127565532102586,1.96330813548744,0.386308888760582,0.630021061328341,1.23627588878697
214,6,0.502944973468838,0.383872502547282,-0.0359306426011233,1.90501339746696,0.396713429869158,0.627869838159143,1.20596415162515
214,7,0.530350964146655,0.406396402991215,0.036767791537806,1.8662612985829,0.407161096798887,0.626195789197449,1.18473185946102
214,8,0.549296327495418,0.421829424076028,0.0938327410641345,1.84140909450347,0.417469837070285,0.624675543013088,1.1705294733437
214,9,0.561776687666026,0.432003070257099,0.138354941483801,1.82616248080905,0.42749396818389,0.623123678153022,1.16174838799516
214,10,0.569407331572247,0.438333496437035,0.173044484056282,1.81730827840319,0.437123363868637,0.621445601988224,1.15711928749601
214,11,0.573477160177696,0.441912954084009,0.20018160359418,1.81248850478786,0.44628186766429,0.619606669794187,1.15563874444078
214,12,0.575000360181118,0.443579207028695,0.22162774540887,1.81001263264254,0.454923865146507,0.617610055189624,1.15651471493222
214,13,0.574763282420127,0.443969114541726,0.238865632274097,1.8087036760812,0.463029701800879,0.615480877186777,1.15912472821266
214,14,0.57336579258589,0.443560759378698,0.253050862049213,1.80777355920166,0.470600665081292,0.613255095392983,1.16298291525253
214,15,0.571257037158799,0.442707031289788,0.265065431391721,1.80672340813806,0.477654045358622,0.610972029161246,1.16771347460139
214,16,0.568765900548124,0.441662634628107,0.275568168984195,1.80526476601993,0.484218599404013,0.608669580726622,1.17302903665908
215,1,0.14735012394891,0.170352372498567,-1.14367736235518,2.1654043311736,0.748323561761371,0.58242832329794,1.35576797039692
215,2,0.236495846561945,0.180801018576681,-0.734766762602707,1.94087099903282,0.708238001781347,0.566890102855295,1.34447923996301
215,3,0.304129420715641,0.199739362047315,-0.459022705722792,1.7628100142415,0.675240808688506,0.561063478659177,1.33599905323393
215,4,0.358525777444056,0.22412770901827,-0.26481676503817,1.62175377954235,0.647858192408147,0.560055464702752,1.32633316042255
215,5,0.403604232386181,0.250848066736729,-0.122542812515479,1.51107163482,0.625568339521413,0.561892593138118,1.31580160542097
215,6,0.441454403954787,0.277712391011028,-0.014738679581153,1.42567246178475,0.607913454378006,0.565418620922526,1.30523415332734
215,7,0.473282683565334,0.30332357468099,0.0690976197395788,1.36138224941049,0.594392811918993,0.569844434751853,1.29531759983854
215,8,0.499866717590681,0.326855025706199,0.135452829560346,1.31463309432773,0.584479041647535,0.574613047736653,1.28652672065109
215,9,0.521788191538009,0.347878970849721,0.188498582480506,1.28231065706307,0.577645881016109,0.579335727866446,1.27915204310875
215,10,0.539548125358494,0.366242494073381,0.231068439685923,1.26168138646818,0.573390071880294,0.58375079510375,1.27333763137004
215,11,0.553617926979173,0.381977980778191,0.265212451279297,1.25035681335889,0.571246096252998,0.587693228560348,1.26911551641862
215,12,0.564456385039621,0.395237777700563,0.292506815256765,1.24627218780205,0.570794930143735,0.591071025042191,1.26643544880055
215,13,0.572510004569682,0.406246348680351,0.314223732070327,1.24766816677828,0.571668182575061,0.593846403869246,1.26519011226284
215,14,0.578206518245364,0.415265460540512,0.331423205745182,1.25307070421013,0.573548814904465,0.596020765409491,1.26523598996189
215,15,0.581946869550187,0.422569283567214,0.345002599914503,1.26126777241314,0.576169428725582,0.597622690324953,1.26641010984187
215,16,0.584098278391373,0.428427112059544,0.355724310680652,1.27128327119546,0.579308920385257,0.598698462682213,1.26854299269585
216,1,0.437842137380299,0.494852418957015,-0.963323217463966,1.1051653589152,0.518922809666622,0.704696740173346,1.02017033427374
216,2,0.61297878495653,0.536974460281726,-0.180147217956009,1.1392725320265,0.484092461682393,0.628178418958696,1.00899401177791
216,3,0.66770617305913,0.513001878621334,0.207486677529297,1.2092881559945,0.486497211640178,0.618236244040677,1.01626181860183
216,4,0.681679540350101,0.487485059983998,0.397816679366861,1.28750141415241,0.495231700558159,0.619189640075137,1.03228903131548
216,5,0.676730261208301,0.466577493553938,0.479994966152843,1.36182326990009,0.504470975686735,0.620757360871359,1.05247093063146
216,6,0.662908431526148,0.450031429433898,0.503488738670771,1.42688637030608,0.513042880132865,0.621257716575721,1.07409665433119
216,7,0.645726839522088,0.437147602990991,0.496926555204019,1.48086299797809,0.520705005514734,0.620649829468896,1.09551871654061
216,8,0.628224233877079,0.427335818073408,0.476755798667196,1.52382083563722,0.527443416078963,0.619188352252013,1.11578562694881
216,9,0.611977458326473,0.420108457718272,0.452172245340116,1.55677664257988,0.533322885405203,0.617147495402159,1.13440960122072
216,10,0.597699949860381,0.415046386930465,0.428073961597717,1.58114715169255,0.53844237474188,0.614760499507258,1.15120396101313
216,11,0.585607642916165,0.411780761579704,0.406845623372464,1.59843865287002,0.542914409738155,0.612208714253348,1.16616919524558
216,12,0.575642358419829,0.409985201980058,0.389433967830773,1.61008060262681,0.546852758273673,0.609624569987947,1.17941491255435
216,13,0.567606760723491,0.40937245593477,0.375992006348319,1.61734519177285,0.550364718097647,0.60709888999865,1.19110782278804
216,14,0.561244491359623,0.409692477427283,0.366261091003532,1.62131715783913,0.553546579119297,0.604689182006363,1.20143810132784
216,15,0.556286444666606,0.410730590504264,0.359794003590526,1.62289196838538,0.556481360229598,0.602427500072292,1.21059842986195
216,16,0.552476255408182,0.412305283864993,0.35608201065426,1.62278908270072,0.55923814279313,0.600327290653774,1.21877159945854
217,1,0.829909718411539,0.701047602838362,0.215432414917889,0.383831423879709,0.256150416963377,0.667841513868085,0.820662446911654
217,2,0.953778908148887,0.764113176344481,0.673011669575884,0.643933216920834,0.260821735243618,0.636291415000432,0.810485009200777
217,3,0.950088910094091,0.727570390253063,0.824990048711694,0.898548976568327,0.293116083607464,0.644495034509393,0.823206984192881
217,4,0.912578345726092,0.68021205093174,0.846376308409515,1.12601723338607,0.327693074485889,0.654083525332004,0.848921965720194
217,5,0.863314718150586,0.634472503810246,0.804455679205078,1.31980036773668,0.359461978447911,0.659183358650445,0.881312064356037
217,6,0.811291808345057,0.592716267589914,0.734287523438879,1.47911478673655,0.387351965622894,0.659950149011944,0.916232223377164
217,7,0.761209017315466,0.555675853011087,0.655519960415996,1.60600648712046,0.411249662123445,0.657473173373355,0.951034002562494
217,8,0.715539091865523,0.52358493651073,0.578963278521913,1.70391358067097,0.431361913099971,0.652811193516706,0.984105875920781
217,9,0.675418707199276,0.496392512635741,0.510154694672405,1.77683312109467,0.448039422410213,0.646827100835712,1.01454657325713
217,10,0.641168350801331,0.473855063787933,0.451492828706301,1.82882727651723,0.461699942827118,0.640180995074123,1.04193387230229
217,11,0.612621315710596,0.455603221184811,0.40354569707016,1.86373951100959,0.472782302530194,0.633355728780503,1.06616180859054
217,12,0.5893355360818,0.441194278590581,0.365855598708693,1.88504350870086,0.481716175188029,0.626688013064932,1.08732646855256
217,13,0.570730153110854,0.4301527091483,0.337433153438871,1.8957759270201,0.488902602633882,0.620398279935663,1.10564617977568
217,14,0.556172883393278,0.422000269631813,0.317057916492283,1.89852140166148,0.494702461784601,0.614617228383726,1.12140610148808
217,15,0.545034855568033,0.416277357062386,0.303457999200515,1.89542920557278,0.499430792703569,0.609408446475253,1.1349202006669
217,16,0.536723742637877,0.412557242129448,0.295413710346263,1.88824804164377,0.503355335493325,0.604787104386983,1.14650567628173
218,1,0.85617054461877,1.03868528181488,-0.947044473096239,-0.455757971817149,0.320927094083495,0.668601922453545,0.486372450456847
218,2,1.02827700035215,0.914524213671076,0.392649395969089,-0.111516252098828,0.325169708790688,0.623797812590187,0.515010245962873
218,3,1.0664594837939,0.796108860406472,1.04059941336556,0.250033213042507,0.359198751751827,0.633980208746779,0.572270401548413
218,4,1.03937354037732,0.698373820835275,1.30179512898714,0.586845530058449,0.3948738584046,0.647160808218918,0.641363015980297
218,5,0.981332907437895,0.619105428860011,1.35025013582549,0.880393029223593,0.426790292381329,0.655256626255381,0.713695026432303
218,6,0.911788217196293,0.555242682050447,1.28848934438549,1.12477424931963,0.453921648898338,0.65811783917404,0.784151411626144
218,7,0.841702143255608,0.504343526680991,1.1764370200589,1.32096182908743,0.476277623096089,0.656934724291852,0.849718547498805
218,8,0.77688964815405,0.464439237745532,1.04822462668201,1.47342999695428,0.494217025792965,0.652964869185606,0.908809428423392
218,9,0.720051918698642,0.433854958824149,0.922424689381692,1.58815584645391,0.508250021511563,0.647273160813245,0.960804538026513
218,10,0.672048918962006,0.411115297291647,0.808333819673735,1.67146164687382,0.518947053741951,0.640689817393992,1.00571503992832
218,11,0.632694865917249,0.394903351071276,0.70982576144903,1.72937591978608,0.5268837332407,0.633825729132874,1.04393891516857
218,12,0.601251280012344,0.384044796482807,0.627702987847818,1.76731187262557,0.53260568383875,0.62710500500542,1.07608966245663
218,13,0.576728288712073,0.37750148280742,0.561120374879741,1.78993663718565,0.536607318566141,0.620801251029789,1.10287982831768
218,14,0.558064608514564,0.374367127228987,0.508436105113718,1.80115195336351,0.539320761304824,0.615071976110464,1.12504459082478
218,15,0.544231031729413,0.37386204277753,0.467709874461005,1.80413679542271,0.541112022792868,0.609988745894899,1.14329382177061
218,16,0.534285964183089,0.375325983174145,0.436984817478064,1.80142133625031,0.542282157956024,0.60556230203504,1.15828395500889
219,1,0.994024234855231,0.888931737641699,0.324452077548891,-0.501780499389172,0.317982588111372,0.607212949524651,0.470556634574535
219,2,1.12961936637085,0.863935531282386,1.12066273202292,-0.0943192806468089,0.370022569668651,0.641135484507818,0.540575453482008
219,3,1.1060058194234,0.764624550589726,1.40757733058537,0.289590776946494,0.414582251509113,0.657160919319149,0.621312751378309
219,4,1.03804607438757,0.673675157464311,1.45246798333042,0.623387356436404,0.452607158414718,0.664422913308247,0.704096818308219
219,5,0.957017211954064,0.598657434990861,1.37745472104746,0.900379059066294,0.484314041531786,0.66567243180395,0.783879155724049
219,6,0.876122046149339,0.538253100450168,1.2491893592252,1.12209750609249,0.510073107219763,0.662681624970308,0.857641847963554
219,7,0.801790784125062,0.49044805475614,1.10490026473142,1.29393005804444,0.530447002174664,0.65688956822339,0.923797494265463
219,8,0.736902935918914,0.453398531969665,0.964634221445549,1.42285330155874,0.546114144588161,0.649454151330014,0.981758526888162
219,9,0.682308572010421,0.425456694169599,0.838288687436712,1.51616104514097,0.557795381588381,0.641263484646092,1.03160068313452
219,10,0.637715551858597,0.40514020732373,0.729856313577908,1.58076854295472,0.566200098866263,0.632963244859834,1.07381051101931
219,11,0.602231892643234,0.391117438199432,0.64000334088203,1.62286495570511,0.571990561942928,0.624994695968535,1.10910420125908
219,12,0.574696681299206,0.382202644716933,0.56762673214257,1.64777491157251,0.5757607338372,0.617635214545665,1.1383025988544
219,13,0.553877900456117,0.377353571824909,0.510782622168234,1.65994228614909,0.578025922485519,0.611036361101997,1.16224827865022
219,14,0.538586253714167,0.375667730190435,0.467228207413798,1.66298193887036,0.579220181648818,0.60525713120021,1.18175305306238
219,15,0.527736195769558,0.376376153994589,0.434726867280036,1.65976576818409,0.579698996161284,0.600291594305828,1.19756693776783
219,16,0.520374097398206,0.378834679729822,0.411209283905059,1.65252252609154,0.579745331638382,0.596090997353785,1.21036191220714
220,1,0.923062273797541,0.824098406316561,0.192271565779409,-0.38704835360083,0.446597377734527,0.573019842207449,0.507418924967689
220,2,1.01258942386634,0.729581603957199,1.00755380862733,-0.0453735415213845,0.469981421263182,0.591537827211571,0.590452719646576
220,3,1.00451656759964,0.635062053391442,1.35216332131778,0.282447468028438,0.495173027950877,0.608955256555463,0.675145087476842
220,4,0.958154922070022,0.560134641375816,1.44504972058228,0.573201504068219,0.518091825041338,0.620990571274625,0.756987192516682
220,5,0.897095188599844,0.502593878303863,1.40547449005924,0.818965842947571,0.537771474753403,0.627810039385215,0.833310825999748
220,6,0.833425622526996,0.45892939538908,1.30235373797136,1.01944841484528,0.554057845938483,0.630475260035016,0.902541006239166
220,7,0.773505923295931,0.426352773223643,1.17522587333578,1.17823185552634,0.56711234395602,0.63011610153264,0.96394900613415
220,8,0.720384967338088,0.402708705405079,1.04598292018393,1.30063661053145,0.577253367890096,0.627718782214279,1.01743630843962
220,9,0.675167492419084,0.386273849018577,0.925957268164677,1.39248892839731,0.584875549258548,0.62407578907268,1.06333451849635
220,10,0.637850274511184,0.375628377038486,0.820264017094174,1.45943671202074,0.590398076838325,0.619788940135053,1.10223977735179
220,11,0.607838016066889,0.369582502450967,0.730457168442101,1.50659945525277,0.594230502257304,0.615292274118967,1.13488741867801
220,12,0.584257946483826,0.367133322506618,0.656142442724335,1.53841890129479,0.59675117525501,0.610881344870902,1.16206329987107
220,13,0.566147346108544,0.367437103731157,0.59594475163168,1.55862690282501,0.598295031246449,0.60674264278608,1.18454476375984
220,14,0.552561174278956,0.369789140281382,0.548077674277875,1.57027848823543,0.599148153849223,0.602980205451013,1.20306391527494
220,15,0.542629864571668,0.373607270311572,0.510668668110811,1.57581811309882,0.59954706143903,0.599638242231163,1.21828691914872
220,16,0.535586424567888,0.378417227109494,0.481935487704021,1.57715970540208,0.599681117280932,0.596719544650553,1.23080436877062
221,1,1.04315952046722,0.809046634530971,0.824370126030072,-0.383844194596971,0.27280175643706,0.604698152727443,0.478691264918604
221,2,1.11651735835565,0.757824823327096,1.43008859892652,0.02401644269309,0.30296395060323,0.609703206199999,0.538258391629863
221,3,1.0948223988166,0.683996119946474,1.64185893492168,0.408627955578253,0.343489000190474,0.629096929051464,0.606887200823232
221,4,1.03716341785915,0.618349267613616,1.64967839922971,0.748193670257567,0.381958557605458,0.643804417340757,0.678926416373175
221,5,0.965823249987955,0.563063246589345,1.55345615263772,1.03566368155139,0.415826093631137,0.651950010989884,0.750060368168236
221,6,0.892283434426601,0.517239427858619,1.41063253773064,1.27122624533389,0.444628915734088,0.65465443517377,0.817363335216218
221,7,0.822780593642815,0.479855566220619,1.25417321761266,1.45882331545899,0.46850910058443,0.653378966775862,0.87907818139357
221,8,0.760465551108935,0.449978723554076,1.10226861910634,1.60415974256973,0.487862726158686,0.649417236884168,0.93433120696667
221,9,0.706615407696039,0.426725763442926,0.964181597233441,1.71352273877149,0.503208862936206,0.643808784705005,0.982873285349263
221,10,0.66138994145299,0.409241153905337,0.843859581319843,1.79309748242462,0.515116010452217,0.637346546174167,1.02487190464536
221,11,0.624312440992223,0.396698594991909,0.742170580140225,1.84859346985715,0.524154036719984,0.630608694911845,1.06075418440433
221,12,0.594574376068115,0.388312872110868,0.658280927921487,1.88506458000735,0.530862748744656,0.623996149398813,1.09109309540539
221,13,0.571226113316606,0.383353278120915,0.59049630813539,1.90684789341032,0.535732681139607,0.617769080691707,1.11652767786219
221,14,0.553293705116632,0.38115455894762,0.536767106297541,1.91757315867301,0.539194930400356,0.612079663807848,1.13770893721033
221,15,0.539847707025577,0.381123965939871,0.494984129957921,1.92021209785963,0.541617522240234,0.60700004058874,1.15526463253658
221,16,0.530040940276132,0.382744326599936,0.463143864726496,1.9171479357559,0.543306314750634,0.602545343702146,1.16977770194366
222,1,1.20945486173392,0.889307310629353,1.33731603601567,-0.915766156636474,0.273420074127406,0.627754929427474,0.399180477396046
222,2,1.28415130887507,0.8870904576231,1.81555103546645,-0.388782762914461,0.276369046637776,0.59636750202346,0.463607417082364
222,3,1.23050218695952,0.803406218417472,1.9096830697989,0.0930068412803757,0.315223078827634,0.619119473191657,0.539878002030104
222,4,1.14382196787815,0.720963973632362,1.83284602363329,0.509242506500264,0.356880796448341,0.641159860651754,0.620108025909873
222,5,1.04904730218361,0.649314001548699,1.67701035076245,0.856836375547165,0.394824902828517,0.655039610591392,0.699097150203071
222,6,0.956659636882625,0.588692694556766,1.49163337929471,1.13933199834287,0.427680033281339,0.66151011479138,0.773563920611775
222,7,0.871864375359488,0.538231626406135,1.30423921177305,1.36328747058501,0.455299686427782,0.662437185525827,0.84163480300069
222,8,0.797057521978686,0.496947057882709,1.12949471559806,1.53646114304717,0.477963126770834,0.659541264679249,0.902428510332465
222,9,0.732975872660464,0.463843294149583,0.974373061152403,1.66678290962248,0.496146340846778,0.654205217374103,0.955735708249748
222,10,0.67938101016494,0.437929735217654,0.841303165944773,1.76177457169628,0.510417197265099,0.647483433566426,1.00178277471033
222,11,0.635490293570193,0.418238182177322,0.730115494384486,1.8282464737867,0.521371326698798,0.640149218502011,1.04106230408357
222,12,0.600250036444398,0.403842349231269,0.63924128545852,1.87216540191185,0.529590035181455,0.632746740516965,1.07421398541786
222,13,0.572506942269672,0.393875444379321,0.566444651459739,1.8986270730766,0.535613522522154,0.625639197294586,1.10194252048225
222,14,0.551113331989317,0.387543556371083,0.50926177824098,1.91189043441434,0.539925357020516,0.619050802862954,1.12496238792779
222,15,0.534989121954898,0.384134215539971,0.465256515971683,1.91544627644018,0.542945162374879,0.613102073182632,1.14396189750231
222,16,0.523155533025936,0.383020390387268,0.432161165928705,1.91210254980961,0.54502712132156,0.607838665878386,1.15958101497028
223,1,1.16533779220965,0.84542973835007,1.30064983203145,-1.32359580614727,0.593247924700299,0.494020638410963,0.418365948044067
223,2,1.22617495784882,0.829632208513148,1.72826860374759,-0.818756588513372,0.580701334795702,0.513639158358542,0.539822940947946
223,3,1.1516902350099,0.724541344892639,1.78598032453711,-0.374273193297344,0.587978048078576,0.547717661413225,0.654143804974206
223,4,1.05591170612537,0.63145735328767,1.69615953908771,-0.00193187288088037,0.598884646976392,0.575067906310681,0.756989968103879
223,5,0.962151793291727,0.558692713736814,1.54429073857274,0.301839089870867,0.609773706103328,0.593986241335866,0.84753790661027
223,6,0.877302623515045,0.503271241111831,1.37317886669651,0.544761692295395,0.619544975269572,0.605979274772952,0.926032702554367
223,7,0.803653935308958,0.461681764001461,1.2053920702281,0.735667184167268,0.62780653245113,0.612795263089385,0.993225933495665
223,8,0.741530083856211,0.431043209941197,1.05217930631166,0.883259642681479,0.634467813543034,0.61591520857799,1.0501376538324
223,9,0.690276295104628,0.409065985590466,0.918271591760635,0.995535147741975,0.639602003102524,0.616502146457291,1.09790807694879
223,10,0.64877083502948,0.393918058402776,0.804719352797197,1.07953176655837,0.643373367962251,0.615436803236629,1.13769834065918
223,11,0.615717209405367,0.384120411110822,0.710595026978662,1.14126313813889,0.64599035713772,0.613367131951848,1.17062671207784
223,12,0.589810194707153,0.378472599349597,0.634006487930823,1.18575271055442,0.647674315000912,0.610755865561932,1.19773071876725
223,13,0.569825710458575,0.375998820418532,0.572688522153881,1.21711935055887,0.648639261938378,0.607922133337462,1.21994750095152
223,14,0.554664652988662,0.375907388957655,0.524336815350053,1.23868509337369,0.649079719417002,0.605076316173286,1.23810641691549
223,15,0.54336931029022,0.377559139793402,0.48678607935704,1.25308807219768,0.64916429877193,0.602348396328003,1.25292952665995
223,16,0.535123888167525,0.380441988045258,0.458095050340782,1.26239117966203,0.649033302120273,0.59981048250948,1.26503687887905
224,1,0.888107821475522,0.677988375820577,1.87659960706584,-1.61085338371171,0.386279034076862,0.47652107522121,0.410709681310767
224,2,0.797064306464724,0.621085538954708,1.62838822834878,-1.30068241174253,0.411721992190514,0.493160847669119,0.524333117426953
224,3,0.676783836391686,0.530089034907244,1.36127910979999,-1.06598515165704,0.41774700248134,0.485358061880924,0.628326047787729
224,4,0.565064751501039,0.44320814893128,1.12099597180558,-0.900116264182103,0.416768552543222,0.471741402124877,0.716497479744063
224,5,0.47302346086976,0.372153266210859,0.920680412390808,-0.790376501633367,0.41202566727368,0.457183686500198,0.788356619216677
224,6,0.401822913640537,0.318566553096608,0.760573481470252,-0.723670298996154,0.404875472287037,0.443273562250676,0.845368002272906
224,7,0.349144457525933,0.28054925299088,0.636185215163833,-0.688498876749928,0.39621084946863,0.430628401739646,0.889608118723677
224,8,0.31173277398488,0.255241848070535,0.54170600705715,-0.675467640877512,0.386727763227377,0.41947841005245,0.923225125895429
224,9,0.28637507957375,0.239807186730462,0.471404804616682,-0.677218713803449,0.37697760331182,0.409857821929793,0.948214493741861
224,10,0.270244417098512,0.231766668754016,0.420161758286023,-0.688166158197644,0.367384804682639,0.401691436557033,0.966333599404298
224,11,0.260985005522042,0.229078306060271,0.383625887493392,-0.704187628063695,0.358261655237864,0.394844177792676,0.979080976604225
224,12,0.256696060969128,0.230116438150984,0.358211789401426,-0.72233227795805,0.349824190530056,0.389152616103014,0.987705853422613
224,13,0.255879350415219,0.233618500974884,0.341030632599763,-0.740565477992962,0.342208463852559,0.384445495267927,0.993231137605611
224,14,0.257377631649667,0.238625154621105,0.3297985373764,-0.757554647886176,0.335486169110161,0.380556825910306,0.996481347333205
224,15,0.260315009416072,0.244423859126455,0.322741982581157,-0.772494060005305,0.329678922978004,0.377333774131777,0.998111167437736
224,16,0.264043353749577,0.25049928785841,0.318509025184555,-0.784964152813613,0.324770835031011,0.374640895907176,0.998632483636765
225,1,1.79388652590973,1.1480637693032,3.39049643467322,-1.63341598597773,0.422545766267225,0.756124509958793,0.354668846776813
225,2,1.57252006765613,1.03187371170584,2.80324521742626,-0.945128730128947,0.497687475201103,0.765274538606895,0.488395393863904
225,3,1.34609996739534,0.891172240354924,2.26522934481858,-0.409259940276563,0.557681495840172,0.758829569079086,0.624248252995704
225,4,1.14945876891045,0.765952747094679,1.80918047501348,-0.00378894335280333,0.60425004699696,0.744222765995438,0.750427447366191
225,5,0.985811111139064,0.661427691781991,1.43348287548112,0.294579980648654,0.639132174201872,0.725308336211731,0.862150341963776
225,6,0.852839520166015,0.576916365137617,1.13001206561698,0.507035678136303,0.664119310541701,0.704615103729224,0.957964523685902
225,7,0.746981378177212,0.510408361653874,0.889246116436228,0.651999769852513,0.68095918431409,0.6838531581057,1.03815882846103
225,8,0.664417763307921,0.459529631592731,0.701688293015688,0.745076959291327,0.691277654968842,0.664136944241936,1.10392204897672
225,9,0.601436157154852,0.421871989300888,0.558450573776487,0.799216870678925,0.696531386322981,0.646138674136433,1.15686165155413
225,10,0.554602743146453,0.395149930599821,0.451521525473143,0.824967818247817,0.697985361871619,0.630207222410366,1.19872330994271
225,11,0.520844324079291,0.377281160833328,0.373869608179219,0.830767164293106,0.696708146269547,0.616461520614975,1.23122915323814
225,12,0.497478137062192,0.366423787388992,0.319451354032216,0.823237396711036,0.693579095983779,0.60486322041959,1.25598791629116
225,13,0.482210199658623,0.36098696529593,0.283164383088712,0.807470090684494,0.689303092696607,0.595272341507747,1.27444915482228
225,14,0.473114859709962,0.359625132791242,0.260769985727738,0.787287787394084,0.68442951129914,0.587489060060355,1.28788457852081
225,15,0.468603697080595,0.361222352806508,0.248800930679358,0.765478770938361,0.679373039837314,0.581284338298809,1.29738598791611
225,16,0.467389121727784,0.364871075759816,0.244464469265745,0.744002880502063,0.674434678521422,0.576421689017269,1.30387317199308
226,1,1.57227224112361,1.04053417351579,2.71179464473866,-1.39310804752485,0.441590140437259,0.711658650386418,0.378163191284612
226,2,1.43765781246285,0.977724258961089,2.3504671776418,-0.791401822587032,0.505631073874685,0.728987216584407,0.520412637523547
226,3,1.24980750313737,0.850231618946218,1.9451035519738,-0.316812153657388,0.555611194466171,0.726486860716622,0.654722260148862
226,4,1.08008544148434,0.734262873324874,1.58065505344256,0.0449259590015965,0.594292797119155,0.715759133842369,0.774714265449561
226,5,0.937371423251307,0.63843280491646,1.27093893167535,0.313048995894567,0.623295959886719,0.700880205315361,0.87864083156919
226,6,0.820770479320064,0.561749935180715,1.01554677452695,0.505675802442139,0.644106513229753,0.684148449220777,0.966629794017243
226,7,0.727521662617811,0.50184174293211,0.809885663717895,0.638732223426347,0.658156499820494,0.667080005826684,1.03973308672048
226,8,0.654464041675433,0.456219774708227,0.647868790262875,0.72579208576722,0.666783040366865,0.650674303951588,1.09945214891732
226,9,0.598458226224534,0.422529996776896,0.523049679056603,0.778171084633799,0.671190268968861,0.635550592366047,1.14746381763966
226,10,0.55656712846873,0.398628508898026,0.429206903216297,0.805121446239781,0.672428601659427,0.622047486833832,1.18545712595173
226,11,0.526142683813627,0.382610360146182,0.360646635536697,0.814068956938283,0.671388703350249,0.610301400328332,1.21503792556851
226,12,0.504861345909551,0.37281673144708,0.312340097334071,0.810861418429951,0.668805840328573,0.600308346728111,1.23767634950492
226,13,0.490728743848688,0.367829129895014,0.279962373093843,0.800010603521957,0.66527095097401,0.591971858868302,1.25468160974587
226,14,0.48206573317931,0.366455384868099,0.259873463514713,0.784917486210725,0.661245624547599,0.585139367532583,1.26719421818785
226,15,0.477483720783643,0.367710673348121,0.249067226126869,0.768075382684243,0.657078921269837,0.579629140489434,1.27618916837229
226,16,0.475854447669201,0.370795874251655,0.245104348066894,0.75124875852514,0.653024565631547,0.575249630220742,1.28248579497747
227,1,1.39373185409011,1.1062314554109,1.58489539975457,-1.29879522410558,0.504564426703873,0.752978377923134,0.367396966181943
227,2,1.30217252665274,0.963648367371962,1.74533008196352,-0.768121838910906,0.51373836929376,0.688511045732187,0.496926805574929
227,3,1.1752823726821,0.82396638251159,1.6801886982848,-0.324922838752515,0.547510196651746,0.680680277214406,0.621039636200091
227,4,1.04794420594274,0.708372222875971,1.51840064980154,0.031124027294023,0.579045261446558,0.677310768998189,0.733950201931777
227,5,0.931380307423944,0.615831841105462,1.32316768015233,0.308502157164559,0.604276820570054,0.671081158483406,0.833625458912853
227,6,0.829889752860856,0.542963612087393,1.12786347132729,0.518299623978193,0.623235763730407,0.662156118060495,0.919659583874523
227,7,0.744600713381114,0.486569508217543,0.949338539905118,0.672019882603305,0.636719998040254,0.651670125881757,0.992540566361701
227,8,0.674953757437849,0.443859061141669,0.794895366582085,0.780517997822069,0.645653447851662,0.640628187801611,1.05326928042572
227,9,0.619517076098393,0.412410386938527,0.666402687394206,0.853489864064156,0.650933387051103,0.629762835094284,1.10311503607732
227,10,0.576473872226416,0.39012370164011,0.562779792853273,0.899275264159023,0.653379080879719,0.619559171011838,1.14345127758967
227,11,0.543912880401769,0.375187245380849,0.481488630611095,0.924841813255413,0.653710329073999,0.610305372127897,1.17564734439236
227,12,0.519995350398658,0.366050527965128,0.419413724541199,0.935868988895785,0.65254003518804,0.602141476307174,1.20100060166002
227,13,0.503044325820922,0.361400543205648,0.373364671123843,0.936882417311733,0.650375270152106,0.595101046437507,1.22069723506909
227,14,0.491585517127883,0.360138895890592,0.340347435324179,0.931407985290386,0.647623712674981,0.589144983719727,1.23579291894643
227,15,0.484358576196669,0.361359191246354,0.317695642303125,0.922127643336568,0.644603292333279,0.584188024359965,1.24720688307125
227,16,0.480310847012258,0.364324724507275,0.303118692804798,0.911026562746247,0.641553456531961,0.580118853149291,1.25572470164275
228,1,1.67450649771026,1.08611437960509,3.16622307300175,-1.52719243380948,0.660101651425386,0.73520470746466,0.416201969701824
228,2,1.48024576296636,1.05033292440427,2.44299508500301,-0.892942252189573,0.666938559741663,0.696267534407787,0.585974453660782
228,3,1.23854090259071,0.907312224904369,1.81630581303886,-0.418300532606074,0.69002126449143,0.688339122806947,0.737318218537491
228,4,1.03741867973196,0.775196098113994,1.33723018726314,-0.075666186800406,0.709638312497071,0.680245168159244,0.865845799883119
228,5,0.879726806477651,0.667269746216589,0.979465124561257,0.164552365122999,0.723264403812696,0.668971115423774,0.972067463904219
228,6,0.758453823968495,0.582190906407971,0.715047005430094,0.32698316560879,0.731417362289882,0.655772617468086,1.05809730764143
228,7,0.666573927830548,0.516665373816319,0.521958182864969,0.431306694531158,0.735112227617915,0.642059100486917,1.12657106580647
228,8,0.598137535192191,0.467365553074251,0.383379630546088,0.493052615422722,0.735370659056379,0.628824420441676,1.18017773221722
228,9,0.54823220085039,0.431275207017255,0.286396197265862,0.524360376043384,0.733110799403943,0.616672982752483,1.22144173956169
228,10,0.512827859964481,0.405760365013385,0.221006678744404,0.534619226027712,0.729118640218639,0.605919662321221,1.25262844197287
228,11,0.488634113186816,0.388571319239865,0.179420892674427,0.530998066929813,0.724043710775893,0.59667830612793,1.27571350626142
228,12,0.472980278243013,0.377819250826643,0.155556427983548,0.518883663112175,0.718405412736967,0.588929620739381,1.2923852625388
228,13,0.463714879317893,0.371942143890146,0.144669330238911,0.502243052828792,0.71260492718069,0.582571262846678,1.30406337886336
228,14,0.459120672762385,0.369666843290535,0.143075561411259,0.483922810517974,0.706939896363932,0.57745400580519,1.31192486728972
228,15,0.457842219509392,0.369970880131131,0.147935515378143,0.465895316902383,0.701620066477282,0.573407259430163,1.31693257296251
228,16,0.458823841113837,0.372046023961017,0.157083734992608,0.449460346944478,0.696782691064023,0.570256531223366,1.31986355370973
229,1,1.42402344099126,1.04072700209371,2.11553732358777,-1.26905126347936,0.508247556727068,0.630386133742984,0.498579642860128
229,2,1.27228996220624,0.929017619558869,1.79875881791812,-0.768991850521542,0.566207215967895,0.676722559773812,0.634184873672023
229,3,1.10767700227086,0.804298858382561,1.47479375606813,-0.380309607948863,0.601581234024887,0.68230975186614,0.75513148246945
229,4,0.964474055054449,0.698281593405486,1.18807358616833,-0.0864775955339825,0.626960545226712,0.676560512117284,0.859601210900661
229,5,0.845870365700095,0.612578015669525,0.946497111558401,0.129933317129914,0.645322160366989,0.66638293423758,0.947941174492708
229,6,0.749978256989162,0.544796508879742,0.749122341971717,0.284596763743588,0.658015325639604,0.65430188704506,1.02135175538771
229,7,0.673958223715202,0.492212134610066,0.59193417374899,0.391002368883803,0.666091819808424,0.641682242464535,1.08140905430466
229,8,0.614858131796843,0.4522967428644,0.469773320289444,0.460479716445423,0.670496542634715,0.629376000610073,1.129816584735
229,9,0.569872724256658,0.422797395093852,0.377248259325775,0.502361817288794,0.672076359202168,0.617910061055684,1.16826177124492
229,10,0.536451424279069,0.401741993970097,0.309211856470985,0.524202441822979,0.671569881471979,0.607580638613274,1.19833375265204
229,11,0.512342249196876,0.387428171022316,0.261000013925297,0.532009890495703,0.669602863261189,0.598519146230597,1.22147951002966
229,12,0.495601079837509,0.378405579743265,0.228531504978484,0.5304770812596,0.66669060518958,0.590742485067798,1.23898422466331
229,13,0.484580970327423,0.373454714478802,0.208326978718399,0.523196880403165,0.663245394466392,0.5841916758507,1.25196686918713
229,14,0.477910257875251,0.371563960718592,0.197482423892323,0.512857000104197,0.659586981091692,0.578761083148469,1.26138520398803
229,15,0.474464968841398,0.371906069869687,0.193618726372525,0.501412105528607,0.655954540567745,0.574320024211557,1.26804636393075
229,16,0.473339010936595,0.373814939510217,0.194820532973558,0.490232814188313,0.652519008473456,0.570728290032862,1.27262051579469
